"ID","time","lon","lat","x","y"
4155777,2011-12-13 00:22:57,7.231573465,-69.89723462,184.721858082006,-954.316328211185
4155777,2011-12-13 00:52:57,7.25831616,-69.82244958,188.70484105961,-946.835443668972
4155777,2011-12-13 01:22:57,7.311297339,-69.71319766,195.040931954791,-936.105250924503
4155777,2011-12-13 01:52:57,7.389326812,-69.59585736,202.639500736177,-924.886674070788
4155777,2011-12-13 02:22:57,7.488740201,-69.48424186,210.820946452614,-914.586180833004
4155777,2011-12-13 02:52:57,7.58630658,-69.3721707,218.987584700911,-904.228620883177
4155777,2011-12-13 03:22:57,7.669772191,-69.26240971,226.569957263886,-893.925427356614
4155777,2011-12-13 03:52:57,7.706240444,-69.21023808,230.064706236326,-888.986074959876
4155777,2011-12-13 04:22:57,7.704901249,-69.20691751,230.151002583282,-888.618455402216
4155777,2011-12-13 04:52:57,7.702407245,-69.20547589,230.117217773879,-888.430986146473
4155777,2011-12-13 05:22:57,7.690113208,-69.19836607,229.950606636318,-887.506496344624
4155777,2011-12-13 05:52:57,7.57122283,-69.14355605,227.752792585639,-880.028555694023
4155777,2011-12-13 06:22:57,7.407078487,-69.06291767,224.875300436595,-869.183834665874
4155777,2011-12-13 06:52:57,7.216891284,-68.93619883,222.808096049383,-853.118516902223
4155777,2011-12-13 07:22:57,7.006675684,-68.84029449,218.658341924428,-840.002981031123
4155777,2011-12-13 07:52:57,6.783450686,-68.76480934,213.126099691374,-828.858882931324
4155777,2011-12-13 08:22:57,6.52334192,-68.66252097,207.145754669935,-814.375349541064
4155777,2011-12-13 08:52:57,6.13840066,-68.54097685,196.956265184483,-796.121756480362
4155777,2011-12-13 09:22:57,5.844660395,-68.46439649,188.439879621603,-783.935781959859
4155777,2011-12-13 09:52:57,5.416702141,-68.37540059,175.026250865832,-768.636920702175
4155777,2011-12-13 10:22:57,4.992650746,-68.28572166,161.618588089817,-753.396805322041
4155777,2011-12-13 10:52:57,4.525271577,-68.18222188,146.806361425935,-736.193753488821
4155777,2011-12-13 11:22:57,4.285177223,-68.12776425,139.158352514499,-727.255713079177
4155777,2011-12-13 11:52:57,4.036864764,-68.07144223,131.187826445377,-718.038189432675
4155777,2011-12-13 12:22:57,3.626581904,-67.97802401,117.895257138772,-702.82971394498
4155777,2011-12-13 12:52:57,3.259592937,-67.87779298,106.4099518776,-687.500297601254
4155777,2011-12-13 13:22:57,2.940256668,-67.78779284,96.378319433057,-673.907360131147
4155777,2011-12-13 13:52:57,2.816307161,-67.76045077,92.2088774921185,-669.459323770701
4155777,2011-12-13 14:22:57,2.78727814,-67.76076264,91.0156827835565,-669.141204591835
4155777,2011-12-13 14:52:57,2.656786985,-67.7475677,86.1136702041938,-666.146903217765
4155777,2011-12-13 15:22:57,2.615052205,-67.74806696,84.3946336426268,-665.699506303029
4155777,2011-12-13 15:52:57,2.614362964,-67.75237645,84.2301461741554,-666.155262805549
4155777,2011-12-13 16:22:57,2.606457126,-67.75447941,83.841023547036,-666.286924162499
4155777,2011-12-13 16:52:57,2.485811624,-67.72990426,79.6889516145052,-662.198376000486
4155777,2011-12-13 17:22:57,2.057256661,-67.64090762,64.8862431276189,-647.550039326789
4155777,2011-12-13 17:52:57,1.748071374,-67.55715716,54.6901594583801,-634.926910653107
4155777,2011-12-13 18:22:57,1.429702219,-67.47426878,43.9786469756189,-622.336344525917
4155777,2011-12-13 18:52:57,1.143911614,-67.44437162,32.9797883407648,-615.895852406973
4155777,2011-12-13 19:22:57,0.896205728,-67.41109837,23.6215740542261,-609.555386714437
4155777,2011-12-13 19:52:57,0.749318141,-67.38123186,18.3401146765302,-604.712831482738
4155777,2011-12-13 20:22:57,0.571170818,-67.35837813,11.5359250279603,-600.306172598288
4155777,2011-12-13 20:52:57,0.393222263,-67.3277939,4.93408635981973,-595.080642803086
4155777,2011-12-13 21:22:57,0.310558603,-67.30397647,2.12278002923654,-591.615047008119
4155777,2011-12-13 21:52:57,0.258920795,-67.2927423,0.262854392400186,-589.84780226406
4155777,2011-12-13 22:22:57,0.232481895,-67.28987661,-0.769195783656642,-589.257193166279
4155777,2011-12-13 22:52:57,0.167505204,-67.27679498,-3.14300967832128,-587.15103658151
4155777,2011-12-13 23:22:57,0.035473413,-67.24852367,-7.93235349296856,-582.694602218625
4155777,2011-12-13 23:52:57,-0.192748115,-67.19195743,-16.0443015523383,-574.175426140532
4155777,2011-12-14 00:22:57,-0.342633152,-67.15284519,-21.3496919148413,-568.381181824931
4155777,2011-12-14 00:52:57,-0.370511518,-67.15065179,-22.4722933883213,-567.858140664092
4155777,2011-12-14 01:22:57,-0.428547664,-67.14271466,-24.722366735075,-566.403667566543
4155777,2011-12-14 01:52:57,-0.431227323,-67.14614024,-24.9252413582103,-566.749647511501
4155777,2011-12-14 02:22:57,-0.643099522,-67.07893917,-32.1739444349889,-557.290500619358
4155777,2011-12-14 02:52:57,-0.729284584,-67.04561203,-34.9860569640539,-552.795415182068
4155777,2011-12-14 03:22:57,-0.735662665,-67.03678822,-35.0323293261963,-551.76961074424
4155777,2011-12-14 03:52:57,-0.739035707,-67.03760651,-35.1968649259231,-551.825222033431
4155777,2011-12-14 04:22:57,-0.740609661,-67.03962466,-35.3153955879338,-552.029615853708
4155777,2011-12-14 04:52:57,-0.741033431,-67.04200849,-35.3942725842312,-552.285350807651
4155777,2011-12-14 05:22:57,-0.750469098,-67.03122496,-35.5210552812412,-551.015379098285
4155777,2011-12-14 05:52:57,-0.761316432,-67.02294279,-35.7721309080998,-550.004129775498
4155777,2011-12-14 06:22:57,-0.765623125,-67.02076462,-35.9001862672417,-549.723705901008
4155777,2011-12-14 06:52:57,-0.764608856,-67.02182979,-35.8840905185637,-549.849969669988
4155777,2011-12-14 07:22:57,-0.802830975,-66.99911283,-36.9360863938127,-546.992177890447
4155777,2011-12-14 07:52:57,-0.841690628,-66.97410172,-37.9605903869624,-543.878186622424
4155777,2011-12-14 08:22:57,-0.865387142,-66.9341961,-37.9639302417916,-539.289724245561
4155777,2011-12-14 08:52:57,-0.866323259,-66.93168721,-37.9405702293257,-539.006722146565
4155777,2011-12-14 09:22:57,-0.86542194,-66.93316091,-37.9392517882789,-539.176439594914
4155777,2011-12-14 09:52:57,-0.864369108,-66.93473822,-37.9340749544949,-539.358962568743
4155777,2011-12-14 10:22:57,-0.871447863,-66.92904715,-38.0931641690156,-538.667887970842
4155777,2011-12-14 10:52:57,-0.864789498,-66.91296872,-37.4017877946387,-536.979722983128
4155777,2011-12-14 11:22:57,-0.940365108,-66.8649621,-39.4320691397077,-530.992991778978
4155777,2011-12-14 11:52:57,-0.945312355,-66.86354229,-39.6087456600615,-530.789150967524
4155777,2011-12-14 12:22:57,-0.967009783,-66.81013639,-39.2007206829401,-524.746113598517
4155777,2011-12-14 12:52:57,-0.971330524,-66.79621236,-39.0375870990383,-523.183671949382
4155777,2011-12-14 13:22:57,-0.968349097,-66.79233396,-38.8120085852865,-522.789843009424
4155777,2011-12-14 13:52:57,-0.962436408,-66.79075769,-38.5179056334098,-522.676290364729
4155777,2011-12-14 14:22:57,-1.024306111,-66.76696871,-40.5881337345143,-519.468571805354
4155777,2011-12-14 14:52:57,-1.077276788,-66.67233901,-40.5189600689175,-508.61509079491
4155777,2011-12-14 15:22:57,-1.195308817,-66.5532652,-42.6953608031824,-494.45037892644
4155777,2011-12-14 15:52:57,-1.329378604,-66.44190591,-45.8155246009865,-480.972025042799
4155777,2011-12-14 16:22:57,-1.372268199,-66.33678072,-45.138478760103,-469.06391803383
4155777,2011-12-14 16:52:57,-1.423570894,-66.18192969,-43.6494061433825,-451.634838179615
4155777,2011-12-14 17:22:57,-1.462697251,-66.10131796,-43.4379581291585,-442.438515747478
4155777,2011-12-14 17:52:57,-1.480716774,-66.04441633,-42.8695453450198,-436.040017587502
4155777,2011-12-14 18:22:57,-1.4489407,-65.98236414,-39.9628259456151,-429.565179249367
4155777,2011-12-14 18:52:57,-1.462276654,-65.97845596,-40.4630781357305,-429.007024003048
4155777,2011-12-14 19:22:57,-1.488773556,-65.96229307,-41.2560808734268,-426.979865664257
4155777,2011-12-14 19:52:57,-1.490396257,-65.90350652,-39.9179897999554,-420.534448148894
4155777,2011-12-14 20:22:57,-1.451810615,-65.88533423,-37.7560113387301,-418.925961968732
4155777,2011-12-14 20:52:57,-1.342817698,-65.84301688,-31.8554535305689,-415.376070055891
4155777,2011-12-14 21:22:57,-1.268659765,-65.80812584,-27.6838669559609,-412.300645170351
4155777,2011-12-14 21:52:57,-1.240288542,-65.78742736,-25.906300487992,-410.322167816854
4155777,2011-12-14 22:22:57,-1.235438912,-65.78388519,-25.6021624836985,-409.983624366354
4155777,2011-12-14 22:52:57,-1.238814777,-65.78606555,-25.8069142141719,-410.188092712519
4155777,2011-12-14 23:22:57,-1.134259766,-65.70694282,-19.1693969797177,-402.594395109052
4155777,2011-12-14 23:52:57,-1.109609364,-65.63432461,-16.271984175328,-394.909382743966
4155777,2011-12-15 00:22:57,-1.074157372,-65.51864461,-11.818434264293,-382.630725405691
4155777,2011-12-15 00:52:57,-1.135927296,-65.40181203,-11.7520469222873,-369.231498335354
4155777,2011-12-15 01:22:57,-1.187188665,-65.30623245,-11.7522198831894,-358.260288311848
4155777,2011-12-15 01:52:57,-1.233344825,-65.18563186,-10.928926346455,-344.603654058214
4155777,2011-12-15 02:22:57,-1.238463349,-65.12312202,-9.6450153861424,-337.716293358777
4155777,2011-12-15 02:52:57,-1.237840243,-65.11541524,-9.42907507801556,-336.879962495494
4155777,2011-12-15 03:22:57,-1.24334114,-65.11402135,-9.64863554524845,-336.671250097907
4155777,2011-12-15 03:52:57,-1.249922528,-65.11312018,-9.92996936964892,-336.505383464158
4155777,2011-12-15 04:22:57,-1.256915214,-65.11274589,-10.2430632254268,-336.392956554923
4155777,2011-12-15 04:52:57,-1.265491148,-65.08881389,-10.0579938013634,-333.688211904002
4155777,2011-12-15 05:22:57,-1.215213936,-65.06063601,-7.05398644435013,-331.122110090555
4155777,2011-12-15 05:52:57,-1.209708883,-65.05621443,-6.69227322802294,-330.695191405866
4155777,2011-12-15 06:22:57,-1.131549086,-65.04831899,-2.89098801130649,-330.637429325748
4155777,2011-12-15 06:52:57,-1.074347487,-65.04299315,-0.119252934050337,-330.647739241208
4155777,2011-12-15 07:22:57,-1.077331509,-65.04461731,-0.296934729803525,-330.794292110661
4155777,2011-12-15 07:52:57,-1.078808025,-65.04644711,-0.410053205679333,-330.978971522745
4155777,2011-12-15 08:22:57,-1.041829504,-65.03575683,1.5603572623229,-330.194801620282
4155777,2011-12-15 08:52:57,-0.930096087,-65.01692654,7.18700526728753,-329.304862546139
4155777,2011-12-15 09:22:57,-0.844504766,-65.00778226,11.3692014158175,-329.207099466967
4155777,2011-12-15 09:52:57,-0.839980876,-65.00785913,11.5763062190601,-329.263286894397
4155777,2011-12-15 10:22:57,-0.834968424,-65.00760475,11.8142572224679,-329.288471475813
4155777,2011-12-15 10:52:57,-0.786860851,-65.0096846,13.9847182246124,-330.024959624629
4155777,2011-12-15 11:22:57,-0.7446369,-65.01097734,15.9025766929901,-330.614570741352
4155777,2011-12-15 11:52:57,-0.739302516,-65.00962378,16.1829984967442,-330.523513139496
4155777,2011-12-15 12:22:57,-0.734361979,-65.00790465,16.4544495308876,-330.388370262267
4155777,2011-12-15 12:52:57,-0.695730889,-65.03030888,17.6733468681323,-333.246288935542
4155777,2011-12-15 13:22:57,-0.649086514,-65.05630071,19.1674496280959,-336.582035294807
4155777,2011-12-15 13:52:57,-0.604705325,-65.04922095,21.3928110302011,-336.284566078307
4155777,2011-12-15 14:22:57,-0.563869567,-65.03975687,23.5162705697214,-335.690388677839
4155777,2011-12-15 14:52:57,-0.523427095,-65.02204747,25.8332989971743,-334.193674042785
4155777,2011-12-15 15:22:57,-0.460345839,-64.9912413,29.5334688807191,-331.515112059394
4155777,2011-12-15 15:52:57,-0.439382653,-64.97776262,30.8477005601965,-330.272275258084
4155777,2011-12-15 16:22:57,-0.408082074,-64.96124968,32.7187357394582,-328.811583946052
4155777,2011-12-15 16:52:57,-0.372447741,-64.93895556,34.9409535629977,-326.768696786427
4155777,2011-12-15 17:22:57,-0.364592502,-64.93138791,35.499618854054,-326.029147365053
4155777,2011-12-15 17:52:57,-0.377349658,-64.91552778,35.3181334504809,-324.159443898233
4155777,2011-12-15 18:22:57,-0.418165038,-64.88884769,34.1138517747927,-320.802645744656
4155777,2011-12-15 18:52:57,-0.515909229,-64.8649548,30.191968814132,-317.131332202331
4155777,2011-12-15 19:22:57,-0.716076694,-64.80178822,22.4885114331662,-308.075734203359
4155777,2011-12-15 19:52:57,-1.028086585,-64.67068238,11.1822075721436,-290.435345670151
4155777,2011-12-15 20:22:57,-1.28126473,-64.55100761,2.21051018266439,-274.701727425449
4155777,2011-12-15 20:52:57,-1.423316674,-64.47644518,-2.69794030144703,-265.07511701829
4155777,2011-12-15 21:22:57,-1.534244875,-64.40474137,-6.24069355479332,-256.088074877372
4155777,2011-12-15 21:52:57,-1.660314225,-64.33493495,-10.5775353858871,-247.159381686912
4155777,2011-12-15 22:22:57,-1.925433586,-64.19725993,-20.0172204599462,-229.404818142169
4155777,2011-12-15 22:52:57,-2.124319407,-64.0720105,-26.6953729807628,-213.697310514367
4155777,2011-12-15 23:22:57,-2.35682611,-63.92707773,-34.6558343252734,-195.517845952647
4155777,2011-12-15 23:52:57,-2.585463058,-63.74964792,-41.8519116834859,-173.829086554425
4155777,2011-12-16 00:22:57,-2.769744484,-63.56886047,-46.957943038095,-152.209678995197
4155777,2011-12-16 00:52:57,-2.908432191,-63.39169142,-50.0181327937555,-131.425339537864
4155777,2011-12-16 01:22:57,-2.985065761,-63.20445455,-49.8823571907451,-110.118550660477
4155777,2011-12-16 01:52:57,-3.166474415,-63.02686079,-55.2374806947989,-88.8860968592398
4155777,2011-12-16 02:22:57,-3.40259062,-62.8417339,-63.3139549851539,-66.329647265009
4155777,2011-12-16 02:52:57,-3.55746531,-62.6454374,-67.2180007803327,-43.3025651254538
4155777,2011-12-16 03:22:57,-3.670407042,-62.44530998,-69.0221866101126,-20.2362515245577
4155777,2011-12-16 03:52:57,-3.687344512,-62.23781557,-65.8364392944673,2.77391353331859
4155777,2011-12-16 04:22:57,-3.736350152,-62.03385738,-64.3983205444092,25.6900894153878
4155777,2011-12-16 04:52:57,-3.771943256,-61.81800233,-62.0738763922898,49.7993795794209
4155777,2011-12-16 05:22:57,-3.770187224,-61.62513292,-58.2659080631781,71.0380231085219
4155777,2011-12-16 05:52:57,-3.712431191,-61.42511766,-51.369343128104,92.5488736923326
4155777,2011-12-16 06:22:57,-3.672504281,-61.20030278,-44.907875108102,116.95339967255
4155777,2011-12-16 06:52:57,-3.593339349,-61.02763328,-37.3374075940794,135.238782892969
4155777,2011-12-16 07:22:57,-3.544561011,-60.80833395,-30.4501707066042,158.942510353349
4155777,2011-12-16 07:52:57,-3.457198177,-60.59380856,-21.5375756610788,181.744636039813
4155777,2011-12-16 08:22:57,-3.365765076,-60.38017746,-12.3658156393583,204.396547708195
4155777,2011-12-16 08:52:57,-3.289455924,-60.16202589,-3.87757572635724,227.683056206227
4155777,2011-12-16 09:22:57,-3.213433734,-59.95883247,4.34423240640513,249.315109572201
4155777,2011-12-16 09:52:57,-3.138293326,-59.75881513,12.4975620671914,270.597066838857
4155777,2011-12-16 10:22:57,-3.13665943,-59.63885379,14.9853912703677,283.796743265455
4155777,2011-12-16 10:52:57,-3.136392804,-59.51954526,17.3815206070578,296.939059262043
4155777,2011-12-16 11:22:57,-3.118719547,-59.30418285,22.6687298860982,320.488915934922
4155777,2011-12-16 11:52:57,-3.101304077,-59.08903211,27.940829144602,344.018866973835
4155777,2011-12-16 12:22:57,-3.079216609,-58.90480657,32.8669953707902,364.093413121061
4155777,2011-12-16 12:52:57,-3.056765769,-58.72470161,37.7387879922778,383.709961604484
4155777,2011-12-16 13:22:57,-3.037514674,-58.52660009,42.7917172764824,405.343170856499
4155777,2011-12-16 13:52:57,-3.032773662,-58.35089678,46.5627396326499,424.659836946303
4155777,2011-12-16 14:22:57,-3.030712333,-58.26755249,48.3393993952998,433.825101549027
4155777,2011-12-16 14:52:57,-3.042553728,-58.20250398,48.942748678367,441.119602744476
4155777,2011-12-16 15:22:57,-3.127480648,-58.09293127,46.157539006314,454.086924212195
4155777,2011-12-16 15:52:57,-3.195300305,-58.05138416,43.0102841787727,459.373044022731
4155777,2011-12-16 16:22:57,-3.248851411,-58.06763571,39.5630609972638,458.134723754567
4155777,2011-12-16 16:52:57,-3.339262639,-58.02564309,35.0901068474327,463.695657491882
4155777,2011-12-16 17:22:57,-3.393712583,-57.9923133,32.5440806309987,467.928818740106
4155777,2011-12-16 17:52:57,-3.414502297,-57.97048959,31.7446884118424,470.548245692959
4155777,2011-12-16 18:22:57,-3.450211894,-57.91615122,30.6897174702601,476.906353289619
4155777,2011-12-16 18:52:57,-3.476169242,-57.85934509,30.2480550776238,483.437483121563
4155777,2011-12-16 19:22:57,-3.526101064,-57.75273902,29.3321307676918,495.706810918628
4155777,2011-12-16 19:52:57,-3.599401363,-57.66509878,26.6565339065853,506.118997979073
4155777,2011-12-16 20:22:57,-3.65396695,-57.61568702,24.3535592034541,512.121406177987
4155777,2011-12-16 20:52:57,-3.715399742,-57.57353209,21.4985772754906,517.389748191561
4155777,2011-12-16 21:22:57,-3.753128338,-57.56763561,19.3701828543267,518.416942929357
4155777,2011-12-16 21:52:57,-3.771814661,-57.58356304,17.9670265239167,516.844463172772
4155777,2011-12-16 22:22:57,-3.758494809,-57.64716543,17.5782981498451,509.69063796654
4155777,2011-12-16 22:52:57,-3.699862479,-57.69694061,20.1207997768256,503.612104315699
4155777,2011-12-16 23:22:57,-3.678719455,-57.72621705,20.8234238339166,500.169419331039
4155777,2011-12-16 23:52:57,-3.618027239,-57.78949583,23.2180255667051,492.577416906119
4155777,2011-12-17 00:22:57,-3.531813014,-57.87848058,26.612771046488,481.889591562227
4155777,2011-12-17 00:52:57,-3.511247598,-57.95309208,26.4039472131828,473.449283726431
4155777,2011-12-17 01:22:57,-3.505233269,-57.98037477,26.2377743536717,470.378304020597
4155777,2011-12-17 01:52:57,-3.425673954,-58.05246382,29.5189509337742,461.618882798985
4155777,2011-12-17 02:22:57,-3.429671038,-58.05691803,29.1998271763807,461.168133115011
4155777,2011-12-17 02:52:57,-3.428603477,-58.05921966,29.2181367364878,460.903383487474
4155777,2011-12-17 03:22:57,-3.428385349,-58.06123145,29.1923286153337,460.679237609656
4155777,2011-12-17 03:52:57,-3.428451104,-58.06368055,29.1415384789107,460.409734471972
4155777,2011-12-17 04:22:57,-3.427379254,-58.06722866,29.1361823688376,460.00743847957
4155777,2011-12-17 04:52:57,-3.41325466,-58.09939321,29.3443675396804,456.315763259893
4155777,2011-12-17 05:22:57,-3.351009053,-58.21030601,30.8370483226854,443.448078812218
4155777,2011-12-17 05:52:57,-3.276808333,-58.29034538,33.5985410573942,433.862259338001
4155777,2011-12-17 06:22:57,-3.261152028,-58.28866124,34.5405189299204,433.887361924991
4155777,2011-12-17 06:52:57,-3.245209431,-58.28701012,35.4985417601647,433.905654479082
4155777,2011-12-17 07:22:57,-3.228778154,-58.28497307,36.4925506112693,433.961237261429
4155777,2011-12-17 07:52:57,-3.212338453,-58.28333681,37.4792883729147,433.972290460705
4155777,2011-12-17 08:22:57,-3.195271118,-58.28188235,38.498976178171,433.956569820125
4155777,2011-12-17 08:52:57,-3.177028401,-58.28030967,39.5893015059096,433.941462909263
4155777,2011-12-17 09:22:57,-3.157089925,-58.27864156,40.780052161,433.919007360223
4155777,2011-12-17 09:52:57,-3.134491166,-58.2830175,42.0062868544499,433.20223101513
4155777,2011-12-17 10:22:57,-3.115896065,-58.3042861,42.6662525068002,430.6643462567
4155777,2011-12-17 10:52:57,-3.144565551,-58.27323929,41.6137830635669,434.384796854457
4155777,2011-12-17 11:22:57,-3.180518255,-58.26397992,39.7070992334902,435.77802728997
4155777,2011-12-17 11:52:57,-3.214959275,-58.26483808,37.6890682864528,436.039050249095
4155777,2011-12-17 12:22:57,-3.269741149,-58.26496386,34.5032864808363,436.588706676453
4155777,2011-12-17 12:52:57,-3.340707896,-58.24097125,30.8433793269528,439.960888107782
4155777,2011-12-17 13:22:57,-3.420584241,-58.19249312,27.1289404554682,446.120528748605
4155777,2011-12-17 13:52:57,-3.468488071,-58.14781528,25.1929199328431,451.534065868809
4155777,2011-12-17 14:22:57,-3.509757275,-58.11984228,23.3185282583968,455.036607053648
4155777,2011-12-17 14:52:57,-3.549413118,-58.00632643,23.1564379872036,467.960412239993
4155777,2011-12-17 15:22:57,-3.570781757,-57.94152386,23.1304571002017,475.32582508611
4155777,2011-12-17 15:52:57,-3.569841424,-57.93672782,23.2763199288386,475.845594322647
4155777,2011-12-17 16:22:57,-3.577725708,-57.91870926,23.1540103905386,477.913165355735
4155777,2011-12-17 16:52:57,-3.592331719,-57.9018435,22.614503108334,479.921057228599
4155777,2011-12-17 17:22:57,-3.593936386,-57.90165199,22.523841634704,479.958304227318
4155777,2011-12-17 17:52:57,-3.599369868,-57.90215681,22.1951071890708,479.957139860815
4155777,2011-12-17 18:22:57,-3.604795389,-57.91478854,21.6383326810835,478.617618215379
4155777,2011-12-17 18:52:57,-3.605494807,-57.92140188,21.4726331692511,477.894827796064
4155777,2011-12-17 19:22:57,-3.604851603,-57.926365,21.4168636074912,477.34068285276
4155777,2011-12-17 19:52:57,-3.609450787,-57.93332358,21.0157465626139,476.618885346664
4155777,2011-12-17 20:22:57,-3.619076359,-57.93592977,20.4016743389493,476.427701968349
4155777,2011-12-17 20:52:57,-3.45986506,-57.87791198,30.8526751535248,481.223337030426
4155777,2011-12-17 21:22:57,-3.455873933,-57.91415553,30.3953894434478,477.184078287432
4155777,2011-12-17 21:52:57,-3.538945862,-57.99256339,24.030614953381,469.373621704186
4155777,2011-12-17 22:22:57,-3.597300513,-58.0073408,20.3323695058584,468.329305428752
4155777,2011-12-17 22:52:57,-3.645003485,-58.03096541,17.0940174331245,466.199151608344
4155777,2011-12-17 23:22:57,-3.661594844,-58.04126741,15.9293579223818,465.227593562909
4155777,2011-12-17 23:52:57,-3.763616289,-58.0763889,9.30471890278591,462.362254788925
4155777,2011-12-18 00:22:57,-3.662549038,-58.09969996,14.7762141070737,458.788727335863
4155777,2011-12-18 00:52:57,-3.641574564,-58.1938157,14.229544442383,448.194434952167
4155777,2011-12-18 01:22:57,-3.76056578,-58.22691885,6.67857733350502,445.718344885229
4155777,2011-12-18 01:52:57,-3.920793013,-58.23877433,-2.86926699341529,445.974295799411
4155777,2011-12-18 02:22:57,-4.260304043,-58.28291096,-23.4261842446563,444.339434762382
4155777,2011-12-18 02:52:57,-4.617279393,-58.32890621,-44.9908296018427,442.551170483503
4155777,2011-12-18 03:22:57,-4.802626572,-58.34541817,-56.0456325775069,442.390981135487
4155777,2011-12-18 03:52:57,-4.819968148,-58.35021193,-57.134473359853,442.015276915346
4155777,2011-12-18 04:22:57,-4.819094272,-58.35779838,-57.2118992389762,441.168925203916
4155777,2011-12-18 04:52:57,-4.818971934,-58.35949494,-57.2334643743618,440.980304999922
4155777,2011-12-18 05:22:57,-4.817675568,-58.36137035,-57.1898530358706,440.761486908311
4155777,2011-12-18 05:52:57,-4.814194147,-58.36374564,-57.0277785987391,440.467999179439
4155777,2011-12-18 06:22:57,-4.810607458,-58.36552534,-56.8495447852652,440.239402072649
4155777,2011-12-18 06:52:57,-4.80762814,-58.36701916,-56.7017727966831,440.047795985022
4155777,2011-12-18 07:22:57,-4.803962552,-58.36861744,-56.5159279472048,439.838533657352
4155777,2011-12-18 07:52:57,-4.799994467,-58.36972274,-56.3041886516341,439.681061238813
4155777,2011-12-18 08:22:57,-4.796468602,-58.36961406,-56.0975818184756,439.6616978337
4155777,2011-12-18 08:52:57,-4.793109744,-58.36938813,-55.8986868625773,439.656770322344
4155777,2011-12-18 09:22:57,-4.789331782,-58.36931522,-55.6780446099808,439.631186213483
4155777,2011-12-18 09:52:57,-4.786648314,-58.36949929,-55.5253229501291,439.586936479015
4155777,2011-12-18 10:22:57,-4.785233569,-58.36999231,-55.4515231140529,439.519837200492
4155777,2011-12-18 10:52:57,-4.783259179,-58.37099871,-55.3539337389932,439.391004460406
4155777,2011-12-18 11:22:57,-4.780773008,-58.37219327,-55.2298248002037,439.236809668938
4155777,2011-12-18 11:52:57,-4.777566442,-58.37318577,-55.0604656221451,439.098521101425
4155777,2011-12-18 12:22:57,-4.774939969,-58.37379615,-54.9183145979569,439.007634009977
4155777,2011-12-18 12:52:57,-4.773284998,-58.37402589,-54.8261171042716,438.967479608614
4155777,2011-12-18 13:22:57,-4.772521439,-58.37403109,-54.781868582912,438.960093594847
4155777,2011-12-18 13:52:57,-4.772532674,-58.37400964,-54.7821567166923,438.962564677077
4155777,2011-12-18 14:22:57,-4.772806438,-58.37390789,-54.7963253559196,438.976253202482
4155777,2011-12-18 14:52:57,-4.769930731,-58.37599544,-54.6648019538789,438.719861879413
4155777,2011-12-18 15:22:57,-4.771250909,-58.37353329,-54.6996400319047,439.003780296264
4155777,2011-12-18 15:52:57,-4.773740967,-58.36999512,-54.7841574531501,439.41706686267
4155777,2011-12-18 16:22:57,-4.775166142,-58.37365542,-54.9290586128263,439.025206024852
4155777,2011-12-18 16:52:57,-4.769526019,-58.37196272,-54.572804490771,439.161983249044
4155777,2011-12-18 17:22:57,-4.789715189,-58.33720592,-55.1561105162684,443.183739408943
4155777,2011-12-18 17:52:57,-4.809177071,-58.30123833,-55.6792186232321,447.33277315839
4155777,2011-12-18 18:22:57,-4.821771991,-58.29634629,-56.3295290516141,447.985567745062
4155777,2011-12-18 18:52:57,-4.878523059,-58.26534919,-59.1122131899069,451.915388329363
4155777,2011-12-18 19:22:57,-4.979256712,-58.20552279,-63.9872251973127,459.416749458102
4155777,2011-12-18 19:52:57,-5.014765449,-58.18882378,-65.7834386544919,461.57393037899
4155777,2011-12-18 20:22:57,-5.024062167,-58.18434662,-66.2523287581212,462.150183776605
4155777,2011-12-18 20:52:57,-5.187066871,-58.10243978,-74.4425769937607,472.620523507632
4155777,2011-12-18 21:22:57,-5.257719242,-58.10152168,-78.56489981952,473.327370487752
4155777,2011-12-18 21:52:57,-5.273391107,-58.05061383,-78.6633755604967,479.092346735396
4155777,2011-12-18 22:22:57,-5.3166267,-58.06175405,-81.3775085201512,478.227936073543
4155777,2011-12-18 22:52:57,-5.243237399,-58.09158903,-77.5564607277647,474.302333411769
4155777,2011-12-18 23:22:57,-5.102863693,-58.13468247,-70.0407817644739,468.327656023577
4155777,2011-12-18 23:52:57,-4.823474886,-58.19505467,-54.7195439451468,459.197725924506
4155777,2011-12-19 00:22:57,-4.569170548,-58.26282546,-41.0508131722725,449.415964775481
4155777,2011-12-19 00:52:57,-4.429049175,-58.31851113,-33.8684903402605,441.977791586408
4155777,2011-12-19 01:22:57,-4.321996558,-58.36065087,-28.3931499212842,436.329856581211
4155777,2011-12-19 01:52:57,-4.310619283,-58.36453713,-27.8016972844571,435.794525053536
4155777,2011-12-19 02:22:57,-4.271856987,-58.37619942,-25.7597191858054,434.144220714901
4155777,2011-12-19 02:52:57,-4.001572718,-58.45270927,-11.4798442071412,423.13561296777
4155777,2011-12-19 03:22:57,-3.807195684,-58.50263503,-1.16308306625001,415.746143866422
4155777,2011-12-19 03:52:57,-3.489248101,-58.56684476,15.9680511917009,405.520580555466
4155777,2011-12-19 04:22:57,-3.286891973,-58.60005309,26.9793285021278,399.814749756963
4155777,2011-12-19 04:52:57,-3.058219017,-58.62289947,39.6825368645414,394.944809679139
4155777,2011-12-19 05:22:57,-2.736259874,-58.63023371,58.036799386424,390.749232625249
4155777,2011-12-19 05:52:57,-2.592403838,-58.60556381,66.8097825103725,391.923100390503
4155777,2011-12-19 06:22:57,-2.497882957,-58.58467737,72.6767914427655,393.19871630916
4155777,2011-12-19 06:52:57,-2.215314019,-58.55532698,89.5446887686405,393.31918015478
4155777,2011-12-19 07:22:57,-1.919204728,-58.5542522,106.594284649121,390.101721298057
4155777,2011-12-19 07:52:57,-1.781954368,-58.55177013,114.53777794257,388.802315966765
4155777,2011-12-19 08:22:57,-1.774233299,-58.54717961,115.082740406067,389.218129602446
4155777,2011-12-19 08:52:57,-1.775097654,-58.54234662,115.139595394902,389.759517242049
4155777,2011-12-19 09:22:57,-1.77627228,-58.53768574,115.17479792243,390.285558609245
4155777,2011-12-19 09:52:57,-1.777508349,-58.53360749,115.193604063372,390.748245131929
4155777,2011-12-19 10:22:57,-1.778838289,-58.53000323,115.196546633648,391.159895547578
4155777,2011-12-19 10:52:57,-1.78040289,-58.52706909,115.171209572768,391.500564807094
4155777,2011-12-19 11:22:57,-1.7814004,-58.52479087,115.164024966447,391.76257428587
4155777,2011-12-19 11:52:57,-1.782676127,-58.52379498,115.112582161774,391.88678330388
4155777,2011-12-19 12:22:57,-1.783125659,-58.52245603,115.116215983317,392.039195716578
4155777,2011-12-19 12:52:57,-1.783165459,-58.52127865,115.139858877311,392.169120825584
4155777,2011-12-19 13:22:57,-1.781865562,-58.5204154,115.233651136988,392.249066330732
4155777,2011-12-19 13:52:57,-1.779040188,-58.51952816,115.415733009912,392.314065701484
4155777,2011-12-19 14:22:57,-1.77597623,-58.51840106,115.616833538304,392.402681416453
4155777,2011-12-19 14:52:57,-1.772366281,-58.51694846,115.8565306572,392.520782679122
4155777,2011-12-19 15:22:57,-1.763179011,-58.51834483,116.354282437615,392.26124904465
4155777,2011-12-19 15:52:57,-1.736183493,-58.52742152,117.706605700386,390.951388801887
4155777,2011-12-19 16:22:57,-1.782786584,-58.51265491,115.351591798188,393.113037443863
4155777,2011-12-19 16:52:57,-1.982117285,-58.45282346,105.177159614439,401.974582066651
4155777,2011-12-19 17:22:57,-2.214192923,-58.3845415,93.2449695200917,412.102625122633
4155777,2011-12-19 17:52:57,-2.366207541,-58.33678116,85.4602884095036,419.048698435917
4155777,2011-12-19 18:22:57,-2.393204738,-58.31291568,84.3972753007904,421.974232189886
4155777,2011-12-19 18:52:57,-2.622856626,-58.17683745,73.8849843157002,439.472754294335
4155777,2011-12-19 19:22:57,-2.866040952,-58.09134508,61.4504129190382,451.507205876162
4155777,2011-12-19 19:52:57,-3.067711067,-58.08102118,49.8825959139997,454.775584094964
4155777,2011-12-19 20:22:57,-3.099385116,-58.13321866,47.0030489676969,449.352069714296
4155777,2011-12-19 20:52:57,-2.929106486,-58.1267315,57.0613631625499,448.276943280896
4155777,2011-12-19 21:22:57,-2.544401814,-58.05669757,80.9322716440151,451.851553933721
4155777,2011-12-19 21:52:57,-2.154074053,-58.0478063,103.904016240507,448.490805376551
4155777,2011-12-19 22:22:57,-1.817092133,-58.07218903,123.031534594906,441.952790366539
4155777,2011-12-19 22:52:57,-1.560887538,-58.1349154,136.561408938898,432.058461834798
4155777,2011-12-19 23:22:57,-1.426800774,-58.17812155,143.383586405401,425.719133788582
4155777,2011-12-19 23:52:57,-1.293312443,-58.22456299,150.075410251556,419.018194465397
4155777,2011-12-20 00:22:57,-1.325251119,-58.2576353,147.472057193726,415.767518574485
4155777,2011-12-20 00:52:57,-1.425570897,-58.26560983,141.481260711989,416.088874985307
4155777,2011-12-20 01:22:57,-1.432538031,-58.26551947,141.079792615807,416.181648334245
4155777,2011-12-20 01:52:57,-1.437290194,-58.26354928,140.848991627654,416.454665877188
4155777,2011-12-20 02:22:57,-1.437115905,-58.26210651,140.891620783806,416.611164723174
4155777,2011-12-20 02:52:57,-1.437168315,-58.26038977,140.927296613161,416.80046896499
4155777,2011-12-20 03:22:57,-1.437531161,-58.25843341,140.950391440624,417.019798810315
4155777,2011-12-20 03:52:57,-1.437386367,-58.25600129,141.013619030619,417.285385411863
4155777,2011-12-20 04:22:57,-1.433125531,-58.25381521,141.309766844988,417.475000970225
4155777,2011-12-20 04:52:57,-1.430520457,-58.25100503,141.524087838409,417.752881017276
4155777,2011-12-20 05:22:57,-1.4288005,-58.24729799,141.707376429577,418.139851155505
4155777,2011-12-20 05:52:57,-1.427508259,-58.24238098,141.893194573844,418.664888568586
4155777,2011-12-20 06:22:57,-1.427311649,-58.23731375,142.018911636619,419.219470261518
4155777,2011-12-20 06:52:57,-1.427577852,-58.23258436,142.110174843588,419.742429634081
4155777,2011-12-20 07:22:57,-1.427899525,-58.22785376,142.198239914454,420.266184316058
4155777,2011-12-20 07:52:57,-1.428450886,-58.22306131,142.274370881952,420.799472487828
4155777,2011-12-20 08:22:57,-1.429289633,-58.21832106,142.332643392704,421.330446193774
4155777,2011-12-20 08:52:57,-1.430368148,-58.21383915,142.371164407577,421.835882254577
4155777,2011-12-20 09:22:57,-1.43191175,-58.2094683,142.38018047178,422.334649055911
4155777,2011-12-20 09:52:57,-1.434050096,-58.20557867,142.343815719925,422.787604106177
4155777,2011-12-20 10:22:57,-1.43648238,-58.20177549,142.288415240881,423.234555273099
4155777,2011-12-20 10:52:57,-1.439773406,-58.19769122,142.189479507011,423.722617146161
4155777,2011-12-20 11:22:57,-1.443682813,-58.19422506,142.040681890933,424.150092489187
4155777,2011-12-20 11:52:57,-1.448902021,-58.19259792,141.774404952437,424.390998548979
4155777,2011-12-20 12:22:57,-1.435494439,-58.20957078,142.170036423756,422.366013972976
4155777,2011-12-20 12:52:57,-1.281870184,-58.27542089,149.578727230003,413.292651053324
4155777,2011-12-20 13:22:57,-1.242934756,-58.28302691,151.658281400439,411.988403762821
4155777,2011-12-20 13:52:57,-1.252996369,-58.27844497,151.180821304565,412.613012306737
4155777,2011-12-20 14:22:57,-1.253870956,-58.27442262,151.222161768239,413.065462824349
4155777,2011-12-20 14:52:57,-1.288732988,-58.26198156,149.487918350361,414.851743136919
4155777,2011-12-20 15:22:57,-1.397360764,-58.2480585,143.51194403345,417.681869176989
4155777,2011-12-20 15:52:57,-1.503726052,-58.26574276,136.951549774773,417.001096772872
4155777,2011-12-20 16:22:57,-1.569077761,-58.29064455,132.609782759216,415.03438601075
4155777,2011-12-20 16:52:57,-1.603891904,-58.30087679,130.366398048277,414.318364266222
4155777,2011-12-20 17:22:57,-1.605602835,-58.29978899,130.291606348094,414.458021504183
4155777,2011-12-20 17:52:57,-1.600933395,-58.29644173,130.636449051331,414.771250168003
4155777,2011-12-20 18:22:57,-1.584996813,-58.29096045,131.681175128928,415.186768396939
4155777,2011-12-20 18:52:57,-1.597503063,-58.28261996,131.143042135544,416.250555964469
4155777,2011-12-20 19:22:57,-1.634928046,-58.27176405,129.217046981285,417.882799019599
4155777,2011-12-20 19:52:57,-1.47021472,-58.35943392,136.784029402667,406.306763485161
4155777,2011-12-20 20:22:57,-1.674140472,-58.34791887,125.257703394508,409.967636785796
4155777,2011-12-20 20:52:57,-1.779728959,-58.33890356,119.35179465377,412.184865334712
4155777,2011-12-20 21:22:57,-1.779728959,-58.33890356,119.35179465377,412.184865334712
4155777,2011-12-20 21:52:57,-1.578537542,-58.44630752,128.585295438958,398.033718772529
4155777,2011-12-20 22:22:57,-1.493709364,-58.47113643,132.914792889758,394.307652210677
4155777,2011-12-20 22:52:57,-1.450488564,-58.46918077,135.447362870283,394.012234619447
4155777,2011-12-20 23:22:57,-1.444399301,-58.46362274,135.923473953071,394.550984813199
4155777,2011-12-20 23:52:57,-1.437697622,-58.45781811,136.440530023568,395.109537749287
4155777,2011-12-21 00:22:57,-1.426987821,-58.45208536,137.186954670664,395.612642291454
4155777,2011-12-21 00:52:57,-1.411127954,-58.44642539,138.228611828207,396.046520427351
4155777,2011-12-21 01:22:57,-1.409161834,-58.4150272,139.052577514257,399.473450750909
4155777,2011-12-21 01:52:57,-1.436831431,-58.32853693,139.409576954657,409.306812000887
4155777,2011-12-21 02:22:57,-1.405970415,-58.28548921,142.167029541413,413.670863927959
4155777,2011-12-21 02:52:57,-1.340350402,-58.30426164,145.538333796057,410.824874803041
4155777,2011-12-21 03:22:57,-1.427519963,-58.27259053,141.210843030005,415.344847104724
4155777,2011-12-21 03:52:57,-1.439486,-58.27268964,140.5157212709,415.476170421537
4155777,2011-12-21 04:22:57,-1.443436228,-58.27232369,140.295231532759,415.563311433826
4155777,2011-12-21 04:52:57,-1.444401345,-58.27196115,140.247516928671,415.614618848734
4155777,2011-12-21 05:22:57,-1.483167397,-58.29954801,137.382526724881,413.042112275618
4155777,2011-12-21 05:52:57,-1.50555285,-58.33128107,135.374866559387,409.818810535814
4155777,2011-12-21 06:22:57,-1.493745979,-58.35179926,135.596366361107,407.424116554537
4155777,2011-12-21 06:52:57,-1.487092801,-58.34983443,136.024952328489,407.561449062227
4155777,2011-12-21 07:22:57,-1.479599601,-58.34764845,136.50709082499,407.713108143601
4155777,2011-12-21 07:52:57,-1.471666491,-58.3455623,137.012450485113,407.848532308015
4155777,2011-12-21 08:22:57,-1.462234194,-58.34341923,137.605775721308,407.97239418607
4155777,2011-12-21 08:52:57,-1.452964289,-58.34068069,138.203195435515,408.163538230177
4155777,2011-12-21 09:22:57,-1.444015906,-58.33793295,138.782313988881,408.359420629604
4155777,2011-12-21 09:52:57,-1.43522321,-58.3350219,139.356191642785,408.575017894759
4155777,2011-12-21 10:22:57,-1.426201583,-58.3317724,139.951021225026,408.825012172057
4155777,2011-12-21 10:52:57,-1.416745545,-58.32796614,140.583632625289,409.13094470461
4155777,2011-12-21 11:22:57,-1.408170541,-58.3239168,141.170911516219,409.473978225114
4155777,2011-12-21 11:52:57,-1.40052667,-58.31975045,141.707103273341,409.840876005802
4155777,2011-12-21 12:22:57,-1.393239978,-58.31575643,142.218835984438,410.193026186373
4155777,2011-12-21 12:52:57,-1.35651214,-58.39997893,142.430173848652,400.500455448891
4155777,2011-12-21 13:22:57,-1.318997382,-58.48049844,142.759021781953,391.206046405697
4155777,2011-12-21 13:52:57,-1.304361672,-58.48457903,143.508032484961,390.582898463156
4155777,2011-12-21 14:22:57,-1.290409852,-58.48033289,144.407716727739,390.882519536515
4155777,2011-12-21 14:52:57,-1.275960252,-58.4763211,145.330858424901,391.150236404778
4155777,2011-12-21 15:22:57,-1.327026534,-58.43307627,143.377256491126,396.512029816529
4155777,2011-12-21 15:52:57,-1.369053369,-58.39919548,141.72455247531,400.736029905888
4155777,2011-12-21 16:22:57,-1.371158548,-58.3894308,141.824685406726,401.834071111852
4155777,2011-12-21 16:52:57,-1.405963396,-58.42624353,138.983088187134,398.202929668698
4155777,2011-12-21 17:22:57,-1.407434766,-58.43466798,138.707562643604,397.294665021862
4155777,2011-12-21 17:52:57,-1.439488911,-58.44064685,136.725230645198,397.017740135868
4155777,2011-12-21 18:22:57,-1.489201682,-58.48320617,132.902632999059,392.928024935699
4155777,2011-12-21 18:52:57,-1.565577735,-58.54760229,127.064512107939,386.74781097982
4155777,2011-12-21 19:22:57,-1.611415167,-58.56792929,123.976978754432,385.049187754698
4155777,2011-12-21 19:52:57,-1.615511373,-58.5027178,125.196668762612,392.265287755442
4155777,2011-12-21 20:22:57,-1.631425948,-58.39680996,126.639001307239,404.093867972637
4155777,2011-12-21 20:52:57,-1.634493883,-58.36592612,127.148922864293,407.525079785672
4155777,2011-12-21 21:22:57,-1.6340636,-58.38430582,126.764944711165,405.499377433584
4155777,2011-12-21 21:52:57,-1.552525813,-58.35451857,132.139136137103,407.818120212459
4155777,2011-12-21 22:22:57,-1.479988079,-58.46076771,133.938355985113,395.285339659322
4155777,2011-12-21 22:52:57,-1.461489862,-58.46231547,134.968796591359,394.89676363756
4155777,2011-12-21 23:22:57,-1.444019342,-58.45971505,136.033602131587,394.975914523215
4155777,2011-12-21 23:52:57,-1.429524707,-58.45919155,136.880180563336,394.861807303808
4155777,2011-12-22 00:22:57,-1.437007735,-58.45902853,136.4529140452,394.968354098604
4155777,2011-12-22 00:52:57,-1.447816299,-58.45732715,135.86884175159,395.283259560591
4155777,2011-12-22 01:22:57,-1.44239369,-58.40213642,137.427298324293,401.284255438489
4155777,2011-12-22 01:52:57,-1.382548987,-58.33316841,142.442578716404,408.152231529193
4155777,2011-12-22 02:22:57,-1.378360886,-58.33089364,142.736192601633,408.352285345484
4155777,2011-12-22 02:52:57,-1.375487158,-58.32959904,142.931640905696,408.460284517293
4155777,2011-12-22 03:22:57,-1.382720406,-58.32626143,142.589160170157,408.91327909979
4155777,2011-12-22 03:52:57,-1.370491319,-58.33311148,143.140754709307,408.014732817797
4155777,2011-12-22 04:22:57,-1.362393877,-58.33304411,143.610274547651,407.92552367035
4155777,2011-12-22 04:52:57,-1.357337229,-58.33060543,143.957877553255,408.133133781459
4155777,2011-12-22 05:22:57,-1.352900771,-58.32784887,144.276887681909,408.383053853075
4155777,2011-12-22 05:52:57,-1.350014332,-58.32584319,144.489280866612,408.568962913259
4155777,2011-12-22 06:22:57,-1.34686512,-58.32357037,144.722950371984,408.781076045285
4155777,2011-12-22 06:52:57,-1.344474244,-58.32086039,144.922732403252,409.050278431739
4155777,2011-12-22 07:22:57,-1.342860104,-58.31837222,145.07258532386,409.304387053737
4155777,2011-12-22 07:52:57,-1.341663255,-58.31644504,145.185574669318,409.50183919801
4155777,2011-12-22 08:22:57,-1.340689437,-58.31392735,145.299093048566,409.766842560529
4155777,2011-12-22 08:52:57,-1.33019442,-58.33004325,145.539424729583,407.870499200087
4155777,2011-12-22 09:22:57,-1.321163008,-58.34079968,145.816565661292,406.580542772786
4155777,2011-12-22 09:52:57,-1.316918978,-58.33949996,146.091365262768,406.672541300065
4155777,2011-12-22 10:22:57,-1.307583569,-58.35374794,146.306077401028,404.995274426754
4155777,2011-12-22 10:52:57,-1.298262146,-58.36575351,146.570621072606,403.564542082006
4155777,2011-12-22 11:22:57,-1.293382692,-58.36397354,146.892930886661,403.701614559788
4155777,2011-12-22 11:52:57,-1.288840039,-58.36227294,147.194009205224,403.833981765396
4155777,2011-12-22 12:22:57,-1.283758756,-58.36035847,147.531093238612,403.983361890405
4155777,2011-12-22 12:52:57,-1.277914724,-58.35857419,147.909275421241,404.109256180998
4155777,2011-12-22 13:22:57,-1.271753158,-58.35685355,148.304369599771,404.224310740014
4155777,2011-12-22 13:52:57,-1.265218708,-58.35496651,148.724830958091,404.353127734167
4155777,2011-12-22 14:22:57,-1.257492428,-58.35263326,149.224360827699,404.51659342343
4155777,2011-12-22 14:52:57,-1.248429379,-58.34998376,149.808382977525,404.69865838151
4155777,2011-12-22 15:22:57,-1.239893199,-58.34692255,150.371473429017,404.932213331166
4155777,2011-12-22 15:52:57,-1.232444974,-58.34322504,150.886379028819,405.248701512879
4155777,2011-12-22 16:22:57,-1.229124509,-58.33858154,151.184595025342,405.718803823325
4155777,2011-12-22 16:52:57,-1.227105681,-58.33378985,151.411048069589,406.220861876691
4155777,2011-12-22 17:22:57,-1.221822822,-58.3298028,151.807692579484,406.595160874393
4155777,2011-12-22 17:52:57,-1.217028757,-58.32604095,152.170988881453,406.950585597998
4155777,2011-12-22 18:22:57,-1.219668618,-58.32282986,152.092062208477,407.335183853464
4155777,2011-12-22 18:52:57,-1.242442399,-58.31924434,150.857891482708,408.003587059132
4155777,2011-12-22 19:22:57,-1.274557951,-58.30324546,149.366752881961,410.147684686545
4155777,2011-12-22 19:52:57,-1.30913133,-58.28182481,147.854937847521,412.916320414603
4155777,2011-12-22 20:22:57,-1.319710057,-58.27637656,147.366645253876,413.641796081833
4155777,2011-12-22 20:52:57,-1.348544008,-58.26532546,145.948411341986,415.201372403807
4155777,2011-12-22 21:22:57,-1.396209837,-58.25561642,143.407699044534,416.837541628396
4155777,2011-12-22 21:52:57,-1.419441059,-58.25192199,142.145323707642,417.520289654099
4155777,2011-12-22 22:22:57,-1.426486264,-58.25735371,141.614566676722,417.007146003282
4155777,2011-12-22 22:52:57,-1.426281712,-58.26066223,141.551752012298,416.641091322472
4155777,2011-12-22 23:22:57,-1.418647415,-58.26020426,142.004296616561,416.600595580059
4155777,2011-12-22 23:52:57,-1.422980036,-58.25946473,141.770027927979,416.733426267258
4155777,2011-12-23 00:22:57,-1.413188434,-58.26159762,142.289023167304,416.382483390598
4155777,2011-12-23 00:52:57,-1.410287104,-58.27598449,142.131978311534,414.766815919159
4155777,2011-12-23 01:22:57,-1.388740259,-58.27849472,143.322612082049,414.234237125084
4155777,2011-12-23 01:52:57,-1.387673577,-58.27913372,143.369896747991,414.151295494662
4155777,2011-12-23 02:22:57,-1.387049987,-58.28283324,143.322244564803,413.737303201868
4155777,2011-12-23 02:52:57,-1.387338026,-58.28676053,143.216663819077,413.309151702703
4155777,2011-12-23 03:22:57,-1.39180068,-58.28983213,142.888868839743,413.02479738845
4155777,2011-12-23 03:52:57,-1.378920248,-58.29201099,143.584898396436,412.631773695906
4155777,2011-12-23 04:22:57,-1.382774998,-58.29516892,143.290318560505,412.330718359492
4155777,2011-12-23 04:52:57,-1.388481414,-58.2987518,142.879025103509,412.005018226995
4155777,2011-12-23 05:22:57,-1.384837154,-58.30077996,143.043933848014,411.738696438239
4155777,2011-12-23 05:52:57,-1.381577527,-58.30277053,143.187416643492,411.481083844431
4155777,2011-12-23 06:22:57,-1.375558523,-58.30420604,143.503067772593,411.251546404101
4155777,2011-12-23 06:52:57,-1.35416833,-58.30324673,144.76212439853,411.101584888199
4155777,2011-12-23 07:22:57,-1.321098315,-58.30079522,146.730737812169,410.975327810025
4155777,2011-12-23 07:52:57,-1.311799014,-58.30135638,147.255865127371,410.802240289909
4155777,2011-12-23 08:22:57,-1.309577339,-58.30150001,147.381100202776,410.75982643513
4155777,2011-12-23 08:52:57,-1.307839025,-58.30215222,147.466791913725,410.667323547967
4155777,2011-12-23 09:22:57,-1.296666778,-58.30257805,148.103283648774,410.486527183277
4155777,2011-12-23 09:52:57,-1.27543264,-58.30260495,149.330789113485,410.22856898094
4155777,2011-12-23 10:22:57,-1.274123959,-58.30414364,149.371344042073,410.043787358467
4155777,2011-12-23 10:52:57,-1.273246657,-58.30577993,149.384715935093,409.853467389182
4155777,2011-12-23 11:22:57,-1.27346404,-58.30841966,149.311865424581,409.566060100902
4155777,2011-12-23 11:52:57,-1.274741923,-58.31168152,149.163489821419,409.223046129154
4155777,2011-12-23 12:22:57,-1.276543069,-58.31503706,148.982734225265,408.876024373679
4155777,2011-12-23 12:52:57,-1.279165492,-58.31853089,148.751361414561,408.523669626025
4155777,2011-12-23 13:22:57,-1.282193999,-58.32276582,148.479627648493,408.094758948873
4155777,2011-12-23 13:52:57,-1.284889614,-58.32786139,148.207531170118,407.56728271517
4155777,2011-12-23 14:22:57,-1.287263005,-58.33334967,147.945133310443,406.992782639434
4155777,2011-12-23 14:52:57,-1.276507261,-58.33314118,148.571412449832,406.886555099629
4155777,2011-12-23 15:22:57,-1.270560427,-58.33628271,148.843271875155,406.469970586834
4155777,2011-12-23 15:52:57,-1.2231763,-58.35276148,151.203089622661,404.089392520482
4155777,2011-12-23 16:22:57,-1.266905509,-58.36410399,148.418555687118,403.369536289628
4155777,2011-12-23 16:52:57,-1.298413745,-58.37022337,146.459923526247,403.075264553495
4155777,2011-12-23 17:22:57,-1.309820662,-58.3703248,145.799145022426,403.200754593117
4155777,2011-12-23 17:52:57,-1.320880664,-58.36931161,145.183761421016,403.444445164108
4155777,2011-12-23 18:22:57,-1.324356286,-58.37092604,144.946366471399,403.308637548543
4155777,2011-12-23 18:52:57,-1.324165978,-58.36816225,145.020267966446,403.610028707648
4155777,2011-12-23 19:22:57,-1.332916415,-58.3624172,144.645783457977,404.345899739184
4155777,2011-12-23 19:52:57,-1.358470923,-58.35996537,143.225852246374,404.9205115463
4155777,2011-12-23 20:22:57,-1.453711547,-58.35680904,137.796453173152,406.399832665621
4155777,2011-12-23 20:52:57,-1.584925746,-58.38746372,129.531480695331,404.577070956191
4155777,2011-12-23 21:22:57,-1.658046174,-58.43897567,124.16586667843,399.768757771739
4155777,2011-12-23 21:52:57,-1.680305968,-58.48317966,121.901887290248,395.167912030506
4155777,2011-12-23 22:22:57,-1.668866095,-58.50670976,122.037914958456,392.448034164761
4155777,2011-12-23 22:52:57,-1.619957737,-58.48512955,125.332948804526,394.250635736214
4155777,2011-12-23 23:22:57,-1.605646074,-58.47469006,126.389788945105,395.231046353427
4155777,2011-12-23 23:52:57,-1.574193465,-58.44692269,128.821881958803,397.915181404479
4155777,2011-12-24 00:22:57,-1.515306821,-58.39816507,133.309975028645,402.582348188543
4155777,2011-12-24 00:52:57,-1.507341117,-58.39483912,133.844319742803,402.854001948952
4155777,2011-12-24 01:22:57,-1.498351863,-58.39116581,134.445622093821,403.151688059544
4155777,2011-12-24 01:52:57,-1.463861741,-58.36998507,136.913295080545,405.07194827724
4155777,2011-12-24 02:22:57,-1.447926282,-58.36338737,137.982271328759,405.608302047463
4155777,2011-12-24 02:52:57,-1.4370289,-58.36021326,138.683272231023,405.82791984392
4155777,2011-12-24 03:22:57,-1.419992814,-58.34735071,139.957901446532,407.039235851084
4155777,2011-12-24 03:52:57,-1.396138271,-58.33026387,141.722895276,408.633278724841
4155777,2011-12-24 04:22:57,-1.388433944,-58.32589593,142.267145352736,409.021525343533
4155777,2011-12-24 04:52:57,-1.382320279,-58.32185189,142.712193456032,409.393074085586
4155777,2011-12-24 05:22:57,-1.378336069,-58.31846985,143.019185717626,409.717227012543
4155777,2011-12-24 05:52:57,-1.375301227,-58.31632046,143.243381371177,409.917229978883
4155777,2011-12-24 06:22:57,-1.372478392,-58.31455659,143.44659715273,410.077387344694
4155777,2011-12-24 06:52:57,-1.372812112,-58.3414397,142.817780600493,407.127250794655
4155777,2011-12-24 07:22:57,-1.380326704,-58.4484479,139.957108963384,395.458356385653
4155777,2011-12-24 07:52:57,-1.37695677,-58.44732868,140.176622923507,395.541249512345
4155777,2011-12-24 08:22:57,-1.372382201,-58.44754867,140.435140316947,395.462645565804
4155777,2011-12-24 08:52:57,-1.366291515,-58.44830869,140.768718404597,395.30663692338
4155777,2011-12-24 09:22:57,-1.35946515,-58.44900732,141.146045720458,395.148579767945
4155777,2011-12-24 09:52:57,-1.351606335,-58.45077577,141.558493514892,394.860634204349
4155777,2011-12-24 10:22:57,-1.343515713,-58.45267777,141.981198299129,394.555202877789
4155777,2011-12-24 10:52:57,-1.335052815,-58.45465132,142.423652119663,394.237417688969
4155777,2011-12-24 11:22:57,-1.32605253,-58.45658236,142.89795283668,393.917831285707
4155777,2011-12-24 11:52:57,-1.315051181,-58.45923816,143.470877252804,393.494647143932
4155777,2011-12-24 12:22:57,-1.303559091,-58.46165406,144.077414380732,393.09185705635
4155777,2011-12-24 12:52:57,-1.291363108,-58.46420282,144.721326654799,392.66594285999
4155777,2011-12-24 13:22:57,-1.277962284,-58.46630931,145.444577732454,392.274064176432
4155777,2011-12-24 13:52:57,-1.265051179,-58.46742596,146.162179603156,391.996648507089
4155777,2011-12-24 14:22:57,-1.252565553,-58.46847673,146.856734441767,391.73143569621
4155777,2011-12-24 14:52:57,-1.240844141,-58.46941677,147.509784433253,391.487434560243
4155777,2011-12-24 15:22:57,-1.229575755,-58.46985846,148.148145794734,391.303504330186
4155777,2011-12-24 15:52:57,-1.236365888,-58.47123185,147.725880806038,391.23425339626
4155777,2011-12-24 16:22:57,-1.439377154,-58.4895952,135.625833549532,391.63742001996
4155777,2011-12-24 16:52:57,-1.543581951,-58.50772976,129.222641334218,390.87242300695
4155777,2011-12-24 17:22:57,-1.543285499,-58.50889441,129.213574516567,390.740936194462
4155777,2011-12-24 17:52:57,-1.542161736,-58.51223766,129.203226792268,390.360289135183
4155777,2011-12-24 18:22:57,-1.540561495,-58.51839806,129.157067517091,389.664419624958
4155777,2011-12-24 18:52:57,-1.551987178,-58.51557154,128.563403780658,390.109131354725
4155777,2011-12-24 19:22:57,-1.539436777,-58.51264911,129.350717627726,390.283081443245
4155777,2011-12-24 19:52:57,-1.491441476,-58.50811082,132.21308824802,390.21740057769
4155777,2011-12-24 20:22:57,-1.379200701,-58.52285131,138.333164028232,387.269784744092
4155777,2011-12-24 20:52:57,-1.530291146,-58.50976604,129.941422488862,390.492554837395
4155777,2011-12-24 21:22:57,-1.570867122,-58.50432999,127.729209004278,391.566018592041
4155777,2011-12-24 21:52:57,-1.590734904,-58.52150708,126.202325333529,389.910441768655
4155777,2011-12-24 22:22:57,-1.55914299,-58.53048,127.817881742256,388.55439377094
4155777,2011-12-24 22:52:57,-1.540470373,-58.54154676,128.642939703375,387.119113583943
4155777,2011-12-24 23:22:57,-1.52647522,-58.55382834,129.171253889661,385.605044157326
4155777,2011-12-24 23:52:57,-1.487944622,-58.56243381,131.190535356313,384.206288818177
4155777,2011-12-25 00:22:57,-1.311194908,-58.51246089,142.478757218996,387.601443564686
4155777,2011-12-25 00:52:57,-1.121751706,-58.47017202,154.345343273552,389.967679203669
4155777,2011-12-25 01:22:57,-1.001647965,-58.45279121,161.660190889774,390.41429947844
4155777,2011-12-25 01:52:57,-0.915061473,-58.44216756,166.892197971747,390.518489206073
4155777,2011-12-25 02:22:57,-0.866567953,-58.43589435,169.830995767438,390.609257530374
4155777,2011-12-25 02:52:57,-0.84467513,-58.43768009,171.049058458081,390.142655650904
4155777,2011-12-25 03:22:57,-0.826770373,-58.43952484,172.036016604179,389.718570116283
4155777,2011-12-25 03:52:57,-0.811522825,-58.44119569,172.874021719126,389.346249372238
4155777,2011-12-25 04:22:57,-0.793593094,-58.44152516,173.898009202688,389.087656400035
4155777,2011-12-25 04:52:57,-0.765413608,-58.43224246,175.739738363439,389.756190906198
4155777,2011-12-25 05:22:57,-0.72038563,-58.406368,178.946925992329,392.034384870128
4155777,2011-12-25 05:52:57,-0.699730929,-58.4039313,180.194561543718,392.043664749111
4155777,2011-12-25 06:22:57,-0.674130412,-58.38964606,182.009958616939,393.290660856352
4155777,2011-12-25 06:52:57,-0.661224448,-58.31051447,184.642978101882,401.811587162281
4155777,2011-12-25 07:22:57,-0.6590265,-58.23314263,186.616158471711,410.274122231618
4155777,2011-12-25 07:52:57,-0.627821826,-58.31046209,186.57314556423,401.397258761831
4155777,2011-12-25 08:22:57,-0.633387066,-58.33392529,185.690601179194,398.892904622656
4155777,2011-12-25 08:52:57,-0.636494852,-58.34358765,185.280176444139,397.87183910401
4155777,2011-12-25 09:22:57,-0.621550212,-58.34370954,186.1394103856,397.670429304981
4155777,2011-12-25 09:52:57,-0.610648736,-58.34396457,186.762183431199,397.505159769088
4155777,2011-12-25 10:22:57,-0.600113854,-58.34446974,187.357787506289,397.316964865825
4155777,2011-12-25 10:52:57,-0.586549286,-58.33892445,188.273336207959,397.754232282728
4155777,2011-12-25 11:22:57,-0.573277104,-58.33344736,189.170599794741,398.187516299375
4155777,2011-12-25 11:52:57,-0.560498721,-58.33015532,189.987051287836,398.387149834537
4155777,2011-12-25 12:22:57,-0.547715025,-58.32847746,190.765086570669,398.409475727645
4155777,2011-12-25 12:52:57,-0.556834312,-58.35850258,189.516703635904,395.231068365745
4155777,2011-12-25 13:22:57,-0.54342632,-58.37613427,189.865173557436,393.12734573995
4155777,2011-12-25 13:52:57,-0.531606576,-58.37770397,190.508436856386,392.805573931033
4155777,2011-12-25 14:22:57,-0.523989351,-58.38602251,190.746729475802,391.796646446047
4155777,2011-12-25 14:52:57,-0.509655461,-58.3870811,191.546868259339,391.498898040768
4155777,2011-12-25 15:22:57,-0.491795827,-58.3835923,192.659921962724,391.654995012625
4155777,2011-12-25 15:52:57,-0.456967276,-58.29369927,196.843254422773,401.071661055921
4155777,2011-12-25 16:22:57,-0.48584955,-58.3303251,194.290160132473,397.422033982537
4155777,2011-12-25 16:52:57,-0.51723585,-58.3640142,191.666731134261,394.125167590142
4155777,2011-12-25 17:22:57,-0.59623738,-58.40160575,186.210592469234,390.999805985624
4155777,2011-12-25 17:52:57,-0.718945856,-58.45179983,177.948651195945,387.031099764498
4155777,2011-12-25 18:22:57,-0.794188608,-58.47197021,173.14286843355,385.753809174814
4155777,2011-12-25 18:52:57,-0.81782702,-58.46005361,172.065494984314,387.354686058421
4155777,2011-12-25 19:22:57,-0.922534482,-58.41085033,167.196584108101,394.048392488598
4155777,2011-12-25 19:52:57,-1.057877498,-58.35542132,160.68497422826,401.792744621373
4155777,2011-12-25 20:22:57,-1.290125997,-58.40679574,146.103527590126,398.957916405503
4155777,2011-12-25 20:52:57,-1.530857692,-58.40029638,132.36484693227,402.531247244314
4155777,2011-12-25 21:22:57,-1.575430256,-58.38997573,130.023502867208,404.189548812084
4155777,2011-12-25 21:52:57,-1.523786779,-58.38641924,133.084154397692,403.973302617743
4155777,2011-12-25 22:22:57,-1.532535089,-58.39217496,132.45013797661,403.443672675005
4155777,2011-12-25 22:52:57,-1.551641473,-58.39979439,131.176822813052,402.830883484214
4155777,2011-12-25 23:22:57,-1.55414413,-58.41125403,130.775883037241,401.600639647535
4155777,2011-12-25 23:52:57,-1.595038138,-58.41651111,128.299493413278,401.502423306188
4155777,2011-12-26 00:22:57,-1.587967004,-58.40718645,128.915575042282,402.444631175522
4155777,2011-12-26 00:52:57,-1.580763926,-58.41209734,129.221442041066,401.820357955372
4155777,2011-12-26 01:22:57,-1.549319379,-58.4271907,130.697272783906,399.792207201002
4155777,2011-12-26 01:52:57,-1.468764353,-58.4521201,134.779678022921,396.103170556903
4155777,2011-12-26 02:22:57,-1.459501953,-58.45925092,135.15240378403,395.210048984894
4155777,2011-12-26 02:52:57,-1.441149484,-58.46783317,136.015501537955,394.049832014584
4155777,2011-12-26 03:22:57,-1.439908151,-58.47583382,135.90621830396,393.155941076263
4155777,2011-12-26 03:52:57,-1.42834099,-58.48715738,136.315978152266,391.774667094906
4155777,2011-12-26 04:22:57,-1.426887274,-58.49488294,136.224885718686,390.908515595684
4155777,2011-12-26 04:52:57,-1.417966351,-58.50532244,136.501789378285,389.655704781892
4155777,2011-12-26 05:22:57,-1.409394964,-58.51433877,136.790489799922,388.563395522727
4155777,2011-12-26 05:52:57,-1.401704527,-58.52161423,137.067729826688,387.672792906857
4155777,2011-12-26 06:22:57,-1.392069445,-58.52932866,137.446559145764,386.710862481823
4155777,2011-12-26 06:52:57,-1.356221697,-58.54636461,139.119017123952,384.41325888544
4155777,2011-12-26 07:22:57,-1.338727008,-58.55339372,139.963669118627,383.432822537527
4155777,2011-12-26 07:52:57,-1.319709173,-58.55900297,140.927692322861,382.589998854589
4155777,2011-12-26 08:22:57,-1.297915623,-58.56215465,142.106786217908,381.983735854412
4155777,2011-12-26 08:52:57,-1.274499491,-58.56384268,143.412222124898,381.518456538469
4155777,2011-12-26 09:22:57,-1.251422639,-58.56417663,144.729039567504,381.205511260398
4155777,2011-12-26 09:52:57,-1.227647071,-58.56312455,146.117705941268,381.035950456536
4155777,2011-12-26 10:22:57,-1.204780581,-58.56042966,147.492017724281,381.057242700015
4155777,2011-12-26 10:52:57,-1.184005336,-58.55532981,148.801865263037,381.367362270491
4155777,2011-12-26 11:22:57,-1.165787945,-58.54887157,149.996519879471,381.857089984866
4155777,2011-12-26 11:52:57,-1.139485986,-58.55731675,151.311188397771,380.612142862979
4155777,2011-12-26 12:22:57,-1.139950487,-58.55822204,151.263602049411,380.518338476798
4155777,2011-12-26 12:52:57,-1.124877179,-58.54640809,152.402031080362,381.633473421273
4155777,2011-12-26 13:22:57,-1.112281557,-58.53392765,153.414154910364,382.851537734535
4155777,2011-12-26 13:52:57,-1.10974123,-58.53218091,153.60049742337,383.012582277328
4155777,2011-12-26 14:22:57,-1.103788512,-58.52070278,154.208324098409,384.200887449275
4155777,2011-12-26 14:52:57,-1.101132965,-58.50978346,154.613919444169,385.367765107684
4155777,2011-12-26 15:22:57,-1.101190608,-58.50041796,154.827616154083,386.396914505521
4155777,2011-12-26 15:52:57,-1.10116768,-58.4932637,154.994693077831,387.182269562304
4155777,2011-12-26 16:22:57,-1.100786729,-58.48765338,155.146577879087,387.793738959935
4155777,2011-12-26 16:52:57,-1.12669992,-58.46721891,154.128919092647,390.351941257653
4155777,2011-12-26 17:22:57,-1.145997778,-58.47490648,152.840989668249,389.741247902422
4155777,2011-12-26 17:52:57,-1.212821164,-58.47795435,148.926325027273,390.212702159361
4155777,2011-12-26 18:22:57,-1.313117438,-58.53617332,141.82716449138,385.019381881844
4155777,2011-12-26 18:52:57,-1.417888566,-58.50924011,136.417576042289,389.224296939225
4155777,2011-12-26 19:22:57,-1.47169387,-58.42638784,135.190708794523,398.965763105232
4155777,2011-12-26 19:52:57,-1.510372523,-58.34048194,134.889723942771,408.864382614041
4155777,2011-12-26 20:22:57,-1.610467681,-58.38090084,128.203205910936,405.597778237309
4155777,2011-12-26 20:52:57,-1.665112703,-58.27065208,127.493088336436,418.358024549393
4155777,2011-12-26 21:22:57,-1.650777339,-58.21762796,129.499996911956,424.020708370126
4155777,2011-12-26 21:52:57,-1.663207855,-58.26392611,127.752563117919,419.075327344794
4155777,2011-12-26 22:22:57,-1.578318932,-58.24777741,133.031342956337,419.855701756951
4155777,2011-12-26 22:52:57,-1.440273291,-58.25053408,140.969615049508,417.92058387689
4155777,2011-12-26 23:22:57,-1.365588964,-58.45656905,140.621565379403,394.390656607055
4155777,2011-12-26 23:52:57,-1.154549169,-58.46388967,152.603210996274,391.054591811868
4155777,2011-12-27 00:22:57,-1.01656685,-58.46700311,160.470401891095,389.036189589818
4155777,2011-12-27 00:52:57,-0.957833387,-58.52868627,162.404952815487,381.545867179128
4155777,2011-12-27 01:22:57,-0.923017593,-58.58754789,163.021598768523,374.657794791739
4155777,2011-12-27 01:52:57,-0.91245136,-58.59654263,163.415717915369,373.540860592574
4155777,2011-12-27 02:22:57,-0.907669147,-58.59824301,163.64973283978,373.295523728458
4155777,2011-12-27 02:52:57,-0.89903221,-58.61766585,163.68743302717,371.057650339832
4155777,2011-12-27 03:22:57,-0.880740694,-58.66889852,163.526962742371,365.210076382405
4155777,2011-12-27 03:52:57,-0.878333465,-58.66724316,163.703628282135,365.362175111494
4155777,2011-12-27 04:22:57,-0.878528727,-58.66658957,163.707878987282,365.436304336972
4155777,2011-12-27 04:52:57,-0.880967176,-58.70157814,162.743279544868,361.626371906115
4155777,2011-12-27 05:22:57,-0.892688163,-58.86928976,158.117843841907,343.365354765553
4155777,2011-12-27 05:52:57,-0.930123501,-59.13640617,149.693016726334,314.511408510449
4155777,2011-12-27 06:22:57,-0.939053851,-59.39918223,142.982748462813,285.790244581516
4155777,2011-12-27 06:52:57,-0.925808912,-59.65929255,137.558687297858,257.099974018369
4155777,2011-12-27 07:22:57,-0.840898147,-59.90260327,136.454741263455,229.399729183044
4155777,2011-12-27 07:52:57,-0.590240187,-60.09007689,145.684421436351,205.819799261712
4155777,2011-12-27 08:22:57,-0.435753446,-60.33033887,148.203852730004,177.617490654198
4155777,2011-12-27 08:52:57,-0.400853154,-60.59812785,143.45498396658,147.874153718099
4155777,2011-12-27 09:22:57,-0.351348191,-60.8718731,139.288282108691,117.311633748745
4155777,2011-12-27 09:52:57,-0.189091477,-61.09085366,142.404808877449,91.3750414362466
4155777,2011-12-27 10:22:57,-0.064180182,-61.33381684,142.808633904593,63.2793558128833
4155777,2011-12-27 10:52:57,0.012565341,-61.57749085,140.565688139283,35.7085543705871
4155777,2011-12-27 11:22:57,0.112815561,-61.82055904,139.473804096638,7.92672453693103
4155777,2011-12-27 11:52:57,0.225210062,-62.07130662,138.703422601785,-20.8309559051713
4155777,2011-12-27 12:22:57,0.361437274,-62.32813274,138.867639531001,-50.532887805527
4155777,2011-12-27 12:52:57,0.55619635,-62.56533301,142.36344288614,-78.8082714761449
4155777,2011-12-27 13:22:57,0.816167198,-62.80569183,148.844143934573,-108.240363357336
4155777,2011-12-27 13:52:57,1.061431368,-63.08737706,153.204043799281,-141.988673785142
4155777,2011-12-27 14:22:57,1.294157523,-63.31780435,158.13954026611,-169.999843748338
4155777,2011-12-27 14:52:57,1.500512118,-63.58227337,160.609762443004,-201.368004476068
4155777,2011-12-27 15:22:57,1.668135844,-63.89136534,159.711052433387,-237.064961223722
4155777,2011-12-27 15:52:57,1.776515742,-64.13481221,157.737614632057,-264.858169727008
4155777,2011-12-27 16:22:57,1.886706908,-64.38252905,155.614913980961,-293.120278520514
4155777,2011-12-27 16:52:57,2.047193963,-64.67100153,154.494178768129,-326.422447748619
4155777,2011-12-27 17:22:57,2.247002592,-64.95525246,155.118534688408,-359.749014441225
4155777,2011-12-27 17:52:57,2.49392876,-65.21925947,158.278322177747,-391.475108769582
4155777,2011-12-27 18:22:57,2.808618142,-65.44040306,165.570040992121,-419.448612456524
4155777,2011-12-27 18:52:57,3.228860603,-65.51959838,181.860888406793,-433.551932322033
4155777,2011-12-27 19:22:57,3.330035929,-65.54882361,185.430860529106,-438.055769913736
4155777,2011-12-27 19:52:57,3.378073537,-65.5434472,187.748076689832,-438.124235208519
4155777,2011-12-27 20:22:57,3.555341975,-65.52001197,196.421479608502,-438.006815769309
4155777,2011-12-27 20:52:57,4.085771047,-65.45706912,222.184979432813,-438.584966741436
4155777,2011-12-27 21:22:57,4.669067702,-65.41608122,249.60928362923,-442.515150379961
4155777,2011-12-27 21:52:57,5.112251198,-65.34833279,271.76093309969,-441.771651799299
4155777,2011-12-27 22:22:57,5.460955912,-65.28437577,289.622288294525,-440.171240760913
4155777,2011-12-27 22:52:57,6.092292913,-65.24313254,319.318579845615,-445.488097626106
4155777,2011-12-27 23:22:57,6.239087462,-65.24181401,325.914403720776,-447.649660684982
4155777,2011-12-27 23:52:57,6.259258186,-65.23803285,326.955653903231,-447.565187356652
4155777,2011-12-28 00:22:57,6.275475344,-65.23414338,327.824876111694,-447.40723669213
4155777,2011-12-28 00:52:57,6.28768333,-65.23279034,328.420084950953,-447.455923704892
4155777,2011-12-28 01:22:57,6.29000138,-65.23576815,328.411427031363,-447.809052220317
4155777,2011-12-28 01:52:57,6.280811915,-65.23979119,327.850458667877,-448.091800004046
4155777,2011-12-28 02:22:57,6.29027622,-65.24538359,328.061961198273,-448.835551499319
4155777,2011-12-28 02:52:57,6.33699974,-65.24976863,329.978657357527,-450.039287462581
4155777,2011-12-28 03:22:57,6.296318805,-65.37108284,323.599244723817,-462.291368973055
4155777,2011-12-28 03:52:57,6.242856288,-65.50371894,316.243582431234,-475.550723383657
4155777,2011-12-28 04:22:57,6.177576226,-65.63955083,308.269554233194,-488.97275646033
4155777,2011-12-28 04:52:57,6.190000704,-65.72275298,305.690958765027,-498.00782550604
4155777,2011-12-28 05:22:57,6.322039859,-65.75859494,310.110370268952,-503.861783208886
4155777,2011-12-28 05:52:57,6.325201526,-65.84163307,307.108456245729,-512.7286387753
4155777,2011-12-28 06:22:57,6.397919335,-65.95079794,306.127143575845,-525.443682431413
4155777,2011-12-28 06:52:57,6.530889718,-66.08210525,306.862964019794,-541.434852369478
4155777,2011-12-28 07:22:57,6.65950529,-66.26492549,305.359430717857,-562.807173364579
4155777,2011-12-28 07:52:57,6.79299682,-66.51625196,301.309944827746,-591.486170803525
4155777,2011-12-28 08:22:57,6.854871727,-66.78618328,293.408472116763,-620.994259177226
4155777,2011-12-28 08:52:57,6.958449988,-66.97612176,290.286568954511,-642.661236325308
4155777,2011-12-28 09:22:57,7.034341505,-67.17383025,285.643175360311,-664.704409678063
4155777,2011-12-28 09:52:57,7.113341111,-67.39003948,280.330877388849,-688.727264713866
4155777,2011-12-28 10:22:57,7.180367658,-67.49892682,278.728480722113,-701.231176602277
4155777,2011-12-28 10:52:57,7.279878412,-67.56610845,280.066288044907,-709.827656983372
4155777,2011-12-28 11:22:57,7.252823027,-67.71644351,272.982833657162,-725.256309720641
4155777,2011-12-28 11:52:57,7.182462227,-67.83574042,265.423215792744,-736.764893579681
4155777,2011-12-28 12:22:57,7.288142872,-68.01720243,262.369131739817,-757.464563805481
4155777,2011-12-28 12:52:57,7.484508022,-68.22764187,261.611798071473,-782.550083220141
4155777,2011-12-28 13:22:57,7.522742511,-68.32721673,259.072248270063,-793.589912409388
4155777,2011-12-28 13:52:57,7.324205533,-68.50316374,244.288047008159,-809.139233621942
4155777,2011-12-28 14:22:57,7.037257729,-68.71312667,224.874480818542,-827.051267038823
4155777,2011-12-28 14:52:57,6.857797018,-68.92721117,209.564291731901,-847.034755201949
4155777,2011-12-28 15:22:57,6.55476223,-69.14425103,189.614598531367,-865.667043533786
4155777,2011-12-28 15:52:57,6.33218097,-69.3641175,172.759994659961,-885.816483077309
4155777,2011-12-28 16:22:57,6.093276128,-69.57527297,155.790950448269,-904.906092771751
4155777,2011-12-28 16:52:57,5.903433123,-69.77942271,141.042616147314,-923.982462994039
4155777,2011-12-28 17:22:57,5.793067413,-69.98099929,129.396457500309,-943.871912188869
4182001,2012-01-21 19:41:52,-5.868325746,-70.27496134,-308.716294288126,-867.466875929858
4182001,2012-01-21 20:11:52,-5.928570798,-70.26531596,-310.803343400838,-866.06277691693
4182001,2012-01-21 20:41:52,-5.959157626,-70.27367611,-312.083176894281,-866.8148614277
4182001,2012-01-21 21:11:52,-6.004663942,-70.28156579,-313.910838902077,-867.432688868116
4182001,2012-01-21 21:41:52,-6.279147689,-70.15308297,-322.101442583313,-851.730178981194
4182001,2012-01-21 22:11:52,-6.408837784,-70.11500486,-326.374158618921,-846.823062498787
4182001,2012-01-21 22:41:52,-6.987170438,-69.97890499,-346.157373688319,-828.771398299147
4182001,2012-01-21 23:11:52,-7.019612493,-69.97112427,-347.274280165445,-827.74777643959
4182001,2012-01-21 23:41:52,-7.307092145,-69.87859837,-356.884036348779,-816.090083493185
4182001,2012-01-22 00:11:52,-7.684950256,-69.77289304,-369.884542137443,-802.593142534164
4182001,2012-01-22 00:41:52,-8.207927869,-69.63223237,-388.204905286168,-784.661974664991
4182001,2012-01-22 01:11:52,-8.701289902,-69.4505559,-405.188151393105,-762.444448000093
4182001,2012-01-22 01:41:52,-9.096234761,-69.29126275,-418.881528085039,-743.210809037307
4182001,2012-01-22 02:11:52,-9.365581896,-69.16460838,-428.172679991565,-728.138344373113
4182001,2012-01-22 02:41:52,-9.394045328,-69.15090992,-429.158853196638,-726.512801533746
4182001,2012-01-22 03:11:52,-9.410187222,-69.14977327,-429.786169271517,-726.327990971568
4182001,2012-01-22 03:41:52,-9.485052871,-69.14635157,-432.71523676808,-725.678559935357
4182001,2012-01-22 04:11:52,-9.703376764,-69.12034524,-441.109591408856,-722.023483194397
4182001,2012-01-22 04:41:52,-9.871902383,-69.15040777,-448.072329568857,-724.796040026864
4182001,2012-01-22 05:11:52,-10.01743869,-69.17633004,-454.071187565255,-727.201868936523
4182001,2012-01-22 05:41:52,-10.02536378,-69.17726925,-454.393213636256,-727.280773800312
4182001,2012-01-22 06:11:52,-10.03324261,-69.17809964,-454.712402673096,-727.347769730343
4182001,2012-01-22 06:41:52,-10.03842518,-69.17862413,-454.922152720846,-727.389445418073
4182001,2012-01-22 07:11:52,-10.04317982,-69.17888706,-455.112608540981,-727.40342726592
4182001,2012-01-22 07:41:52,-10.04653738,-69.17916189,-455.247902769927,-727.423223697533
4182001,2012-01-22 08:11:52,-10.05216597,-69.1785088,-455.464680885952,-727.332575736119
4182001,2012-01-22 08:41:52,-10.31239218,-69.12052901,-465.266311473007,-720.072522662127
4182001,2012-01-22 09:11:52,-10.32728394,-69.11761809,-465.832432152505,-719.703549005632
4182001,2012-01-22 09:41:52,-10.46610989,-69.12548929,-471.406561535028,-720.164737727441
4182001,2012-01-22 10:11:52,-10.64427829,-69.16138345,-478.759980089084,-723.64509154707
4182001,2012-01-22 10:41:52,-10.66468363,-69.15017845,-479.480017095904,-722.340924006171
4182001,2012-01-22 11:11:52,-10.82312811,-69.00397572,-484.650801259251,-705.634004182813
4182001,2012-01-22 11:41:52,-11.18294975,-69.0034003,-499.008949333866,-704.633043041564
4182001,2012-01-22 12:11:52,-11.38075264,-69.03996827,-507.146772106548,-708.225359244756
4182001,2012-01-22 12:41:52,-11.89250456,-69.05030062,-527.60882414723,-708.256436365768
4182001,2012-01-22 13:11:52,-11.90095704,-69.0508466,-527.948808508504,-708.300191461928
4182001,2012-01-22 13:41:52,-12.00624888,-69.05136888,-532.148565349027,-708.149774505008
4182001,2012-01-22 14:11:52,-12.41628222,-69.12800816,-548.854758403882,-715.945400428959
4182001,2012-01-22 14:41:52,-12.57999704,-69.14367016,-555.428602845924,-717.425077461509
4182001,2012-01-22 15:11:52,-12.58896912,-69.14398168,-555.786220476766,-717.44574763919
4182001,2012-01-22 15:41:52,-12.59987546,-69.14420699,-556.220254940178,-717.453854241188
4182001,2012-01-22 16:11:52,-12.8145496,-69.12937915,-564.68567842776,-715.482417802684
4182001,2012-01-22 16:41:52,-12.8422179,-69.01945665,-565.354021151566,-703.192974756618
4182001,2012-01-22 17:11:52,-12.8422565,-69.00458827,-565.297272356094,-701.535900887513
4182001,2012-01-22 17:41:52,-12.85630789,-69.00682826,-565.867559640402,-701.765850862179
4182001,2012-01-22 18:11:52,-12.87396444,-69.00816021,-566.578281318436,-701.889737022904
4182001,2012-01-22 18:41:52,-12.89086122,-69.01044997,-567.262235976065,-702.121618899696
4182001,2012-01-22 19:11:52,-13.05346546,-68.97561711,-573.636173442152,-698.024486325392
4182001,2012-01-22 19:41:52,-13.13824969,-68.9642824,-576.991085825843,-696.655813955595
4182001,2012-01-22 20:11:52,-13.36180793,-68.89661032,-585.742210665476,-688.857131878925
4182001,2012-01-22 20:41:52,-13.46825433,-68.87757123,-589.965284944932,-686.624395605473
4182001,2012-01-22 21:11:52,-13.68527103,-68.88121145,-598.699643178987,-686.827985463526
4182001,2012-01-22 21:41:52,-13.69075027,-68.88232819,-598.922574665741,-686.94777512574
4182001,2012-01-22 22:11:52,-13.69797298,-68.8782796,-599.203359761112,-686.490258557082
4182001,2012-01-22 22:41:52,-13.92028537,-68.93640066,-608.256223888778,-692.796759953608
4182001,2012-01-22 23:11:52,-14.05309039,-68.94851734,-613.603218934023,-694.059766673355
4182001,2012-01-22 23:41:52,-14.17915515,-68.96185825,-618.676314184151,-695.474460457819
4182001,2012-01-23 00:11:52,-14.55697388,-68.97806853,-633.825402552674,-697.126113904021
4182001,2012-01-23 00:41:52,-14.68930431,-68.99899684,-639.134855228002,-699.427159750274
4182001,2012-01-23 01:11:52,-15.00555928,-69.03913435,-651.783353954853,-703.871238445089
4182001,2012-01-23 01:41:52,-15.11643337,-69.04219068,-656.209143983164,-704.216434604138
4182001,2012-01-23 02:11:52,-15.25077085,-69.04482479,-661.570346684572,-704.526196017731
4182001,2012-01-23 02:41:52,-15.34571409,-69.03942136,-665.363151192266,-703.942115031397
4182001,2012-01-23 03:11:52,-15.47435008,-69.07459037,-670.468213669007,-707.897863912456
4182001,2012-01-23 03:41:52,-15.58885459,-69.15519414,-674.94576224729,-716.924867568572
4182001,2012-01-23 04:11:52,-15.77712007,-69.26094911,-682.272255866645,-728.799788057322
4182001,2012-01-23 04:41:52,-16.00939805,-69.39634185,-691.202120823875,-744.029348532363
4182001,2012-01-23 05:11:52,-16.14330282,-69.4526077,-696.343075994953,-750.395087111926
4182001,2012-01-23 05:41:52,-16.43011118,-69.57249879,-707.262818116855,-763.997379535333
4182001,2012-01-23 06:11:52,-16.52173881,-69.58852009,-710.78654046506,-765.869625476565
4182001,2012-01-23 06:41:52,-16.60401763,-69.64087892,-713.834950996923,-771.788425206079
4182001,2012-01-23 07:11:52,-16.78154247,-69.69769105,-720.54077423607,-778.312320131943
4182001,2012-01-23 07:41:52,-16.87856857,-69.77911009,-724.017269666699,-787.500525753913
4182001,2012-01-23 08:11:52,-17.06393973,-69.86380279,-730.845420504024,-797.171216894122
4182001,2012-01-23 08:41:52,-17.28445995,-69.98924978,-738.789353015346,-811.453953283006
4182001,2012-01-23 09:11:52,-17.42827363,-70.05232303,-743.998037047975,-818.695119205782
4182001,2012-01-23 09:41:52,-17.63425243,-70.1718626,-751.258626942757,-832.340865092337
4182001,2012-01-23 10:11:52,-17.72717194,-70.2860631,-754.20290126352,-845.220215639896
4182001,2012-01-23 10:41:52,-17.71866194,-70.34835165,-753.572486543761,-852.146342805481
4182001,2012-01-23 11:11:52,-17.73079831,-70.34987808,-754.019967555876,-852.336821621798
4182001,2012-01-23 11:41:52,-17.70628889,-70.35801439,-753.060555936705,-853.202316297169
4182001,2012-01-23 12:11:52,-17.74053129,-70.38196666,-754.223733890337,-855.928657593548
4182001,2012-01-23 12:41:52,-17.89717369,-70.47129586,-759.613336008971,-866.152995657457
4182001,2012-01-23 13:11:52,-18.03852627,-70.54704068,-764.459174651474,-874.848520606473
4182001,2012-01-23 13:41:52,-18.03962055,-70.54821093,-764.493275847444,-874.98092281754
4182001,2012-01-23 14:11:52,-18.04084797,-70.54932538,-764.532626325879,-875.107356913109
4182001,2012-01-23 14:41:52,-18.04170569,-70.55063425,-764.557162481027,-875.254762799318
4182001,2012-01-23 15:11:52,-18.08538552,-70.56407286,-766.102511183136,-876.833630920827
4182001,2012-01-23 15:41:52,-18.26110731,-70.61035408,-772.343598811148,-882.329390329227
4182001,2012-01-23 16:11:52,-18.5731076,-70.71377276,-783.209482671497,-894.495940501084
4182001,2012-01-23 16:41:52,-18.74808551,-70.76294763,-789.310768114318,-900.359942765235
4182001,2012-01-23 17:11:52,-18.90823118,-70.80971675,-794.853539647378,-905.937859165158
4182001,2012-01-23 17:41:52,-18.98503724,-70.85225606,-797.354450803421,-910.85642242689
4182001,2012-01-23 18:11:52,-18.8729786,-70.91598866,-792.805893481882,-917.685982305681
4182001,2012-01-23 18:41:52,-18.71121373,-70.95245185,-786.664190553056,-921.376855320716
4182001,2012-01-23 19:11:52,-18.5471195,-70.94977354,-780.71414165139,-920.720824590578
4182001,2012-01-23 19:41:52,-18.5360293,-70.94950195,-780.312511851109,-920.666980536836
4182001,2012-01-23 20:11:52,-18.31876378,-70.95340623,-772.384971094512,-920.654412523813
4182001,2012-01-23 20:41:52,-18.17334186,-70.93996885,-767.173515236937,-918.87397045841
4182001,2012-01-23 21:11:52,-18.18373469,-70.9420333,-767.539753099613,-919.12379478837
4182001,2012-01-23 21:41:52,-18.19738989,-70.94099303,-768.042902926193,-919.03410423819
4182001,2012-01-23 22:11:52,-18.21041282,-70.94021151,-768.521555832705,-918.972130336104
4182001,2012-01-23 22:41:52,-18.22253252,-70.93997974,-768.964102698041,-918.969746887645
4182001,2012-01-23 23:11:52,-18.23281063,-70.93997119,-769.338291368767,-918.988736628654
4182001,2012-01-23 23:41:52,-18.25673145,-70.9429348,-770.191277849808,-919.365503327786
4182001,2012-01-24 00:11:52,-18.24263113,-70.94010288,-769.694983407952,-919.022518931559
4182001,2012-01-24 00:41:52,-18.27284159,-70.94748673,-770.750200487641,-919.904137069399
4182001,2012-01-24 01:11:52,-18.28394627,-70.95209627,-771.126410719318,-920.439447598568
4182001,2012-01-24 01:41:52,-18.2941326,-70.95180043,-771.498755632089,-920.426624540428
4182001,2012-01-24 02:11:52,-18.28993948,-70.95111588,-771.350361938797,-920.342082787882
4182001,2012-01-24 02:41:52,-18.28662134,-70.94980154,-771.23759713038,-920.189129737112
4182001,2012-01-24 03:11:52,-18.28456902,-70.94785586,-771.174686387339,-919.968358657899
4182001,2012-01-24 03:41:52,-18.28202897,-70.94566254,-771.095507813088,-919.719043961529
4182001,2012-01-24 04:11:52,-18.28098134,-70.9432534,-771.071925351903,-919.448635403716
4182001,2012-01-24 04:41:52,-18.28357824,-70.93947718,-771.189245276369,-919.033144471775
4182001,2012-01-24 05:11:52,-18.27350037,-70.92692892,-770.897958146006,-917.615584943292
4182001,2012-01-24 05:41:52,-18.10847642,-70.97277431,-764.624560495301,-922.406026351873
4182001,2012-01-24 06:11:52,-17.86892408,-71.02883172,-755.621457301932,-928.222157095542
4182001,2012-01-24 06:41:52,-17.97019504,-71.10101274,-758.897468716301,-936.441043330665
4182001,2012-01-24 07:11:52,-18.02155323,-71.13294568,-760.57440598959,-940.090476431111
4182001,2012-01-24 07:41:52,-18.11211167,-71.19117349,-763.505320334076,-946.742657919843
4182001,2012-01-24 08:11:52,-18.26320157,-71.29518373,-768.310059047767,-958.614547700333
4182001,2012-01-24 08:41:52,-18.29851152,-71.33301599,-769.34218489997,-962.897088851034
4182001,2012-01-24 09:11:52,-18.32668364,-71.35281645,-770.225778244268,-965.157662670982
4182001,2012-01-24 09:41:52,-18.44779357,-71.46775801,-773.81072384797,-978.201178765958
4182001,2012-01-24 10:11:52,-18.65731678,-71.59318288,-780.385265464137,-992.604644342569
4182001,2012-01-24 10:41:52,-18.77690484,-71.65297607,-784.175689840789,-999.521561874429
4182001,2012-01-24 11:11:52,-19.05377018,-71.7709236,-793.000912592791,-1013.28147916151
4182001,2012-01-24 11:41:52,-19.17344958,-71.87627946,-796.357807267551,-1025.29255394953
4182001,2012-01-24 12:11:52,-19.24058132,-71.97256972,-797.928124490948,-1036.17166771828
4182001,2012-01-24 12:41:52,-19.23256692,-72.00922818,-797.364760473829,-1040.23212380153
4182001,2012-01-24 13:11:52,-19.2316874,-72.00831467,-797.341662274926,-1040.12832504461
4182001,2012-01-24 13:41:52,-19.23158585,-72.00740652,-797.34528172327,-1040.02700624179
4182001,2012-01-24 14:11:52,-19.23213104,-72.00651443,-797.371024329349,-1039.92904062172
4182001,2012-01-24 14:41:52,-19.23646043,-72.02436964,-797.379955113807,-1041.92672291954
4182001,2012-01-24 15:11:52,-19.21389733,-72.05060832,-796.399794859582,-1044.79253308961
4182001,2012-01-24 15:41:52,-19.2359478,-72.00477944,-797.515931495928,-1039.74519043405
4182001,2012-01-24 16:11:52,-19.23863823,-72.00422076,-797.612879258976,-1039.68953499404
4182001,2012-01-24 16:41:52,-19.27794589,-72.03752982,-798.701527481375,-1043.49227520685
4182001,2012-01-24 17:11:52,-19.42568706,-72.07722003,-803.449840417382,-1048.27598226812
4182001,2012-01-24 17:41:52,-19.6836026,-72.2152431,-811.088564966994,-1064.29947933805
4182001,2012-01-24 18:11:52,-19.91612259,-72.36068128,-817.667662986801,-1081.10569539782
4182001,2012-01-24 18:41:52,-20.3212913,-72.44603154,-830.484285676296,-1091.75861929116
4182001,2012-01-24 19:11:52,-20.7065672,-72.52742645,-842.5431439099,-1101.99029418463
4182001,2012-01-24 19:41:52,-21.00360988,-72.65470782,-851.036773136297,-1117.09384756482
4182001,2012-01-24 20:11:52,-21.33469965,-72.80853343,-860.19166763458,-1135.29792289483
4182001,2012-01-24 20:41:52,-21.73286506,-72.96075472,-871.351680707438,-1153.61096564115
4182001,2012-01-24 21:11:52,-22.02805983,-73.10740126,-879.031901883046,-1170.97490974305
4182001,2012-01-24 21:41:52,-22.40703096,-73.25699306,-889.180002039401,-1189.0260115416
4182001,2012-01-24 22:11:52,-22.66468906,-73.3741671,-895.73267058312,-1203.04173075689
4182001,2012-01-24 22:41:52,-22.7677816,-73.47937341,-897.477421300449,-1215.11211263822
4182001,2012-01-24 23:11:52,-23.00796769,-73.49302055,-904.836650142445,-1217.62663688861
4182001,2012-01-24 23:41:52,-23.37658797,-73.35567318,-918.570013527113,-1204.0415561608
4182001,2012-01-25 00:11:52,-23.7139371,-73.38937303,-928.708189876888,-1209.30285282113
4182001,2012-01-25 00:41:52,-24.04541377,-73.44543502,-938.234284682596,-1217.05922013651
4182001,2012-01-25 01:11:52,-24.32386496,-73.47820968,-946.425468649594,-1222.03261030295
4182001,2012-01-25 01:41:52,-24.34110447,-73.4795348,-946.943543527853,-1222.26404590166
4182001,2012-01-25 02:11:52,-24.75279148,-73.51377345,-959.236283965311,-1228.1195627557
4182001,2012-01-25 02:41:52,-24.89891359,-73.59165904,-962.371659980967,-1237.4585558357
4182001,2012-01-25 03:11:52,-25.50501806,-73.63034031,-980.470526225837,-1244.96789829262
4182001,2012-01-25 03:41:52,-25.92337819,-73.70658442,-991.886293453567,-1255.69738352813
4182001,2012-01-25 04:11:52,-25.93457264,-73.70445837,-992.274779697968,-1255.52782024592
4182001,2012-01-25 04:41:52,-26.11157583,-73.75375085,-996.711558890346,-1261.959951176
4182001,2012-01-25 05:11:52,-26.28127625,-73.81738752,-1000.58782473783,-1269.93383699525
4182001,2012-01-25 05:41:52,-26.43262373,-73.91636158,-1003.1089148387,-1281.6825528081
4182001,2012-01-25 06:11:52,-26.48901019,-74.02299814,-1002.53863624361,-1293.7101998746
4182001,2012-01-25 06:41:52,-26.51238251,-74.10550048,-1001.47270878785,-1302.89456374318
4182001,2012-01-25 07:11:52,-26.33077377,-74.17340898,-994.578945075451,-1309.28413334137
4182001,2012-01-25 07:41:52,-26.50037114,-74.2856002,-997.245850571278,-1322.57169065666
4182001,2012-01-25 08:11:52,-26.52721844,-74.35303866,-996.591686074395,-1330.12181517242
4182001,2012-01-25 08:41:52,-26.42804521,-74.41163992,-992.4061272465,-1335.97474449079
4182001,2012-01-25 09:11:52,-26.2594809,-74.51687281,-985.220129167814,-1346.56038942564
4182001,2012-01-25 09:41:52,-26.19974843,-74.6401205,-980.888030550562,-1359.75034640265
4182001,2012-01-25 10:11:52,-26.68471988,-74.60369782,-995.776807705571,-1358.50993493852
4182001,2012-01-25 10:41:52,-27.12463899,-74.56858515,-1009.36755832844,-1357.26846928866
4182001,2012-01-25 11:11:52,-27.12793231,-74.56912679,-1009.45121387236,-1357.34760537519
4182001,2012-01-25 11:41:52,-27.13221244,-74.56906515,-1009.57728325327,-1357.36669060683
4182001,2012-01-25 12:11:52,-27.13747838,-74.56904192,-1009.73119488089,-1357.39594040456
4182001,2012-01-25 12:41:52,-27.14416629,-74.56929908,-1009.92015822716,-1357.46447378143
4182001,2012-01-25 13:11:52,-27.29930065,-74.60671852,-1013.57741476623,-1362.49985503563
4182001,2012-01-25 13:41:52,-27.54737102,-74.66489045,-1019.41487638087,-1370.38569555088
4182001,2012-01-25 14:11:52,-27.62356054,-74.67382608,-1021.40645455074,-1371.83601160869
4182001,2012-01-25 14:41:52,-27.53374734,-74.77205314,-1016.50983936463,-1382.01082216029
4182001,2012-01-25 15:11:52,-27.39405165,-74.77686515,-1012.38619461221,-1381.68119091659
4182001,2012-01-25 15:41:52,-27.29591004,-74.74397502,-1010.32366698262,-1377.48920873626
4182001,2012-01-25 16:11:52,-27.30237951,-74.7280553,-1010.87616571694,-1375.78750969946
4182001,2012-01-25 16:41:52,-27.31261376,-74.72974409,-1011.13220004949,-1376.03424940545
4182001,2012-01-25 17:11:52,-27.30538824,-74.78510778,-1009.64985942871,-1382.04452349015
4182001,2012-01-25 17:41:52,-27.2774284,-74.79329376,-1008.65906449327,-1382.77096398725
4182001,2012-01-25 18:11:52,-27.25837128,-74.80272852,-1007.89578218092,-1383.68804970834
4182001,2012-01-25 18:41:52,-27.25588915,-74.81019701,-1007.65335371421,-1384.48993406615
4182001,2012-01-25 19:11:52,-27.25299225,-74.86510178,-1006.31159793244,-1390.47732684229
4182001,2012-01-25 19:41:52,-27.19243612,-74.88949218,-1004.02494799332,-1392.78355711291
4182001,2012-01-25 20:11:52,-27.16044172,-74.90368226,-1002.78919163126,-1394.14578432323
4182001,2012-01-25 20:41:52,-27.0547254,-74.88243925,-1000.25452955807,-1391.19677672266
4182001,2012-01-25 21:11:52,-27.04388523,-74.88444158,-999.899854177056,-1391.35212683516
4182001,2012-01-25 21:41:52,-27.03341556,-74.88643859,-999.55594522982,-1391.50914353672
4182001,2012-01-25 22:11:52,-27.02115394,-74.88475046,-999.243866335378,-1391.25237722142
4182001,2012-01-25 22:41:52,-27.01049781,-74.88382848,-998.960321801343,-1391.08894203162
4182001,2012-01-25 23:11:52,-26.97127831,-74.88245278,-997.871132654121,-1390.70869927256
4182001,2012-01-25 23:41:52,-26.95844399,-74.88344928,-997.482246626807,-1390.7427911915
4182001,2012-01-26 00:11:52,-26.96378144,-74.88093656,-997.690957895088,-1390.49890320558
4182001,2012-01-26 00:41:52,-26.97409391,-74.87540566,-998.109492253502,-1389.95374550678
4182001,2012-01-26 01:11:52,-26.97514827,-74.87392196,-998.172875440893,-1389.7975004089
4182001,2012-01-26 01:41:52,-26.97177444,-74.87939419,-997.953840022604,-1390.37678732308
4182001,2012-01-26 02:11:52,-26.95969609,-74.91256796,-996.866119545475,-1393.93772688374
4182001,2012-01-26 02:41:52,-27.06235717,-74.88736432,-1000.36125602798,-1391.78068918802
4182001,2012-01-26 03:11:52,-27.02540649,-74.87348246,-999.618901614903,-1390.04408934718
4182001,2012-01-26 03:41:52,-27.03461094,-74.87582981,-999.829030475241,-1390.35509816824
4182001,2012-01-26 04:11:52,-27.00486407,-74.87993907,-998.886837500249,-1390.63019393958
4182001,2012-01-26 04:41:52,-27.03575763,-74.88965703,-999.550305200994,-1391.87514225823
4182001,2012-01-26 05:11:52,-27.04312055,-74.89476213,-999.645383383273,-1392.47711969559
4182001,2012-01-26 05:41:52,-27.06712051,-74.90176003,-1000.17207679041,-1393.38409904446
4182001,2012-01-26 06:11:52,-27.06268357,-74.89748014,-1000.14217991457,-1392.88962414469
4182001,2012-01-26 06:41:52,-27.11304592,-74.89002697,-1001.74765471499,-1392.37114496743
4182001,2012-01-26 07:11:52,-27.11108538,-74.89530801,-1001.57200236389,-1392.93738780008
4182001,2012-01-26 07:41:52,-27.10628327,-74.89990518,-1001.33085200736,-1393.41202874417
4182001,2012-01-26 08:11:52,-27.1012328,-74.90399892,-1001.09410172268,-1393.83014498225
4182001,2012-01-26 08:41:52,-27.09611138,-74.90738813,-1000.87135332167,-1394.17077859501
4182001,2012-01-26 09:11:52,-27.09152142,-74.90920987,-1000.69928809021,-1394.34305228408
4182001,2012-01-26 09:41:52,-26.91805627,-74.87078761,-996.611102717391,-1389.12105744745
4182001,2012-01-26 10:11:52,-26.82088639,-74.84425082,-994.419878304642,-1385.65104244402
4182001,2012-01-26 10:41:52,-26.81860066,-74.80743315,-995.168746843435,-1381.60548493857
4182001,2012-01-26 11:11:52,-26.81632437,-74.79488183,-995.380913999032,-1380.21762626086
4182001,2012-01-26 11:41:52,-26.79004238,-74.79513835,-994.619915451549,-1380.09340654573
4182001,2012-01-26 12:11:52,-26.80780499,-74.78423331,-995.371352241142,-1379.00192032332
4182001,2012-01-26 12:41:52,-26.86581466,-74.76683821,-997.425695405506,-1377.43439779053
4182001,2012-01-26 13:11:52,-27.05520775,-74.84413306,-1001.13252988293,-1387.00748588569
4182001,2012-01-26 13:41:52,-27.030738,-74.88003555,-999.623684964809,-1390.79263065504
4182001,2012-01-26 14:11:52,-27.02666053,-74.88320451,-999.435894723699,-1391.1155078941
4182001,2012-01-26 14:41:52,-26.77133087,-74.84807752,-992.91585803631,-1385.78402938568
4182001,2012-01-26 15:11:52,-26.71461457,-74.76644884,-993.080725939394,-1376.51494711916
4182001,2012-01-26 15:41:52,-26.68523246,-74.74778411,-992.642553563949,-1374.30076374725
4182001,2012-01-26 16:11:52,-26.72884462,-74.74425431,-993.977607441458,-1374.16547422177
4182001,2012-01-26 16:41:52,-26.75854107,-74.7536845,-994.626569014893,-1375.37026598941
4182001,2012-01-26 17:11:52,-26.6687997,-74.77894991,-991.488172863786,-1377.6212708664
4182001,2012-01-26 17:41:52,-26.5809211,-74.75124365,-989.558978722527,-1374.08237587462
4182001,2012-01-26 18:11:52,-26.74884777,-74.7438233,-994.56396371694,-1374.23390823842
4182001,2012-01-26 18:41:52,-27.04126077,-74.82727373,-1001.11316580468,-1385.08009621143
4182001,2012-01-26 19:11:52,-27.25701972,-74.88237989,-1006.03035738015,-1392.39107051677
4182001,2012-01-26 19:41:52,-27.25275112,-74.88898182,-1005.75717009205,-1393.08755520309
4182001,2012-01-26 20:11:52,-27.24977434,-74.89452843,-1005.54510653479,-1393.67637077685
4182001,2012-01-26 20:41:52,-27.24116306,-74.89994423,-1005.17549163459,-1394.21724498768
4182001,2012-01-26 21:11:52,-27.21379972,-74.89414441,-1004.52805509322,-1393.4196624827
4182001,2012-01-26 21:41:52,-27.08322713,-74.79840177,-1002.96848565379,-1382.16868827628
4182001,2012-01-26 22:11:52,-27.0878674,-74.78832138,-1003.32965912163,-1381.09313479619
4182001,2012-01-26 22:41:52,-27.07109822,-74.78241313,-1002.98136289673,-1380.34708985931
4182001,2012-01-26 23:11:52,-26.68972124,-74.78035553,-992.059559379784,-1377.89538367481
4182001,2012-01-26 23:41:52,-26.59896182,-74.76973763,-989.677872826217,-1376.21224933843
4182001,2012-01-27 00:11:52,-26.89415136,-74.84952042,-996.401120458235,-1386.65331947823
4182001,2012-01-27 00:41:52,-27.15368006,-74.92035117,-1002.21725446558,-1395.9292869566
4182001,2012-01-27 01:11:52,-27.13601967,-74.94207701,-1001.22080287057,-1398.20173794237
4182001,2012-01-27 01:41:52,-27.13333606,-74.94121044,-1001.1641741401,-1398.09108429951
4182001,2012-01-27 02:11:52,-26.9100141,-74.93776574,-994.887860020005,-1396.40748328516
4182001,2012-01-27 02:41:52,-26.7127069,-74.86943815,-990.76814548929,-1387.78730852808
4182001,2012-01-27 03:11:52,-26.61530094,-74.81785176,-989.102604543831,-1381.57847432929
4182001,2012-01-27 03:41:52,-26.61573206,-74.78977467,-989.725372109323,-1378.50390183327
4182001,2012-01-27 04:11:52,-26.58671503,-74.79431047,-988.792267374392,-1378.83567154661
4182001,2012-01-27 04:41:52,-26.65539673,-74.83672902,-989.842028274056,-1383.87578761604
4182001,2012-01-27 05:11:52,-26.67056806,-74.84101756,-990.183380353409,-1384.4323649996
4182001,2012-01-27 05:41:52,-26.78506868,-74.84348158,-993.41073279956,-1385.35982120084
4182001,2012-01-27 06:11:52,-27.16286585,-74.86582864,-1003.71994751992,-1390.01903784087
4182001,2012-01-27 06:41:52,-27.16646939,-74.9667743,-1001.52411370817,-1401.08351908236
4182001,2012-01-27 07:11:52,-27.17044789,-74.97452119,-1001.46053570193,-1401.95449286815
4182001,2012-01-27 07:41:52,-27.17514459,-74.98232441,-1001.41591850741,-1402.83585614255
4182001,2012-01-27 08:11:52,-27.17768032,-74.98999841,-1001.3128551269,-1403.69029876364
4182001,2012-01-27 08:41:52,-27.1798638,-74.99745321,-1001.20473321894,-1404.51867013606
4182001,2012-01-27 09:11:52,-27.17733235,-75.00405042,-1000.9825937596,-1405.22538494689
4182001,2012-01-27 09:41:52,-27.17279399,-75.01008664,-1000.71649203221,-1405.85890850745
4182001,2012-01-27 10:11:52,-27.09357142,-75.03522334,-997.904386753818,-1408.14356325231
4182001,2012-01-27 10:41:52,-26.87025461,-75.01763276,-991.980661314495,-1404.92271474167
4182001,2012-01-27 11:11:52,-26.85846505,-75.01593409,-991.68450056783,-1404.66894691014
4182001,2012-01-27 11:41:52,-26.87268228,-75.01412732,-992.127365183109,-1404.55284120679
4182001,2012-01-27 12:11:52,-26.83350923,-75.01392154,-991.02221833241,-1404.3053234537
4182001,2012-01-27 12:41:52,-26.8260493,-75.0129219,-990.83301484741,-1404.15308798512
4182001,2012-01-27 13:11:52,-26.6485456,-74.97549504,-986.619001700469,-1399.04237190438
4182001,2012-01-27 13:41:52,-26.61473058,-74.96488324,-985.888829198939,-1397.68839032069
4182001,2012-01-27 14:11:52,-26.53381294,-74.9502817,-983.902576529581,-1395.63258075076
4182001,2012-01-27 14:41:52,-26.55351945,-74.94509633,-984.575912565816,-1395.1748955261
4182001,2012-01-27 15:11:52,-27.04361919,-74.94314168,-998.568890017476,-1397.77469488523
4182001,2012-01-27 15:41:52,-27.18581786,-74.98158968,-1001.73534693986,-1402.81858573759
4182001,2012-01-27 16:11:52,-27.19228757,-74.98690805,-1001.79740982326,-1403.43860981221
4182001,2012-01-27 16:41:52,-27.21038574,-75.01221938,-1001.73175658621,-1406.31424625982
4182001,2012-01-27 17:11:52,-27.22352153,-75.0141045,-1002.0603323941,-1406.59817276497
4182001,2012-01-27 17:41:52,-27.2366231,-75.01679303,-1002.36942340057,-1406.96982821601
4182001,2012-01-27 18:11:52,-27.24943347,-75.02022458,-1002.65308865301,-1407.42107174322
4182001,2012-01-27 18:41:52,-27.06040641,-75.04186206,-996.816897137975,-1408.67624481754
4182001,2012-01-27 19:11:52,-26.66361206,-75.00155177,-986.477908482329,-1401.98272017992
4182001,2012-01-27 19:41:52,-26.57701404,-74.98694438,-984.337680393245,-1399.89370675668
4182001,2012-01-27 20:11:52,-26.60272718,-74.98740968,-985.057882437093,-1400.0893648329
4182001,2012-01-27 20:41:52,-26.56710814,-74.98518826,-984.094363463836,-1399.64558316982
4182001,2012-01-27 21:11:52,-26.73562389,-74.94136409,-989.843399620127,-1395.79799208271
4182001,2012-01-27 21:41:52,-27.15202786,-74.96540935,-1001.14519917259,-1400.8488840622
4182001,2012-01-27 22:11:52,-27.28132862,-75.01123315,-1003.76181913952,-1406.62727305542
4182001,2012-01-27 22:41:52,-27.27515685,-75.0128135,-1003.55086893725,-1406.76337767779
4182001,2012-01-27 23:11:52,-27.10500903,-75.01316335,-998.727777699464,-1405.79683661563
4182001,2012-01-27 23:41:52,-26.73211562,-74.91763047,-990.264884573618,-1393.17797491437
4182001,2012-01-28 00:11:52,-26.58627394,-74.83272648,-987.946492287304,-1383.04362893645
4182001,2012-01-28 00:41:52,-26.51468183,-74.81617259,-986.249156304383,-1380.82371271399
4182001,2012-01-28 01:11:52,-26.10779337,-74.59846472,-979.079112467625,-1354.66945138507
4182001,2012-01-28 01:41:52,-26.16115385,-74.37071028,-985.387446577416,-1329.96805646984
4182001,2012-01-28 02:11:52,-26.03742473,-74.1845343,-985.564537730302,-1308.83457315273
4182001,2012-01-28 02:41:52,-26.02282397,-73.94963797,-989.958804606884,-1282.95893933412
4182001,2012-01-28 03:11:52,-25.66823412,-73.68002245,-984.543904105912,-1251.33697311056
4182001,2012-01-28 03:41:52,-25.21638157,-73.40328663,-975.834572215893,-1218.40560573114
4182001,2012-01-28 04:11:52,-24.88256759,-73.15947306,-969.810833898639,-1189.76064838309
4182001,2012-01-28 04:41:52,-24.54224722,-72.91145614,-963.335002320862,-1160.63117474232
4182001,2012-01-28 05:11:52,-24.34784391,-72.65499446,-961.479517163729,-1131.33476677128
4182001,2012-01-28 05:41:52,-23.71306445,-72.50587336,-942.982299142342,-1111.68707813968
4182001,2012-01-28 06:11:52,-23.3375876,-72.44933517,-931.372284331594,-1103.65034554508
4182001,2012-01-28 06:41:52,-22.76559863,-72.29351419,-914.518400600378,-1083.82410973053
4182001,2012-01-28 07:11:52,-22.0769004,-72.14636806,-893.227874770975,-1064.63167918299
4182001,2012-01-28 07:41:52,-21.36026829,-72.04196048,-870.071428186923,-1050.30968223825
4182001,2012-01-28 08:11:52,-20.64570169,-71.91712761,-846.894561728745,-1033.99143845416
4182001,2012-01-28 08:41:52,-20.14867784,-71.81114938,-830.746396415302,-1020.66821033297
4182001,2012-01-28 09:11:52,-19.58988472,-71.70834646,-812.206818625035,-1007.66023828864
4182001,2012-01-28 09:41:52,-18.81113627,-71.6538646,-785.369948713369,-999.696055851426
4182001,2012-01-28 10:11:52,-18.02407905,-71.58915716,-758.121168744166,-990.921763525491
4182001,2012-01-28 10:41:52,-17.42869213,-71.51610652,-737.480349324705,-981.832397244067
4182001,2012-01-28 11:11:52,-16.52362588,-71.38714024,-705.832604669685,-966.404657835849
4182001,2012-01-28 11:41:52,-15.71234953,-71.19989695,-677.182920461855,-944.987669933914
4182001,2012-01-28 12:11:52,-15.06115257,-70.9811445,-653.785601142788,-920.440362867029
4182001,2012-01-28 12:41:52,-14.43766059,-70.76008417,-630.880106917556,-895.880602192525
4182001,2012-01-28 13:11:52,-13.97821565,-70.64271615,-613.763754852457,-883.013168212273
4182001,2012-01-28 13:41:52,-13.33959469,-70.47534165,-589.634099731282,-864.874627803876
4182001,2012-01-28 14:11:52,-12.68130819,-70.33973306,-564.514708683806,-850.564367545908
4182001,2012-01-28 14:41:52,-12.05212221,-70.17455435,-540.01673825342,-833.184751380283
4182001,2012-01-28 15:11:52,-11.38598848,-70.01584092,-513.784789318506,-816.870356608798
4182001,2012-01-28 15:41:52,-10.79229318,-69.84905943,-489.897803595577,-799.762095030268
4182001,2012-01-28 16:11:52,-10.08486477,-69.74956824,-461.872161400637,-790.730626208992
4182001,2012-01-28 16:41:52,-9.329741017,-69.6905107,-432.186346253314,-786.69638941567
4182001,2012-01-28 17:11:52,-8.601694057,-69.57160822,-402.715894722521,-776.284083738347
4182001,2012-01-28 17:41:52,-7.852758836,-69.49817779,-372.740359360986,-771.373585549322
4182001,2012-01-28 18:11:52,-7.206589918,-69.41628003,-346.483339239254,-765.387098122967
4182001,2012-01-28 18:41:52,-6.574881916,-69.39517257,-321.560848801511,-766.333849396351
4182001,2012-01-28 19:11:52,-5.927525414,-69.42144273,-296.793168541895,-772.86575963585
4182001,2012-01-28 19:41:52,-5.23742204,-69.36822871,-269.053318769111,-771.157595427547
4182001,2012-01-28 20:11:52,-4.570265817,-69.35455262,-242.865816071851,-773.972280705181
4182001,2012-01-28 20:41:52,-4.020416657,-69.42013089,-222.824104494639,-784.960429028602
4182001,2012-01-28 21:11:52,-3.558081264,-69.47236587,-206.036584093008,-794.013951626504
4182001,2012-01-28 21:41:52,-3.07558026,-69.49220932,-187.882046969683,-799.789451983875
4182001,2012-01-28 22:11:52,-2.619680967,-69.52317837,-171.058715564999,-806.715460694871
4182001,2012-01-28 22:41:52,-2.170475119,-69.61291014,-155.937878534812,-820.137271496495
4182001,2012-01-28 23:11:52,-1.717339036,-69.70310008,-140.849708384077,-833.742223113037
4182001,2012-01-28 23:41:52,-1.532545371,-69.66441637,-132.896222111348,-831.081692011945
4182001,2012-01-29 00:11:52,-0.959876233,-69.58989232,-109.270622076002,-827.947163594287
4182001,2012-01-29 00:41:52,-0.476011787,-69.5752008,-90.4963948254201,-830.735650612598
4182001,2012-01-29 01:11:52,0.022221761,-69.5707837,-71.4626920303317,-834.930026597581
4182001,2012-01-29 01:41:52,0.599107729,-69.66933166,-52.3965387438698,-851.216700249769
4182001,2012-01-29 02:11:52,1.091218533,-69.76102692,-36.5562446428326,-866.062867674499
4182001,2012-01-29 02:41:52,1.458827359,-69.87885881,-26.3311725195763,-882.553384870966
4182001,2012-01-29 03:11:52,1.905286642,-69.95197261,-11.9992807074532,-895.098712405516
4182001,2012-01-29 03:41:52,2.157727126,-70.02872229,-5.06757864553106,-906.045463154123
4182101,2011-12-14 19:54:48,0.740114067,-69.86897525,-52.8025767278584,-874.232382121822
4182101,2011-12-14 20:24:48,0.209576919,-69.63810567,-66.2195139054149,-844.03383361567
4182101,2011-12-14 20:54:48,-0.375763671,-69.43877207,-83.0619524907031,-816.827115319836
4182101,2011-12-14 21:24:48,-0.949575732,-69.2375001,-99.8825405540022,-789.639486525484
4182101,2011-12-14 21:54:48,-1.449762891,-69.06104008,-114.899856940286,-765.931112765175
4182101,2011-12-14 22:24:48,-1.728164794,-68.97608735,-123.731110871762,-754.226829614215
4182101,2011-12-14 22:54:48,-2.004270784,-68.89067551,-132.5569233518,-742.525591769962
4182101,2011-12-14 23:24:48,-2.292275933,-68.81374468,-142.144522216062,-731.687141960086
4182101,2011-12-14 23:54:48,-2.621477692,-68.76334338,-154.055570723699,-723.459401568622
4182101,2011-12-15 00:24:48,-2.949075143,-68.71226779,-165.960541790155,-715.230773827252
4182101,2011-12-15 00:54:48,-3.22393872,-68.65818264,-175.76582182947,-707.140291095703
4182101,2011-12-15 01:24:48,-3.423132039,-68.60032218,-182.519619985042,-699.252749679151
4182101,2011-12-15 01:54:48,-3.621224491,-68.54222089,-189.270433930686,-691.366322154703
4182101,2011-12-15 02:24:48,-3.902446453,-68.464121,-199.021297344124,-680.685405896163
4182101,2011-12-15 02:54:48,-4.287341953,-68.36025414,-212.568149185414,-666.464746729831
4182101,2011-12-15 03:24:48,-4.668458833,-68.25547722,-226.103797307444,-652.246783591563
4182101,2011-12-15 03:54:48,-5.032939042,-68.12048139,-238.57171766632,-634.884204076762
4182101,2011-12-15 04:24:48,-5.374988564,-67.94525905,-249.604689670852,-613.292729167499
4182101,2011-12-15 04:54:48,-5.711506437,-67.76938257,-260.625116788914,-591.71403027928
4182101,2011-12-15 05:24:48,-6.067957569,-67.58975153,-272.65190643755,-569.647651562844
4182101,2011-12-15 05:54:48,-6.446504061,-67.40585505,-285.796979983407,-547.037522152128
4182101,2011-12-15 06:24:48,-6.818770386,-67.22112675,-298.925282053869,-524.440610962435
4182101,2011-12-15 06:54:48,-7.096799331,-67.03531884,-308.222962857526,-502.31080088141
4182101,2011-12-15 07:24:48,-7.309678881,-66.84900402,-314.86729938229,-480.510201588586
4182101,2011-12-15 07:54:48,-7.519067723,-66.66250268,-321.504298167991,-458.724522888469
4182101,2011-12-15 08:24:48,-7.731182524,-66.48651418,-328.544293568341,-438.10714618387
4182101,2011-12-15 08:54:48,-7.944846634,-66.31858135,-335.893835066163,-418.39440492612
4182101,2011-12-15 09:24:48,-8.155416343,-66.15043234,-343.235305225094,-398.693714376313
4182101,2011-12-15 09:54:48,-8.314658216,-66.01315729,-348.754366819279,-382.686731951982
4182101,2011-12-15 10:24:48,-8.445090107,-65.8932713,-353.248597661866,-368.757941828161
4182101,2011-12-15 10:54:48,-8.574193527,-65.77331678,-357.739341038597,-354.835394193768
4182101,2011-12-15 11:24:48,-8.748055812,-65.61000948,-363.857831306456,-335.902033761006
4182101,2011-12-15 11:54:48,-8.943228714,-65.42393259,-370.821511487583,-314.35910632493
4182101,2011-12-15 12:24:48,-9.135379457,-65.23771013,-377.776533565324,-292.831331021683
4182101,2011-12-15 12:54:48,-9.276689943,-65.02150917,-382.175098060313,-268.207072276316
4182101,2011-12-15 13:24:48,-9.392782866,-64.79110901,-385.352012757611,-242.118299426602
4182101,2011-12-15 13:54:48,-9.506707251,-64.56081004,-388.525458217459,-216.053412629386
4182101,2011-12-15 14:24:48,-9.595079948,-64.41621306,-391.376903196736,-199.620837608301
4182101,2011-12-15 14:54:48,-9.670776693,-64.31475057,-394.065842072889,-188.036467559298
4182101,2011-12-15 15:24:48,-9.745858172,-64.21328452,-396.752991548144,-176.456809728768
4182101,2011-12-15 15:54:48,-9.84272156,-64.05349682,-400.000123159727,-158.310937654848
4182101,2011-12-15 16:24:48,-9.944776095,-63.87670557,-403.407957873131,-138.258573218546
4182101,2011-12-15 16:54:48,-10.04541223,-63.6999573,-406.812107592896,-118.220751688077
4182101,2011-12-15 17:24:48,-10.13355553,-63.47201651,-409.22735441944,-92.5427222983999
4182101,2011-12-15 17:54:48,-10.21834642,-63.23596758,-411.481388266587,-65.9779756042008
4182101,2011-12-15 18:24:48,-10.30160254,-63.00008608,-413.733162640703,-39.4395567696793
4182101,2011-12-15 18:54:48,-10.40957653,-62.82604329,-417.80819133335,-19.6898265169975
4182101,2011-12-15 19:24:48,-10.51883885,-62.65837382,-422.066202116599,-0.650293412245446
4182101,2011-12-15 19:54:48,-10.6267197,-62.49072485,-426.319094335789,18.3757025882405
4182101,2011-12-15 20:24:48,-10.64945437,-62.37189504,-426.597396801834,31.6715774441018
4182101,2011-12-15 20:54:48,-10.65844782,-62.2610206,-426.232870267998,44.0347683108894
4182101,2011-12-15 21:24:48,-10.66736692,-62.15019659,-425.869137774308,56.3921076216793
4182101,2011-12-15 21:54:48,-10.69929292,-62.03240303,-426.659740693388,69.6046810676316
4182101,2011-12-15 22:24:48,-10.73425474,-61.91364558,-427.616418306824,82.9346406733548
4182101,2011-12-15 22:54:48,-10.76891059,-61.79493754,-428.572616920623,96.2576325887649
4182101,2011-12-15 23:24:48,-10.80229833,-61.6145005,-429.033426693292,116.442042058439
4182101,2011-12-15 23:54:48,-10.83515776,-61.42882577,-429.451726383483,137.207034557035
4182101,2011-12-16 00:24:48,-10.86757571,-61.2432899,-429.870585001498,157.954867137766
4182101,2011-12-16 00:54:48,-10.84728031,-61.06916672,-427.551067345041,177.253616547235
4182101,2011-12-16 01:24:48,-10.82434128,-60.89579825,-425.083710234715,196.458174457691
4182101,2011-12-16 01:54:48,-10.80168534,-60.72255673,-422.621261475169,215.648331660079
4182101,2011-12-16 02:24:48,-10.74312387,-60.57641176,-418.37632135284,231.696686110228
4182101,2011-12-16 02:54:48,-10.68484262,-60.43057362,-414.12166027047,247.707621940084
4182101,2011-12-16 03:24:48,-10.63001742,-60.28982277,-410.068272701696,263.161202868439
4182101,2011-12-16 03:54:48,-10.63109241,-60.24680334,-409.810231252658,267.949224830486
4182101,2011-12-16 04:24:48,-10.63216415,-60.20379219,-409.55236434895,272.73630686509
4182101,2011-12-16 04:54:48,-10.63323266,-60.16078932,-409.29467234533,277.522448987997
4182101,2011-12-16 05:24:48,-10.63684738,-60.14659953,-409.390588541595,279.113719841547
4182101,2011-12-16 05:54:48,-10.64046706,-60.13250687,-409.4876825877,280.694202571136
4182101,2011-12-16 06:24:48,-10.64420291,-60.11443161,-409.562161358813,282.718000851041
4182101,2011-12-16 06:54:48,-10.6495553,-60.04205923,-409.328567296886,290.785961101963
4182101,2011-12-16 07:24:48,-10.65488073,-59.96971021,-409.095337462894,298.851220058058
4182101,2011-12-16 07:54:48,-10.65994554,-59.90737668,-408.922367955396,305.801725133676
4182101,2011-12-16 08:24:48,-10.66388592,-59.89252369,-409.034097847624,307.467930878625
4182101,2011-12-16 08:54:48,-10.66782225,-59.87767157,-409.145821741496,309.1340188679
4182101,2011-12-16 09:24:48,-10.67709524,-59.85989573,-409.534978837636,311.144766342984
4182101,2011-12-16 09:54:48,-10.70269686,-59.83316005,-410.773808511908,314.211369965237
4182101,2011-12-16 10:24:48,-10.72825105,-59.80642187,-412.012343344066,317.277618606282
4182101,2011-12-16 10:54:48,-10.74934797,-59.78311994,-413.027869638289,319.945209578121
4182101,2011-12-16 11:24:48,-10.76123775,-59.76697723,-413.57951429332,321.783248527541
4182101,2011-12-16 11:54:48,-10.77311424,-59.75083446,-414.131082297694,323.621151906084
4182101,2011-12-16 12:24:48,-10.80364106,-59.7115097,-415.567152568475,328.103678236554
4182101,2011-12-16 12:54:48,-10.86951623,-59.62795134,-418.6893756686,337.629713668607
4182101,2011-12-16 13:24:48,-10.93501312,-59.54438679,-421.809329457913,347.152136980303
4182101,2011-12-16 13:54:48,-10.97904157,-59.48729461,-423.911128312975,353.653780593026
4182101,2011-12-16 14:24:48,-10.98762536,-59.47454081,-424.311003186606,355.101716771206
4182101,2011-12-16 14:54:48,-10.99620164,-59.4617871,-424.710834369749,356.54956750056
4182101,2011-12-16 15:24:48,-11.01510321,-59.42126008,-425.510532061327,361.121662259308
4182101,2011-12-16 15:54:48,-11.04462885,-59.35190097,-426.725055594339,368.936432082683
4182101,2011-12-16 16:24:48,-11.07401486,-59.28255636,-427.938944979378,376.748596077709
4182101,2011-12-16 16:54:48,-11.12348416,-59.18598426,-430.129167514326,387.655674941275
4182101,2011-12-16 17:24:48,-11.18791371,-59.06869805,-433.06073297037,400.914364223826
4182101,2011-12-16 17:54:48,-11.25183307,-58.95143899,-435.989425222438,414.165610895146
4182101,2011-12-16 18:24:48,-11.26524574,-58.90782191,-436.489051032382,419.060707862973
4182101,2011-12-16 18:54:48,-11.25332651,-58.90138502,-435.7629663543,419.738328886467
4182101,2011-12-16 19:24:48,-11.24141244,-58.89494704,-435.036923351143,420.41595584257
4182101,2011-12-16 19:54:48,-11.26130169,-58.85004479,-435.902544702775,425.475022310879
4182101,2011-12-16 20:24:48,-11.29038447,-58.79391076,-437.232649376117,431.812710511677
4182101,2011-12-16 20:54:48,-11.31935767,-58.73778394,-438.562127815289,438.148676398228
4182101,2011-12-16 21:24:48,-11.36011141,-58.67448369,-440.536302254551,445.31920215691
4182101,2011-12-16 21:54:48,-11.40322589,-58.60965183,-442.64725078401,452.666278615379
4182101,2011-12-16 22:24:48,-11.44615379,-58.54482304,-444.756975531937,460.011095803258
4182101,2011-12-16 22:54:48,-11.45908122,-58.52173191,-445.373227296394,462.61964209828
4182101,2011-12-16 23:24:48,-11.46630807,-58.50659102,-445.705104353248,464.326175284091
4182101,2011-12-16 23:54:48,-11.47352763,-58.49145075,-446.036939465668,466.03258129317
4182101,2011-12-17 00:24:48,-11.51921519,-58.47913667,-448.627097094959,467.541414837541
4182101,2011-12-17 00:54:48,-11.57219249,-58.46733783,-451.647038363997,469.012889765839
4182101,2011-12-17 01:24:48,-11.62512813,-58.45551401,-454.666569946965,470.484647690986
4182101,2011-12-17 01:54:48,-11.60447002,-58.46419289,-453.510809378395,469.458375111864
4182101,2011-12-17 02:24:48,-11.57666459,-58.4748534,-451.950349157283,468.190073002168
4182101,2011-12-17 02:54:48,-11.5488394,-58.48550738,-450.389711867425,466.921796519929
4182101,2011-12-17 03:24:48,-11.53837536,-58.48057506,-449.751792902778,467.439124191874
4182101,2011-12-17 03:54:48,-11.52862822,-58.47500214,-449.15179945264,468.029777393599
4182101,2011-12-17 04:24:48,-11.51888469,-58.4694285,-448.55183667893,468.620432911303
4182101,2011-12-17 04:54:48,-11.53319995,-58.42090831,-449.107548042764,474.061412622603
4182101,2011-12-17 05:24:48,-11.54760293,-58.37215759,-449.669523492949,479.528171383626
4182101,2011-12-17 05:54:48,-11.56200108,-58.32405104,-450.237359631075,484.923119574728
4182101,2011-12-17 06:24:48,-11.57811183,-58.30251571,-451.058375406293,487.367010802866
4182101,2011-12-17 06:54:48,-11.59419958,-58.28098023,-451.879226849964,489.810655224918
4182101,2011-12-17 07:24:48,-11.60828193,-58.26018269,-452.587811392503,492.166083564533
4182101,2011-12-17 07:54:48,-11.59002965,-58.25142036,-451.468218059481,493.08680243055
4182101,2011-12-17 08:24:48,-11.57178797,-58.24265534,-450.348715925849,494.007544255466
4182101,2011-12-17 08:54:48,-11.55581121,-58.23285398,-449.355695661624,495.050071041432
4182101,2011-12-17 09:24:48,-11.56326189,-58.21231014,-449.676207089493,497.357873443097
4182101,2011-12-17 09:54:48,-11.57070245,-58.19176782,-449.996666560773,499.665439182518
4182101,2011-12-17 10:24:48,-11.57605584,-58.17262324,-450.202879328443,501.811237510245
4182101,2011-12-17 10:54:48,-11.55696768,-58.16990555,-449.065468953282,502.056378666874
4182101,2011-12-17 11:24:48,-11.53788295,-58.16718454,-447.928080191866,502.301575818102
4182101,2011-12-17 11:54:48,-11.52319324,-58.16509715,-447.052550964372,502.489307523636
4182101,2011-12-17 12:24:48,-11.52031172,-58.16472098,-446.88098811308,502.522406909135
4182101,2011-12-17 12:54:48,-11.51743027,-58.16434472,-446.70942551529,502.555509151188
4182101,2011-12-17 13:24:48,-11.5027269,-58.1646126,-445.846566050461,502.480922745942
4182101,2011-12-17 13:54:48,-11.46991454,-58.16586023,-443.924847467721,502.241506879113
4182101,2011-12-17 14:24:48,-11.4370995,-58.16709794,-442.003078706233,502.00225004611
4182101,2011-12-17 14:54:48,-11.4139807,-58.17314521,-440.679909475553,501.257432647767
4182101,2011-12-17 15:24:48,-11.40683123,-58.1871277,-440.342710720894,499.679638453514
4182101,2011-12-17 15:54:48,-11.39967514,-58.20111066,-440.00547072041,498.10173531428
4182101,2011-12-17 16:24:48,-11.41848199,-58.22171185,-441.231845042765,495.868967488543
4182101,2011-12-17 16:54:48,-11.48755156,-58.25507021,-445.479430184743,492.37166780387
4182101,2011-12-17 17:24:48,-11.55677378,-58.28838991,-449.728318402081,488.874708138523
4182101,2011-12-17 17:54:48,-11.60982674,-58.31613087,-452.992060780675,485.946361797707
4182101,2011-12-17 18:24:48,-11.63094605,-58.33299597,-454.322421123312,484.132208827427
4182101,2011-12-17 18:54:48,-11.65208902,-58.34985833,-455.652999855727,482.318001285832
4182101,2011-12-17 19:24:48,-11.6372276,-58.35191491,-454.795252768097,482.045820089746
4182101,2011-12-17 19:54:48,-11.55763397,-58.32729683,-450.000251634267,484.548953841391
4182101,2011-12-17 20:24:48,-11.47817039,-58.30262359,-445.206268631032,487.052892117497
4182101,2011-12-17 20:54:48,-11.43262467,-58.29644254,-442.502666356092,487.599913182556
4182101,2011-12-17 21:24:48,-11.42461873,-58.31083843,-442.118904532222,485.973597662552
4182101,2011-12-17 21:54:48,-11.41660513,-58.32523473,-441.735093663441,484.347167127662
4182101,2011-12-17 22:24:48,-11.38542368,-58.37119792,-440.18528346843,479.136565232421
4182101,2011-12-17 22:54:48,-11.33294729,-58.44591401,-437.572127675999,470.659189771248
4182101,2011-12-17 23:24:48,-11.2802092,-58.52063138,-434.957201324105,462.17881825109
4182101,2011-12-17 23:54:48,-11.2532588,-58.54668867,-433.55078654601,459.193088724859
4182101,2011-12-18 00:24:48,-11.24839372,-58.53138743,-433.172690038982,460.879289490586
4182101,2011-12-18 00:54:48,-11.2435336,-58.51608708,-432.794657043354,462.565375883986
4182101,2011-12-18 01:24:48,-11.24466166,-58.52326815,-432.90502220961,461.770276586657
4182101,2011-12-18 01:54:48,-11.24920189,-58.54324918,-433.293486170886,459.562490822463
4182101,2011-12-18 02:24:48,-11.25374818,-58.56323192,-433.682039163278,457.354502091182
4182101,2011-12-18 02:54:48,-11.25342774,-58.56989157,-433.70480487589,456.612679634678
4182101,2011-12-18 03:24:48,-11.25017111,-58.56851862,-433.507020411757,456.754819913006
4182101,2011-12-18 03:54:48,-11.24691478,-58.56714558,-433.309238422316,456.896961439094
4182101,2011-12-18 04:24:48,-11.24647435,-58.56637683,-433.278856236819,456.98103984876
4182101,2011-12-18 04:54:48,-11.24712286,-58.56584181,-433.313214281715,457.042661800648
4182101,2011-12-18 05:24:48,-11.24777135,-58.56530679,-433.347572348395,457.104283360198
4182101,2011-12-18 05:54:48,-11.23713571,-58.56595678,-432.733511187207,456.997345274666
4182101,2011-12-18 06:24:48,-11.22639201,-58.56661703,-432.113260781101,456.888815199613
4182101,2011-12-18 06:54:48,-11.21632047,-58.56730993,-431.532304045301,456.778758492187
4182101,2011-12-18 07:24:48,-11.22016345,-58.56869945,-431.764346232531,456.636794641374
4182101,2011-12-18 07:54:48,-11.22400678,-58.57008885,-431.996390855908,456.494831827051
4182101,2011-12-18 08:24:48,-11.22576603,-58.57157639,-432.107933328281,456.335124333469
4182101,2011-12-18 08:54:48,-11.1931793,-58.57467772,-430.23402779244,455.883113864833
4182101,2011-12-18 09:24:48,-11.16058581,-58.57776941,-428.360037213814,455.431243928602
4182101,2011-12-18 09:54:48,-11.13121501,-58.58083918,-426.673475051803,454.991710539332
4182101,2011-12-18 10:24:48,-11.11824872,-58.58384167,-425.939624265315,454.614214140949
4182101,2011-12-18 10:54:48,-11.10527983,-58.58684266,-425.205748019191,454.236734605081
4182101,2011-12-18 11:24:48,-11.09458107,-58.58873518,-424.596655274102,453.990086867727
4182101,2011-12-18 11:54:48,-11.09175999,-58.58678973,-424.420207363732,454.196920597892
4182101,2011-12-18 12:24:48,-11.08893928,-58.58484422,-424.243762838748,454.403754650964
4182101,2011-12-18 12:54:48,-11.11287132,-58.58123784,-425.610495504926,454.885729484699
4182101,2011-12-18 13:24:48,-11.19450641,-58.57400773,-430.306903751222,455.962014792724
4182101,2011-12-18 13:54:48,-11.27610189,-58.56671715,-435.002805925973,457.039187313564
4182101,2011-12-18 14:24:48,-11.38021718,-58.55544403,-440.986080614758,458.624553679227
4182101,2011-12-18 14:54:48,-11.52198155,-58.53745907,-449.1245523537,461.061474509998
4182101,2011-12-18 15:24:48,-11.66357495,-58.51929247,-457.26111611382,463.500940367218
4182101,2011-12-18 15:54:48,-11.75920035,-58.4931155,-462.686600103861,466.686173811855
4182101,2011-12-18 16:24:48,-11.78458558,-58.45489307,-463.961702464865,471.009982338158
4182101,2011-12-18 16:54:48,-11.80990627,-58.41667173,-465.236360716207,475.333009188746
4182101,2011-12-18 17:24:48,-11.77777236,-58.37686975,-463.148056254845,479.6718837055
4182101,2011-12-18 17:54:48,-11.6764639,-58.33509396,-456.997417474313,484.031344355298
4182101,2011-12-18 18:24:48,-11.57543624,-58.29323258,-450.849105438339,488.391777184573
4182101,2011-12-18 18:54:48,-11.51742203,-58.23661595,-447.124781834752,494.515663234652
4182101,2011-12-18 19:24:48,-11.51035228,-58.16254087,-446.282915818187,502.734641284847
4182101,2011-12-18 19:54:48,-11.50331702,-58.08849172,-445.441847440436,510.95068055207
4182101,2011-12-18 20:24:48,-11.46838771,-58.02096947,-442.990647545849,518.354643643728
4182101,2011-12-18 20:54:48,-11.3834277,-57.96511793,-437.642974350703,524.301641511648
4182101,2011-12-18 21:24:48,-11.29877893,-57.90921482,-432.298170609363,530.248514186976
4182101,2011-12-18 21:54:48,-11.12006682,-57.91841833,-421.77684216286,528.631016356035
4182101,2011-12-18 22:24:48,-10.81498271,-58.01339532,-404.377260842784,516.99091228723
4182101,2011-12-18 22:54:48,-10.50799515,-58.107548,-386.95900664358,505.35697633595
4182101,2011-12-18 23:24:48,-10.25690742,-58.1817546,-372.764584482147,496.094464961374
4182101,2011-12-18 23:54:48,-10.10172616,-58.22354674,-363.991211235091,490.796078131921
4182101,2011-12-19 00:24:48,-9.946116311,-58.26512487,-355.21352507713,485.499507725694
4182101,2011-12-19 00:54:48,-9.849654786,-58.29033144,-349.778793468845,482.269140510897
4182101,2011-12-19 01:24:48,-9.839788769,-58.29195511,-349.21526280753,482.044376523005
4182101,2011-12-19 01:54:48,-9.829921691,-58.2935779,-348.651719922866,481.819623112523
4182101,2011-12-19 02:24:48,-9.816168067,-58.29278806,-347.840121092218,481.845365255926
4182101,2011-12-19 02:54:48,-9.797076569,-58.2886803,-346.687564013289,482.215482537269
4182101,2011-12-19 03:24:48,-9.777990271,-58.28456926,-345.535039797812,482.585657298031
4182101,2011-12-19 03:54:48,-9.759281526,-58.2789642,-344.391418840045,483.123255024143
4182101,2011-12-19 04:24:48,-9.740994945,-58.27169745,-343.257727414349,483.847125121528
4182101,2011-12-19 04:54:48,-9.722717168,-58.26442788,-342.124105578241,484.57103559708
4182101,2011-12-19 05:24:48,-9.70627473,-58.25621673,-341.08931838319,485.407737878848
4182101,2011-12-19 05:54:48,-9.691273069,-58.24726769,-340.132033761193,486.332849557849
4182101,2011-12-19 06:24:48,-9.676280293,-58.23831697,-339.174827325915,487.257970622477
4182101,2011-12-19 06:54:48,-9.663712469,-58.22968192,-338.362122034089,488.159085897494
4182101,2011-12-19 07:24:48,-9.6532047,-58.22131569,-337.672229049478,489.039785251967
4182101,2011-12-19 07:54:48,-9.642702746,-58.21294878,-336.982391219833,489.920476364763
4182101,2011-12-19 08:24:48,-9.633012728,-58.2050673,-336.344206245731,490.750919334107
4182101,2011-12-19 08:54:48,-9.62368696,-58.19740197,-335.729069298411,491.558958728296
4182101,2011-12-19 09:24:48,-9.614365918,-58.18973613,-335.11397774608,492.366989145632
4182101,2011-12-19 09:54:48,-9.606152117,-58.18272239,-334.569459451863,493.107687228653
4182101,2011-12-19 10:24:48,-9.598459446,-58.17601463,-334.058081423853,493.816775429585
4182101,2011-12-19 10:54:48,-9.590770183,-58.16930653,-333.54673647339,494.525857184716
4182101,2011-12-19 11:24:48,-9.581316957,-58.16282956,-332.933710312849,495.200850507533
4182101,2011-12-19 11:54:48,-9.570930137,-58.15647467,-332.266750944554,495.85776409943
4182101,2011-12-19 12:24:48,-9.560547676,-58.15011899,-331.599830591852,496.514680824371
4182101,2011-12-19 12:54:48,-9.549938266,-58.14286018,-330.911234201755,497.27076007549
4182101,2011-12-19 13:24:48,-9.539208681,-58.13511115,-330.21090817003,498.080623367143
4182101,2011-12-19 13:54:48,-9.528484583,-58.12736135,-329.510633354939,498.890483808349
4182101,2011-12-19 14:24:48,-9.518597254,-58.11866082,-328.850682203918,499.809873564859
4182101,2011-12-19 14:54:48,-9.508914841,-58.10973209,-328.200439176055,500.755501872212
4182101,2011-12-19 15:24:48,-9.499238129,-58.10080288,-327.550252962846,501.701114341019
4182101,2011-12-19 15:54:48,-9.451326833,-58.11238894,-324.83820847836,500.182437314643
4182101,2011-12-19 16:24:48,-9.400222482,-58.12564273,-321.955856190226,498.460936297368
4182101,2011-12-19 16:54:48,-9.35027483,-58.1382785,-319.138071758295,496.811632178842
4182101,2011-12-19 17:24:48,-9.337722151,-58.13238107,-318.34538601911,497.404764162895
4182101,2011-12-19 17:54:48,-9.325174358,-58.12648235,-317.552740888378,497.997912981194
4182101,2011-12-19 18:24:48,-9.312369735,-58.12069938,-316.745852018689,498.576775539535
4182101,2011-12-19 18:54:48,-9.291106864,-58.1186981,-315.477129201619,498.693195121827
4182101,2011-12-19 19:24:48,-9.269846803,-58.11669267,-314.208412468451,498.809686378609
4182101,2011-12-19 19:54:48,-9.249203234,-58.11544479,-312.983014521995,498.844720234923
4182101,2011-12-19 20:24:48,-9.253056115,-58.1445959,-313.486290501208,495.625784784356
4182101,2011-12-19 20:54:48,-9.256916418,-58.17375096,-313.989755771016,492.406415171298
4182101,2011-12-19 21:24:48,-9.260821325,-58.2028416,-314.494940662817,489.194392514452
4182101,2011-12-19 21:54:48,-9.275845032,-58.21148936,-315.457828450204,488.308884773575
4182101,2011-12-19 22:24:48,-9.290877333,-58.2201354,-316.420791174382,487.423390845386
4182101,2011-12-19 22:54:48,-9.305896454,-58.2286596,-317.381421349231,486.551146563922
4182101,2011-12-19 23:24:48,-9.317922698,-58.22067061,-318.011118676628,487.498340397389
4182101,2011-12-19 23:54:48,-9.329942586,-58.2126806,-318.640765335079,488.445506234973
4182101,2011-12-20 00:24:48,-9.339872573,-58.20580498,-319.158613076891,489.258437853104
4182101,2011-12-20 00:54:48,-9.315461749,-58.2173036,-317.835217090008,487.860184805929
4182101,2011-12-20 01:24:48,-9.291032353,-58.22879736,-316.511657873075,486.461906614905
4182101,2011-12-20 01:54:48,-9.265895664,-58.2398039,-315.143015249569,485.113742253289
4182101,2011-12-20 02:24:48,-9.234008783,-58.24608653,-313.334966476885,484.255905368964
4182101,2011-12-20 02:54:48,-9.202108646,-58.25235998,-311.526768918557,483.398167685628
4182101,2011-12-20 03:24:48,-9.17298789,-58.2580039,-309.875940065866,482.623629852791
4182101,2011-12-20 03:54:48,-9.171719295,-58.25745525,-309.796376791643,482.678126821322
4182101,2011-12-20 04:24:48,-9.170450746,-58.25690659,-309.716813912869,482.73262360408
4182101,2011-12-20 04:54:48,-9.168035008,-58.25627586,-309.569289148156,482.790401403718
4182101,2011-12-20 05:24:48,-9.158824522,-58.25515866,-309.019220565785,482.867618895928
4182101,2011-12-20 05:54:48,-9.149614717,-58.25404069,-308.469154401725,482.944849407487
4182101,2011-12-20 06:24:48,-9.139474509,-58.25216797,-307.857261510244,483.101084047443
4182101,2011-12-20 06:54:48,-9.127117286,-58.24849706,-307.098016224156,483.445606662099
4182101,2011-12-20 07:24:48,-9.114763067,-58.24482481,-306.338792029794,483.790151918549
4182101,2011-12-20 07:54:48,-9.103319266,-58.24097463,-305.63101551245,484.15900211134
4182101,2011-12-20 08:24:48,-9.093483696,-58.23681107,-305.014246249551,484.570825494264
4182101,2011-12-20 08:54:48,-9.083650837,-58.23264669,-304.397498423627,484.982661992539
4182101,2011-12-20 09:24:48,-9.073770326,-58.22797803,-303.772886384997,485.450170879928
4182101,2011-12-20 09:54:48,-9.063822282,-58.22260048,-303.137211232638,485.995972500956
4182101,2011-12-20 10:24:48,-9.053877777,-58.21722216,-302.501566350052,486.541781796314
4182101,2011-12-20 10:54:48,-9.048847775,-58.21000058,-302.135689870045,487.317759121653
4182101,2011-12-20 11:24:48,-9.047983711,-58.20121658,-301.998583889434,488.288895023367
4182101,2011-12-20 11:54:48,-9.04712015,-58.19243295,-301.861494135503,489.259990510429
4182101,2011-12-20 12:24:48,-9.049468065,-58.18486502,-301.924747236338,490.112749310454
4182101,2011-12-20 12:54:48,-9.054144951,-58.17817925,-302.133389875459,490.879621426382
4182101,2011-12-20 13:24:48,-9.058819771,-58.17149351,-302.342020989708,491.646466050521
4182101,2011-12-20 13:54:48,-9.063187827,-58.16773785,-302.56150770361,492.08626322782
4182101,2011-12-20 14:24:48,-9.067357972,-58.16587737,-302.78801779845,492.314523201283
4182101,2011-12-20 14:54:48,-9.071527605,-58.16401676,-303.014523469956,492.542781139203
4182101,2011-12-20 15:24:48,-9.07608179,-58.1615777,-303.257966309155,492.837264201002
4182101,2011-12-20 15:54:48,-9.080921703,-58.15870812,-303.514010160128,493.181026982055
4182101,2011-12-20 16:24:48,-9.085760698,-58.15583836,-303.770046355279,493.524787006289
4182101,2011-12-20 16:54:48,-9.083341234,-58.15428449,-303.612799358638,493.684874616008
4182101,2011-12-20 17:24:48,-9.077117995,-58.15342009,-303.238941242112,493.748699825961
4182101,2011-12-20 17:54:48,-9.070895111,-58.15255533,-302.865084539894,493.81253197836
4182101,2011-12-20 18:24:48,-9.069316459,-58.15420311,-302.788540675783,493.62133399577
4182101,2011-12-20 18:54:48,-9.070306389,-58.15724065,-302.876431509581,493.289081811975
4182101,2011-12-20 19:24:48,-9.071296518,-58.16027823,-302.964325480459,492.956824826618
4182101,2011-12-20 19:54:48,-9.097401594,-58.16523192,-304.545155911958,492.541503229232
4182101,2011-12-20 20:24:48,-9.133887705,-58.17096637,-306.742435133273,492.092070114438
4182101,2011-12-20 20:54:48,-9.170387628,-58.1766887,-308.939780940901,491.642850975431
4182101,2011-12-20 21:24:48,-9.198879965,-58.18283999,-310.670776138617,491.104246306879
4182101,2011-12-20 21:54:48,-9.224168536,-58.18916144,-312.214910518147,490.529847416397
4182101,2011-12-20 22:24:48,-9.249467671,-58.19547718,-313.759114288187,489.955548200952
4182101,2011-12-20 22:54:48,-9.249797017,-58.20464288,-313.865571426504,488.939017551252
4182101,2011-12-20 23:24:48,-9.24152247,-58.21479089,-313.476985897012,487.77016156437
4182101,2011-12-20 23:54:48,-9.233242366,-58.22493876,-313.088365467805,486.601248023303
4182101,2011-12-21 00:24:48,-9.235833915,-58.2337463,-313.324208210364,485.63589805246
4182101,2011-12-21 00:54:48,-9.239135124,-58.24246685,-313.600723749787,484.683767638396
4182101,2011-12-21 01:24:48,-9.24243824,-58.25118767,-313.87726642161,483.73160222152
4182101,2011-12-21 01:54:48,-9.25397265,-58.24359453,-314.480573669268,484.632956881885
4182101,2011-12-21 02:24:48,-9.266146163,-58.23471994,-315.109474440913,485.679760824205
4182101,2011-12-21 02:54:48,-9.277968472,-58.22598871,-315.7195223863,486.708775140459
4182101,2011-12-21 03:24:48,-9.273393803,-58.22413487,-315.43386579383,486.891867966832
4182101,2011-12-21 03:54:48,-9.268819696,-58.22228085,-315.148213638316,487.074963818918
4182101,2011-12-21 04:24:48,-9.264059962,-58.22037987,-314.851208915444,487.262327527513
4182101,2011-12-21 04:54:48,-9.25785236,-58.21811463,-314.465847178278,487.482880710546
4182101,2011-12-21 05:24:48,-9.251645689,-58.21584906,-314.080492576189,487.703439062054
4182101,2011-12-21 05:54:48,-9.245189818,-58.21373206,-313.681898285404,487.906205757874
4182101,2011-12-21 06:24:48,-9.236651956,-58.21285442,-313.173010831174,487.960789221424
4182101,2011-12-21 06:54:48,-9.228114589,-58.21197611,-312.664124622135,488.015384532955
4182101,2011-12-21 07:24:48,-9.218959654,-58.21130823,-312.121022240868,488.043423858186
4182101,2011-12-21 07:54:48,-9.207391528,-58.21146365,-311.444309978344,487.96773747817
4182101,2011-12-21 08:24:48,-9.195823283,-58.21161783,-310.767591031616,487.892071502229
4182101,2011-12-21 08:54:48,-9.183353625,-58.21151086,-310.035527454416,487.840721968767
4182101,2011-12-21 09:24:48,-9.169258589,-58.21093342,-309.203643568833,487.833225794674
4182101,2011-12-21 09:54:48,-9.155164093,-58.21035415,-308.371756023024,487.825760419325
4182101,2011-12-21 10:24:48,-9.140286789,-58.20965736,-307.492819284075,487.827170418145
4182101,2011-12-21 10:54:48,-9.124561632,-58.20883307,-306.562913312419,487.838199587484
4182101,2011-12-21 11:24:48,-9.108837333,-58.20800651,-305.63300431508,487.84926666294
4182101,2011-12-21 11:54:48,-9.092846283,-58.20723558,-304.687968363503,487.852560837766
4182101,2011-12-21 12:24:48,-9.076648122,-58.20650725,-303.731178445026,487.849826688675
4182101,2011-12-21 12:54:48,-9.060450742,-58.20577651,-302.774384090147,487.84713258212
4182101,2011-12-21 13:24:48,-9.043514326,-58.2113736,-301.836562286168,487.137545640712
4182101,2011-12-21 13:54:48,-9.026263751,-58.21958888,-300.906525917931,486.135294462908
4182101,2011-12-21 14:24:48,-9.009003799,-58.22780175,-299.976407663662,485.133027540334
4182101,2011-12-21 14:54:48,-9.00061299,-58.25841737,-299.788645602125,481.688842851797
4182101,2011-12-21 15:24:48,-8.993572672,-58.29248455,-299.715139659121,477.868374654616
4182101,2011-12-21 15:54:48,-8.986516435,-58.32655683,-299.641676941407,474.047259354933
4182101,2011-12-21 16:24:48,-8.98151848,-58.3386893,-299.470585051077,472.673612362712
4182101,2011-12-21 16:54:48,-8.976795266,-58.34787691,-299.28637517368,471.628456718039
4182101,2011-12-21 17:24:48,-8.97206917,-58.35706472,-299.10215327719,470.583252453215
4182101,2011-12-21 17:54:48,-8.965756326,-58.35284655,-298.691493293862,471.01857944684
4182101,2011-12-21 18:24:48,-8.959284731,-58.34726622,-298.257852017564,471.604313239935
4182101,2011-12-21 18:54:48,-8.952815534,-58.34168565,-297.824233861604,472.190043101943
4182101,2011-12-21 19:24:48,-8.970792232,-58.32835705,-298.74097201336,473.764854863788
4182101,2011-12-21 19:54:48,-8.989237319,-58.31487257,-299.684363709536,475.359194520377
4182101,2011-12-21 20:24:48,-9.007665913,-58.30138584,-300.627630296183,476.953447035329
4182101,2011-12-21 20:54:48,-9.103373706,-58.33235313,-306.525957337322,474.009573890469
4182101,2011-12-21 21:24:48,-9.201042536,-58.36424918,-312.538378117522,470.963900022898
4182101,2011-12-21 21:54:48,-9.296296045,-58.39561648,-318.395141046422,467.956107454243
4182101,2011-12-21 22:24:48,-9.293846351,-58.41031182,-318.391204701167,466.3114423405
4182101,2011-12-21 22:54:48,-9.291394261,-58.42500814,-318.387279757211,464.666657519353
4182101,2011-12-21 23:24:48,-9.289264379,-58.43951602,-318.40048194347,463.04440690953
4182101,2011-12-21 23:54:48,-9.294925869,-58.44947835,-318.824489341958,461.965776422241
4182101,2011-12-22 00:24:48,-9.300591116,-58.45944086,-319.248541317024,460.887106640776
4182101,2011-12-22 00:54:48,-9.305546354,-58.46978186,-319.634666589943,459.762839873769
4182101,2011-12-22 01:24:48,-9.302293266,-58.48447415,-319.584147338332,458.114561799972
4182101,2011-12-22 01:54:48,-9.29903699,-58.49916736,-319.533632577509,456.466164911622
4182101,2011-12-22 02:24:48,-9.295545913,-58.51209618,-319.452953966352,455.012611360165
4182101,2011-12-22 02:54:48,-9.289916968,-58.50873624,-319.093910935474,455.357979522628
4182101,2011-12-22 03:24:48,-9.284289285,-58.50537607,-318.73487883557,455.703348574405
4182101,2011-12-22 03:54:48,-9.276166485,-58.50461436,-318.255373191968,455.74763030952
4182101,2011-12-22 04:24:48,-9.260276629,-58.51193219,-317.401173474964,454.855640866744
4182101,2011-12-22 04:54:48,-9.244379015,-58.51924797,-316.546907162162,453.963641497932
4182101,2011-12-22 05:24:48,-9.230732736,-58.52343496,-315.79390764341,453.430277944196
4182101,2011-12-22 05:54:48,-9.221776721,-58.52112678,-315.251353146772,453.641800200419
4182101,2011-12-22 06:24:48,-9.212822084,-58.5188179,-314.708807590276,453.853333653514
4182101,2011-12-22 06:54:48,-9.205489958,-58.51568402,-314.252566561905,454.164598540888
4182101,2011-12-22 07:24:48,-9.200105435,-58.51156025,-313.899934612617,454.595578771047
4182101,2011-12-22 07:54:48,-9.194722394,-58.50743629,-313.547316274206,455.026558352552
4182101,2011-12-22 08:24:48,-9.192024522,-58.50340817,-313.351668872084,455.460406224011
4182101,2011-12-22 08:54:48,-9.192101673,-58.49947933,-313.318304412217,455.897215303684
4182101,2011-12-22 09:24:48,-9.192178804,-58.49555055,-313.284941965231,456.334017672391
4182101,2011-12-22 09:54:48,-9.194041815,-58.49250575,-313.363962271647,456.681632143209
4182101,2011-12-22 10:24:48,-9.197527454,-58.49026417,-313.545111461185,456.948199383644
4182101,2011-12-22 10:54:48,-9.201012572,-58.48802251,-313.726256640844,457.214763722057
4182101,2011-12-22 11:24:48,-9.204785859,-58.48723828,-313.938199667168,457.320874663099
4182101,2011-12-22 11:54:48,-9.208802846,-58.48768445,-314.176146834541,457.291523383418
4182101,2011-12-22 12:24:48,-9.212819954,-58.48813047,-314.414094422666,457.262175008032
4182101,2011-12-22 12:54:48,-9.216182116,-58.48965921,-314.624326924882,457.109250560017
4182101,2011-12-22 13:24:48,-9.219099797,-58.49192324,-314.815740976612,456.872405418078
4182101,2011-12-22 13:54:48,-9.222017918,-58.49418722,-315.007159104864,456.635559444501
4182101,2011-12-22 14:24:48,-9.224518467,-58.4976362,-315.185624520308,456.264976217101
4182101,2011-12-22 14:54:48,-9.226832289,-58.50161622,-315.358290607538,455.834459846806
4182101,2011-12-22 15:24:48,-9.229146724,-58.50559627,-315.53096387799,455.4039369068
4182101,2011-12-22 15:54:48,-9.228317539,-58.51105091,-315.534980893707,454.793856854804
4182101,2011-12-22 16:24:48,-9.226768878,-58.51684285,-315.500430155412,454.142703057133
4182101,2011-12-22 16:54:48,-9.22521962,-58.52263494,-315.465879534316,453.491529133502
4182101,2011-12-22 17:24:48,-9.21732967,-58.52578301,-315.037595950803,453.102258986562
4182101,2011-12-22 17:54:48,-9.208785473,-58.52865831,-314.568766623899,452.739951276613
4182101,2011-12-22 18:24:48,-9.200673933,-58.53158702,-314.125672228598,452.373829086326
4182101,2011-12-22 18:54:48,-9.216559661,-58.53750069,-315.105301632418,451.796755322664
4182101,2011-12-22 19:24:48,-9.23245166,-58.54341222,-316.084977776422,451.219714305192
4182101,2011-12-22 19:54:48,-9.242179512,-58.54584118,-316.673146011601,450.998527604919
4182101,2011-12-22 20:24:48,-9.219529192,-58.52999504,-315.20579664597,452.645407952738
4182101,2011-12-22 20:54:48,-9.196902816,-58.51414541,-313.738661620795,454.292285868181
4182101,2011-12-22 21:24:48,-9.200322302,-58.50954862,-313.89318633651,454.820126295283
4182101,2011-12-22 21:54:48,-9.347764236,-58.56699966,-323.003472757095,449.170497118195
4182101,2011-12-22 22:24:48,-9.495772299,-58.62426732,-332.118046754805,443.523556285216
4182101,2011-12-22 22:54:48,-9.606161819,-58.67162382,-338.940118724934,438.782474303865
4182101,2011-12-22 23:24:48,-9.453631738,-58.6517198,-329.928788726531,440.271767894234
4182101,2011-12-22 23:54:48,-9.301305925,-58.63160632,-320.918296732995,441.764627239849
4182101,2011-12-23 00:24:48,-9.166169113,-58.61067086,-312.887028338116,443.415128078624
4182101,2011-12-23 00:54:48,-9.119956144,-58.58643305,-309.971862674192,445.872779437145
4182101,2011-12-23 01:24:48,-9.073818018,-58.5621786,-307.057312995638,448.330602673557
4182101,2011-12-23 01:54:48,-9.037682397,-58.54359835,-304.776253198152,450.207946801954
4182101,2011-12-23 02:24:48,-9.040208859,-58.54715614,-304.958146829651,449.825860218729
4182101,2011-12-23 02:54:48,-9.042735921,-58.55071393,-305.140047035367,449.443769531274
4182101,2011-12-23 03:24:48,-9.043287581,-58.55477774,-305.212251454482,448.995263364298
4182101,2011-12-23 03:54:48,-9.04052981,-58.55968894,-305.100748244474,448.435536516899
4182101,2011-12-23 04:24:48,-9.037771135,-58.5646002,-304.98924114523,447.875794269318
4182101,2011-12-23 04:54:48,-9.032715368,-58.56946818,-304.74406837198,447.308969461904
4182101,2011-12-23 05:24:48,-9.025074004,-58.57428715,-304.348491841125,446.734176485268
4182101,2011-12-23 05:54:48,-9.017430179,-58.57910569,-303.952896129595,446.159374657118
4182101,2011-12-23 06:24:48,-9.009101441,-58.58345198,-303.513007202235,445.633421615211
4182101,2011-12-23 06:54:48,-9.000198015,-58.587402,-303.035969575261,445.148436994565
4182101,2011-12-23 07:24:48,-8.991292238,-58.59135137,-302.558911734756,444.663450058065
4182101,2011-12-23 07:54:48,-8.982257068,-58.5941963,-302.063438219852,444.3003868499
4182101,2011-12-23 08:24:48,-8.973181855,-58.59670665,-301.562385171605,443.974207107505
4182101,2011-12-23 08:54:48,-8.964105118,-58.59921629,-301.061317223219,443.648030995084
4182101,2011-12-23 09:24:48,-8.953854423,-58.60070261,-300.482005558671,443.429284839995
4182101,2011-12-23 09:54:48,-8.943386796,-58.60199959,-299.88827126352,443.2303392035
4182101,2011-12-23 10:24:48,-8.932918262,-58.60329558,-299.294525222287,443.0314061277
4182101,2011-12-23 10:54:48,-8.923131082,-58.60408789,-298.735237672773,442.891906083069
4182101,2011-12-23 11:24:48,-8.913386514,-58.60484756,-298.178120555106,442.756173937008
4182101,2011-12-23 11:54:48,-8.903641452,-58.60560637,-297.620995531806,442.620453604171
4182101,2011-12-23 12:24:48,-8.897153874,-58.60657961,-297.254861377646,442.478073871505
4182101,2011-12-23 12:54:48,-8.890669497,-58.6075527,-296.888934432962,442.335692390299
4182101,2011-12-23 13:24:48,-8.888826577,-58.60876156,-296.794401390414,442.191685411984
4182101,2011-12-23 13:54:48,-8.911355483,-58.61120739,-298.124716578051,442.039166799351
4182101,2011-12-23 14:24:48,-8.933888071,-58.61364862,-299.455041217838,441.886727006693
4182101,2011-12-23 14:54:48,-8.944780916,-58.61558234,-300.10567751252,441.729182179648
4182101,2011-12-23 15:24:48,-8.93307254,-58.61653745,-299.436895382947,441.561614768648
4182101,2011-12-23 15:54:48,-8.921363417,-58.61749132,-298.768101587594,441.394064192371
4182101,2011-12-23 16:24:48,-8.910126074,-58.61902626,-298.132562571303,441.164355733845
4182101,2011-12-23 16:54:48,-8.900007454,-58.62194074,-297.575875260766,440.787251356467
4182101,2011-12-23 17:24:48,-8.88988686,-58.62485433,-297.019168800577,440.410152102071
4182101,2011-12-23 17:54:48,-8.877678926,-58.62718968,-296.33578965124,440.086114072127
4182101,2011-12-23 18:24:48,-8.862704982,-58.62875803,-295.484500002952,439.832423668908
4182101,2011-12-23 18:54:48,-8.847729468,-58.63032434,-294.633188319869,439.578761244907
4182101,2011-12-23 19:24:48,-8.836281503,-58.63390237,-294.006845038144,439.120353800578
4182101,2011-12-23 19:54:48,-8.829627541,-58.64021656,-293.68626863295,438.383632512134
4182101,2011-12-23 20:24:48,-8.822970765,-58.64653054,-293.365673703695,437.646889291695
4182101,2011-12-23 20:54:48,-8.841092611,-58.63860685,-294.333576545233,438.623609733223
4182101,2011-12-23 21:24:48,-8.890620507,-58.6125897,-296.937205252737,441.776059168314
4182101,2011-12-23 21:54:48,-8.940062241,-58.58655346,-299.540131405835,444.928293394784
4182101,2011-12-23 22:24:48,-8.961202921,-58.56993972,-300.599528890039,446.884291228921
4182101,2011-12-23 22:54:48,-8.950006018,-58.56413462,-299.891595011551,447.470302649026
4182101,2011-12-23 23:24:48,-8.938813457,-58.55832854,-299.183696761209,448.056324518418
4182101,2011-12-23 23:54:48,-8.922716283,-58.5476702,-298.141952748092,449.155250149735
4182101,2011-12-24 00:24:48,-8.90153879,-58.53197136,-296.753630851635,450.78681160939
4182101,2011-12-24 00:54:48,-8.880383478,-58.5162696,-295.365510943614,452.418362348726
4182101,2011-12-24 01:24:48,-8.867850707,-58.50670666,-294.540011944597,453.413686251572
4182101,2011-12-24 01:54:48,-8.861178376,-58.50132343,-294.097394708099,453.975950228169
4182101,2011-12-24 02:24:48,-8.85450844,-58.49593992,-293.654799764905,454.538212537012
4182101,2011-12-24 02:54:48,-8.844845033,-58.49237087,-293.056560210662,454.882936323336
4182101,2011-12-24 03:24:48,-8.833277132,-58.48995564,-292.35927272211,455.089243709916
4182101,2011-12-24 03:54:48,-8.821711095,-58.4875392,-291.661995660238,455.29557361194
4182101,2011-12-24 04:24:48,-8.816747184,-58.48684255,-291.366203753298,455.346284607535
4182101,2011-12-24 04:54:48,-8.814336182,-58.48681127,-291.225682968123,455.33680647848
4182101,2011-12-24 05:24:48,-8.811925185,-58.48677994,-291.085162002455,455.327328852441
4182101,2011-12-24 05:54:48,-8.807977935,-58.48765722,-290.864640577233,455.208687546616
4182101,2011-12-24 06:24:48,-8.803492166,-58.48885269,-290.616089045151,455.051801659814
4182101,2011-12-24 06:54:48,-8.799006039,-58.49004798,-290.367533852765,454.894917349011
4182101,2011-12-24 07:24:48,-8.792504215,-58.49170083,-290.006513422114,454.676341411829
4182101,2011-12-24 07:54:48,-8.785703451,-58.49342101,-289.628845574119,454.448640798068
4182101,2011-12-24 08:24:48,-8.778901906,-58.49514079,-289.251169770439,454.220942382149
4182101,2011-12-24 08:54:48,-8.770459197,-58.4965475,-288.774897402638,454.019091964113
4182101,2011-12-24 09:24:48,-8.761763335,-58.49790543,-288.283448054846,453.821226902163
4182101,2011-12-24 09:54:48,-8.753066685,-58.49926269,-287.791989283413,453.623368424262
4182101,2011-12-24 10:24:48,-8.744009758,-58.49968361,-287.269915133624,453.527459492911
4182101,2011-12-24 10:54:48,-8.734936306,-58.5000614,-286.746449077136,453.436179058754
4182101,2011-12-24 11:24:48,-8.725862626,-58.50043844,-286.222977582063,453.344909652526
4182101,2011-12-24 11:54:48,-8.718247515,-58.50016701,-285.777538188435,453.333530926578
4182101,2011-12-24 12:24:48,-8.710666547,-58.49987994,-285.333916196267,453.324024396605
4182101,2011-12-24 12:54:48,-8.703085724,-58.49959235,-284.890292914137,453.31452593449
4182101,2011-12-24 13:24:48,-8.697679286,-58.49932287,-284.573237028749,453.314869310418
4182101,2011-12-24 13:54:48,-8.692288762,-58.49905325,-284.257101317312,453.315289673388
4182101,2011-12-24 14:24:48,-8.688413484,-58.49866293,-284.027770052636,453.337392926525
4182101,2011-12-24 14:54:48,-8.696796756,-58.49729764,-284.500763331926,453.534909027715
4182101,2011-12-24 15:24:48,-8.705179265,-58.49593172,-284.973747570021,453.732431968682
4182101,2011-12-24 15:54:48,-8.716789399,-58.49260756,-285.613990791336,454.164950168443
4182101,2011-12-24 16:24:48,-8.743723333,-58.47997951,-287.048773912136,455.713829241012
4182101,2011-12-24 16:54:48,-8.770634604,-58.46734558,-288.4833635108,457.262673404362
4182101,2011-12-24 17:24:48,-8.794366235,-58.4570612,-289.758252505478,458.532904465215
4182101,2011-12-24 17:54:48,-8.806523426,-58.45540206,-290.448746766951,458.782645961377
4182101,2011-12-24 18:24:48,-8.818679274,-58.45374158,-291.139223927955,459.032404157524
4182101,2011-12-24 18:54:48,-8.837821076,-58.45018212,-292.217016888481,459.530352765002
4182101,2011-12-24 19:24:48,-8.867882232,-58.44364853,-293.900535036755,460.416529531387
4182101,2011-12-24 19:54:48,-8.897930308,-58.43710689,-295.583912531004,461.302780873855
4182101,2011-12-24 20:24:48,-8.913279939,-58.43506302,-296.457208562412,461.611088937079
4182101,2011-12-24 20:54:48,-8.911153316,-58.43837791,-296.366812690515,461.231697458898
4182101,2011-12-24 21:24:48,-8.909026223,-58.44169282,-296.27641449328,460.852298682688
4182101,2011-12-24 21:54:48,-8.901687531,-58.44408364,-295.8732578487,460.547907524507
4182101,2011-12-24 22:24:48,-8.891596152,-58.44598576,-295.304949254112,460.283132491397
4182101,2011-12-24 22:54:48,-8.881503496,-58.44788697,-294.736626332994,460.018366634595
4182101,2011-12-24 23:24:48,-8.876551252,-58.44695871,-294.438892403207,460.095104261793
4182101,2011-12-24 23:54:48,-8.874484295,-58.44444307,-294.293006825311,460.363467266613
4182101,2011-12-25 00:24:48,-8.872417684,-58.44192741,-294.147124807301,460.631829640386
4182101,2011-12-25 00:54:48,-8.853397688,-58.4273791,-292.891401914529,462.145946690769
4182101,2011-12-25 01:24:48,-8.825325728,-58.40637905,-291.04128327895,464.327566573392
4182101,2011-12-25 01:54:48,-8.797292952,-58.38537388,-289.19152608502,466.509167949372
4182101,2011-12-25 02:24:48,-8.71895179,-58.43895715,-285.18084196003,460.133918039489
4182101,2011-12-25 02:54:48,-8.617500933,-58.52600397,-280.195744944833,449.910917552126
4182101,2011-12-25 03:24:48,-8.515459234,-58.61299226,-275.206571421749,439.683925136397
4182101,2011-12-25 03:54:48,-8.462910974,-58.60293418,-272.053589988443,440.503933309736
4182101,2011-12-25 04:24:48,-8.426778514,-58.56110879,-269.503594930348,444.941508317724
4182101,2011-12-25 04:54:48,-8.39074687,-58.51927982,-266.954656180115,449.37862192522
4182101,2011-12-25 05:24:48,-8.403132039,-58.4412979,-266.820512634862,458.106019544678
4182101,2011-12-25 05:54:48,-8.424352567,-58.3566561,-267.133153747599,467.623432328061
4182101,2011-12-25 06:24:48,-8.445454163,-58.27204442,-267.445993429601,477.136831292332
4182101,2011-12-25 06:54:48,-8.434218766,-58.26282241,-266.688646871227,478.096284784007
4182101,2011-12-25 07:24:48,-8.420947387,-58.25836264,-265.863683461022,478.515276792761
4182101,2011-12-25 07:54:48,-8.407679928,-58.25390135,-265.038748068895,478.934294168632
4182101,2011-12-25 08:24:48,-8.422350783,-58.22540698,-265.587111627025,482.181683496135
4182101,2011-12-25 08:54:48,-8.437741332,-58.19627015,-266.172178969548,485.504416737512
4182101,2011-12-25 09:24:48,-8.452732835,-58.16794274,-266.74419850576,488.734899148906
4182101,2011-12-25 09:54:48,-8.442494233,-58.1947146,-266.433891888689,485.704325124624
4182101,2011-12-25 10:24:48,-8.432237493,-58.22148893,-266.123548305294,482.673339734572
4182101,2011-12-25 10:54:48,-8.419888162,-58.2433185,-265.637894155855,480.179218481613
4182101,2011-12-25 11:24:48,-8.398844357,-58.24443096,-264.418277425411,479.934717616289
4182101,2011-12-25 11:54:48,-8.377799004,-58.24553934,-263.198626834038,479.690277937966
4182101,2011-12-25 12:24:48,-8.356269998,-58.24708201,-261.955546232702,479.394445106954
4182101,2011-12-25 12:54:48,-8.333345556,-58.249886,-260.644854533523,478.950092246739
4182101,2011-12-25 13:24:48,-8.310416862,-58.25268518,-259.334103402925,478.505801792585
4182101,2011-12-25 13:54:48,-8.29055768,-58.26305491,-258.287250279281,477.238742998362
4182101,2011-12-25 14:24:48,-8.277246827,-58.28960425,-257.804105821499,474.213964785634
4182101,2011-12-25 14:54:48,-8.263912528,-58.31615534,-257.32087899039,471.188777300006
4182101,2011-12-25 15:24:48,-8.267390747,-58.34887328,-257.888888701588,467.577760864322
4182101,2011-12-25 15:54:48,-8.28959708,-58.38843837,-259.624588475933,463.316268361807
4182101,2011-12-25 16:24:48,-8.311861895,-58.42800639,-261.361017682736,459.054187792555
4182101,2011-12-25 16:54:48,-8.321670279,-58.44883484,-262.162737019862,456.799304136441
4182101,2011-12-25 17:24:48,-8.322814173,-58.45666953,-262.316058390019,455.936318099664
4182101,2011-12-25 17:54:48,-8.323958664,-58.46450451,-262.469395196532,455.07330070852
4182101,2011-12-25 18:24:48,-8.34538236,-58.46630332,-263.735295777206,454.997742787474
4182101,2011-12-25 18:54:48,-8.37894121,-58.46448053,-265.667077818494,455.393675282547
4182101,2011-12-25 19:24:48,-8.412495974,-58.46264746,-267.598774489327,455.789756571272
4182101,2011-12-25 19:54:48,-8.478987419,-58.45718669,-271.407595615038,456.774737135329
4182101,2011-12-25 20:24:48,-8.558648675,-58.45022509,-275.968246864382,457.996376825077
4182101,2011-12-25 20:54:48,-8.638272857,-58.4432057,-280.528312612917,459.218807783187
4182101,2011-12-25 21:24:48,-8.668220569,-58.43534852,-282.189212632594,460.25644285839
4182101,2011-12-25 21:54:48,-8.681414257,-58.42721983,-282.872310928621,461.23155627105
4182101,2011-12-25 22:24:48,-8.694600808,-58.41908987,-283.555353018926,462.206641025491
4182101,2011-12-25 22:54:48,-8.703060499,-58.41747735,-284.031355800182,462.432048211488
4182101,2011-12-25 23:24:48,-8.710314869,-58.41752806,-284.454522760895,462.466124056412
4182101,2011-12-25 23:54:48,-8.717569263,-58.41757828,-284.877687482757,462.500208480948
4182101,2011-12-26 00:24:48,-8.706514762,-58.40431096,-284.095258136995,463.91290080729
4182101,2011-12-26 00:54:48,-8.695043749,-58.39073291,-283.284836784162,465.357675438835
4182101,2011-12-26 01:24:48,-8.683583086,-58.37715454,-282.474525562988,466.802398009739
4182101,2011-12-26 01:54:48,-8.634060183,-58.3916124,-279.738645106282,464.923835338103
4182101,2011-12-26 02:24:48,-8.582760552,-58.40731778,-276.915029229765,462.894852990853
4182101,2011-12-26 02:54:48,-8.531407348,-58.4230002,-274.090890167973,460.865983805409
4182101,2011-12-26 03:24:48,-8.533627659,-58.42670207,-274.259889391754,460.467496073201
4182101,2011-12-26 03:54:48,-8.536329335,-58.43029659,-274.455742357945,460.083626055327
4182101,2011-12-26 04:24:48,-8.538455761,-58.43339767,-274.612785333938,459.751297124832
4182101,2011-12-26 04:54:48,-8.535235043,-58.43191683,-274.40938822185,459.897597774137
4182101,2011-12-26 05:24:48,-8.532014642,-58.4304359,-274.205993541847,460.043900207636
4182101,2011-12-26 05:54:48,-8.528309428,-58.42857292,-273.970253215955,460.229878747919
4182101,2011-12-26 06:24:48,-8.522816144,-58.42530124,-273.615235808568,460.562163762041
4182101,2011-12-26 06:54:48,-8.517324056,-58.42202933,-273.260228650965,460.894451180458
4182101,2011-12-26 07:24:48,-8.510290675,-58.41893151,-272.817260965453,461.198682955453
4182101,2011-12-26 07:54:48,-8.499441447,-58.41626434,-272.156584979197,461.433488723932
4182101,2011-12-26 08:24:48,-8.488594145,-58.41359612,-271.495920694834,461.668313509251
4182101,2011-12-26 08:54:48,-8.479070704,-58.41070158,-270.909847466582,461.935664893958
4182101,2011-12-26 09:24:48,-8.472431005,-58.40731529,-270.48638490911,462.273901676815
4182101,2011-12-26 09:54:48,-8.465792802,-58.40392866,-270.062934760748,462.612141762243
4182101,2011-12-26 10:24:48,-8.458978162,-58.40062118,-269.629989772634,462.94054825031
4182101,2011-12-26 10:54:48,-8.451729392,-58.39750796,-269.173780813221,463.244871285212
4182101,2011-12-26 11:24:48,-8.444482123,-58.3943943,-268.717583462761,463.549201355709
4182101,2011-12-26 11:54:48,-8.437246044,-58.3915241,-268.264615283183,463.826518706695
4182101,2011-12-26 12:24:48,-8.430029017,-58.38910095,-267.817560002868,464.054268840957
4182101,2011-12-26 12:54:48,-8.422813152,-58.38667734,-267.370512783039,464.282027711853
4182101,2011-12-26 13:24:48,-8.419929175,-58.38776185,-267.214214578994,464.145127155483
4182101,2011-12-26 13:54:48,-8.42186467,-58.39275021,-267.381425725698,463.60246383553
4182101,2011-12-26 14:24:48,-8.423800807,-58.39773866,-267.548646274695,463.059789098122
4182101,2011-12-26 14:54:48,-8.422527325,-58.40152841,-267.515746200896,462.631810509856
4182101,2011-12-26 15:24:48,-8.418864392,-58.404426,-267.333910213885,462.289188862463
4182101,2011-12-26 15:54:48,-8.415200754,-58.4073235,-267.152069151292,461.946563668605
4182101,2011-12-26 16:24:48,-8.41730528,-58.41300901,-267.336721470243,461.32748687141
4182101,2011-12-26 16:54:48,-8.422023591,-58.41995693,-267.687338953167,460.583225126939
4182101,2011-12-26 17:24:48,-8.426744085,-58.42690488,-268.037981689721,459.838946688818
4182101,2011-12-26 17:54:48,-8.430986128,-58.42864329,-268.303927566763,459.670211244174
4182101,2011-12-26 18:24:48,-8.435101151,-58.42900138,-268.547430445569,459.653960930436
4182101,2011-12-26 18:54:48,-8.439216273,-58.42935931,-268.790933367457,459.637713876373
4182101,2011-12-26 19:24:48,-8.453188075,-58.42823915,-269.592303431486,459.841694594766
4182101,2011-12-26 19:54:48,-8.468711545,-58.42688406,-270.481547892254,460.080402880661
4182101,2011-12-26 20:24:48,-8.484233615,-58.42552678,-271.370770121585,460.31914047031
4182101,2011-12-26 20:54:48,-8.586339708,-58.44239677,-277.496567698444,459.020222416749
4182101,2011-12-26 21:24:48,-8.711546365,-58.46396986,-285.010482491484,457.316141484387
4182101,2011-12-26 21:54:48,-8.836932496,-58.48540156,-292.52526080188,455.614538622003
4182101,2011-12-26 22:24:48,-8.88905168,-58.49486611,-295.652179654244,454.841303601207
4182101,2011-12-26 22:54:48,-8.919742912,-58.50085204,-297.496978732194,454.339002471422
4182101,2011-12-26 23:24:48,-8.950446389,-58.50682954,-299.34184442088,453.836847312888
4182101,2011-12-26 23:54:48,-8.911298625,-58.49851376,-296.982479735927,454.554065047076
4182101,2011-12-27 00:24:48,-8.855862465,-58.48683367,-293.640708816666,455.556686687344
4182101,2011-12-27 00:54:48,-8.8004695,-58.47512615,-290.299183705192,456.559787762058
4182101,2011-12-27 01:24:48,-8.74273797,-58.48105719,-287.002652401186,455.588808704796
4182101,2011-12-27 01:54:48,-8.684726581,-58.48883634,-283.710522602174,454.408256559881
4182101,2011-12-27 02:24:48,-8.62668516,-58.49658501,-280.418005863682,453.228080446601
4182101,2011-12-27 02:54:48,-8.628063893,-58.50009877,-280.535289340121,452.845586665893
4182101,2011-12-27 03:24:48,-8.633237501,-58.50334306,-280.870242165305,452.513997193368
4182101,2011-12-27 03:54:48,-8.638412228,-58.50658715,-281.205204634399,452.182409516322
4182101,2011-12-27 04:24:48,-8.643799894,-58.51229472,-281.578467942975,451.578452205527
4182101,2011-12-27 04:54:48,-8.649189612,-58.51800217,-281.951752038226,450.97448829816
4182101,2011-12-27 05:24:48,-8.653832923,-58.52383314,-282.282888117252,450.352666923845
4182101,2011-12-27 05:54:48,-8.656114682,-58.53005446,-282.480911746017,449.674479391009
4182101,2011-12-27 06:24:48,-8.658397388,-58.53627591,-282.678949094543,448.996275441734
4182101,2011-12-27 06:54:48,-8.660754687,-58.54242323,-282.880493875606,448.326705358232
4182101,2011-12-27 07:24:48,-8.663269866,-58.54841243,-283.089495040156,447.675552036523
4182101,2011-12-27 07:54:48,-8.665786051,-58.55440175,-283.298510048391,447.024382568033
4182101,2011-12-27 08:24:48,-8.666040196,-58.55993919,-283.371483809727,446.410950264637
4182101,2011-12-27 08:54:48,-8.663781613,-58.56497489,-283.293411036926,445.839418523117
4182101,2011-12-27 09:24:48,-8.661522271,-58.57001066,-283.215335938602,445.267872747861
4182101,2011-12-27 09:54:48,-8.655835538,-58.57432865,-282.930968561862,444.757166901997
4182101,2011-12-27 10:24:48,-8.646627725,-58.57790885,-282.434720318307,444.308958780839
4182101,2011-12-27 10:54:48,-8.63741771,-58.58148835,-281.938452597713,443.860749116621
4182101,2011-12-27 11:24:48,-8.628950158,-58.58355756,-281.469367872046,443.58425807189
4182101,2011-12-27 11:54:48,-8.621286797,-58.58399446,-281.029678961219,443.493386653992
4182101,2011-12-27 12:24:48,-8.613623213,-58.58443083,-280.589985733531,443.402522456736
4182101,2011-12-27 12:54:48,-8.608926048,-58.58393486,-280.312393615656,443.43156522553
4182101,2011-12-27 13:24:48,-8.60694313,-58.58258626,-280.18311129558,443.570302593946
4182101,2011-12-27 13:54:48,-8.60496039,-58.58123763,-280.053830484035,443.709040333755
4182101,2011-12-27 14:24:48,-8.604124118,-58.58050237,-279.997532705069,443.786034428713
4182101,2011-12-27 14:54:48,-8.604052075,-58.58017603,-279.989889449953,443.821866727691
4182101,2011-12-27 15:24:48,-8.603980034,-58.57984969,-279.982246244812,443.857699028978
4182101,2011-12-27 15:54:48,-8.610608958,-58.57957798,-280.363738971848,443.924616369741
4182101,2011-12-27 16:24:48,-8.620890202,-58.57933526,-280.957330934011,444.008488376253
4182101,2011-12-27 16:54:48,-8.631171278,-58.57909157,-281.550916724082,444.09237574273
4182101,2011-12-27 17:24:48,-8.634685853,-58.58077247,-281.772483619139,443.925155301797
4182101,2011-12-27 17:54:48,-8.636561604,-58.5829197,-281.903937423706,443.697104859686
4182101,2011-12-27 18:24:48,-8.638437624,-58.58506692,-282.035394008483,443.469053168247
4182101,2011-12-27 18:54:48,-8.648345811,-58.58573019,-282.616844689514,443.450025275381
4182101,2011-12-27 19:24:48,-8.65959209,-58.58614522,-283.273242685487,443.465830354249
4182101,2011-12-27 19:54:48,-8.670838681,-58.5865591,-283.929637717753,443.481653953688
4182101,2011-12-27 20:24:48,-8.698879538,-58.55035018,-285.176575012691,447.655640133424
4182101,2011-12-27 20:54:48,-8.730182295,-58.50684614,-286.540704019483,452.656941310961
4182101,2011-12-27 21:24:48,-8.761394356,-58.46334218,-287.9043468453,457.657161001727
4182101,2011-12-27 21:54:48,-8.831458634,-58.47393096,-292.089579612187,456.85900461101
4182101,2011-12-27 22:24:48,-8.908634899,-58.49422575,-296.78429422461,455.01618240775
4182101,2011-12-27 22:54:48,-8.985915529,-58.51446799,-301.479680394466,453.174260526605
4182101,2011-12-27 23:24:48,-8.971149666,-58.51572631,-300.634190372699,452.957323503645
4182101,2011-12-27 23:54:48,-8.954874661,-58.51667181,-299.697943917547,452.767023209937
4182101,2011-12-28 00:24:48,-8.940357334,-58.51761772,-298.863895840271,452.585697089994
4182101,2011-12-28 00:54:48,-9.050711588,-58.51870607,-305.287079430631,453.040016336945
4182101,2011-12-28 01:24:48,-9.161073447,-58.51968321,-311.709818274124,453.496109853971
4182101,2011-12-28 01:54:48,-9.264931588,-58.52146258,-317.762442138859,453.820115914438
4182101,2011-12-28 02:24:48,-9.2390188,-58.54139206,-316.447060697428,451.476966940565
4182101,2011-12-28 02:54:48,-9.213071515,-58.56131729,-315.131425694852,449.133625817207
4182101,2011-12-28 03:24:48,-9.187936803,-58.58117949,-313.864113220114,446.800889331011
4182101,2011-12-28 03:54:48,-9.173393868,-58.60030316,-313.20546996771,444.603267262773
4182101,2011-12-28 04:24:48,-9.158832322,-58.61942664,-312.546719796889,442.405439270678
4182101,2011-12-28 04:54:48,-9.149773657,-58.6339088,-312.162532346624,440.750919886048
4182101,2011-12-28 05:24:48,-9.159786446,-58.63235322,-312.727401970118,440.974407043123
4182101,2011-12-28 05:54:48,-9.169798193,-58.63079674,-313.292259410581,441.19790473091
4182101,2011-12-28 06:24:48,-9.17946806,-58.63015209,-313.846184010906,441.318308467728
4182101,2011-12-28 06:54:48,-9.188476416,-58.63127842,-314.378907526891,441.238580295537
4182101,2011-12-28 07:24:48,-9.19748545,-58.63240403,-314.911633583366,441.158863216308
4182101,2011-12-28 07:54:48,-9.201534127,-58.63249151,-315.147002359833,441.169488162403
4182101,2011-12-28 08:24:48,-9.200160523,-58.6314449,-315.05735127877,441.278847512522
4182101,2011-12-28 08:54:48,-9.198787016,-58.63039829,-314.967701232495,441.38820545115
4182101,2011-12-28 09:24:48,-9.217592377,-58.62357383,-315.991558107397,442.240638198678
4182101,2011-12-28 09:54:48,-9.260323863,-58.60987894,-318.33701385637,443.975239420273
4182101,2011-12-28 10:24:48,-9.303016198,-58.59616831,-320.682102588623,445.709915403775
4182101,2011-12-28 10:54:48,-9.309777458,-58.60332554,-321.141824245074,444.948172810575
4182101,2011-12-28 11:24:48,-9.280993455,-58.63112873,-319.737012592851,441.717237499884
4182101,2011-12-28 11:54:48,-9.252155837,-58.65892804,-318.331841307129,438.485890531189
4182101,2011-12-28 12:24:48,-9.215193557,-58.68823924,-316.474086252111,435.045378519211
4182101,2011-12-28 12:54:48,-9.17256842,-58.71858853,-314.302929559698,431.460041766908
4182101,2011-12-28 13:24:48,-9.129856403,-58.74892563,-312.131130541322,427.874281632371
4182101,2011-12-28 13:54:48,-9.125921324,-58.75670343,-311.979951116612,426.990388995581
4182101,2011-12-28 14:24:48,-9.139250959,-58.75445305,-312.727352465506,427.307948097842
4182101,2011-12-28 14:54:48,-9.152578578,-58.75220109,-313.474731148519,427.625524177229
4182101,2011-12-28 15:24:48,-9.150162262,-58.74893782,-313.303500244701,427.975784061896
4182101,2011-12-28 15:54:48,-9.144382072,-58.74545837,-312.935924529411,428.333027393734
4182101,2011-12-28 16:24:48,-9.138603232,-58.74197867,-312.568360143677,428.690272678748
4182101,2011-12-28 16:54:48,-9.140414567,-58.73054474,-312.561534998431,429.96948836653
4182101,2011-12-28 17:24:48,-9.143839217,-58.71741773,-312.631524293695,431.444938991492
4182101,2011-12-28 17:54:48,-9.147260851,-58.70429143,-312.701514309932,432.920293727162
4182101,2011-12-28 18:24:48,-9.144002489,-58.70321017,-312.502640969957,433.023894135008
4182101,2011-12-28 18:54:48,-9.139606212,-58.70418057,-312.257963718447,432.893825282193
4182101,2011-12-28 19:24:48,-9.135209649,-58.7051508,-312.013283518263,432.763757893638
4182101,2011-12-28 19:54:48,-9.128258918,-58.6874635,-311.4388828318,434.693092451657
4182101,2011-12-28 20:24:48,-9.120971039,-58.66724674,-310.819888067838,436.901605499827
4182101,2011-12-28 20:54:48,-9.113693025,-58.64703143,-310.201032866663,439.109934787856
4182101,2011-12-28 21:24:48,-9.124308311,-58.60726709,-310.427553975774,443.580818208634
4182101,2011-12-28 21:54:48,-9.137213542,-58.56496894,-310.763880193402,448.344773861289
4182101,2011-12-28 22:24:48,-9.150082359,-58.52267777,-311.100168020012,453.107725659426
4182101,2011-12-28 22:54:48,-9.148252397,-58.52196408,-310.986905615439,453.177707430925
4182101,2011-12-28 23:24:48,-9.144900678,-58.52555812,-310.827059424974,452.76146436426
4182101,2011-12-28 23:54:48,-9.141548155,-58.5291521,-310.667207880533,452.345216307005
4182101,2011-12-29 00:24:48,-9.118341015,-58.53441751,-309.370375492565,451.642139486111
4182101,2011-12-29 00:54:48,-9.09225974,-58.53991844,-307.909369417725,450.897727426981
4182101,2011-12-29 01:24:48,-9.06616889,-58.5454133,-306.448260752703,450.15337515996
4182101,2011-12-29 01:54:48,-9.00938608,-58.5992804,-303.686964620126,443.876928401253
4182101,2011-12-29 02:24:48,-8.948966676,-58.6585069,-300.779715985366,436.984001696159
4182101,2011-12-29 02:54:48,-8.888307117,-58.71771665,-297.870898609327,430.089184532061
4182101,2011-12-29 03:24:48,-8.867692651,-58.72709403,-296.775648265182,428.938660438238
4182101,2011-12-29 03:54:48,-8.853770049,-58.72817139,-295.982597306986,428.745099365004
4182101,2011-12-29 04:24:48,-8.839846442,-58.72924699,-295.189530199493,428.551563267844
4182101,2011-12-29 04:54:48,-8.816414385,-58.73450588,-293.890478059182,427.842518916448
4182101,2011-12-29 05:24:48,-8.792807337,-58.73983322,-292.582472512806,427.124482725261
4182101,2011-12-29 05:54:48,-8.769802379,-58.74473055,-291.30521288348,426.456980277759
4182101,2011-12-29 06:24:48,-8.759267073,-58.74094121,-290.657801715457,426.820951230919
4182101,2011-12-29 06:54:48,-8.748734447,-58.73715094,-290.010409741326,427.184935899648
4182101,2011-12-29 07:24:48,-8.738460309,-58.73318039,-289.375938495757,427.570234154276
4182101,2011-12-29 07:54:48,-8.729554516,-58.72825179,-288.810358767789,428.069233109051
4182101,2011-12-29 08:24:48,-8.720651669,-58.72332258,-288.244803219675,428.568238414638
4182101,2011-12-29 08:54:48,-8.712105623,-58.71824135,-287.698127143369,429.085986699992
4182101,2011-12-29 09:24:48,-8.704916152,-58.7125804,-287.223610731424,429.675420649054
4182101,2011-12-29 09:54:48,-8.697729411,-58.70691913,-286.749119235482,430.264852208259
4182101,2011-12-29 10:24:48,-8.691240998,-58.70162975,-286.318753168407,430.816751182139
4182101,2011-12-29 10:54:48,-8.686828865,-58.69745019,-286.019924357821,431.256725596591
4182101,2011-12-29 11:24:48,-8.682417969,-58.69327055,-285.721107684023,431.696695158465
4182101,2011-12-29 11:54:48,-8.67799795,-58.68961057,-285.427166636602,432.078895438993
4182101,2011-12-29 12:24:48,-8.673555484,-58.68712253,-285.144201582379,432.330830377949
4182101,2011-12-29 12:54:48,-8.66911376,-58.68463434,-284.861242720193,432.582766731281
4182101,2011-12-29 13:24:48,-8.666054535,-58.68267382,-284.663736777915,432.7836768228
4182101,2011-12-29 13:54:48,-8.665440227,-58.68164707,-284.617408169312,432.89430943673
4182101,2011-12-29 14:24:48,-8.664825961,-58.68062033,-284.571080129362,433.00494072117
4182101,2011-12-29 14:54:48,-8.677059684,-58.67473855,-285.216617239327,433.725029904477
4182101,2011-12-29 15:24:48,-8.705702574,-58.66264481,-286.746546052432,435.224287965204
4182101,2011-12-29 15:54:48,-8.734322258,-58.65054431,-288.276274261259,436.723527663152
4182101,2011-12-29 16:24:48,-8.753057425,-58.64443544,-289.297141599628,437.503369305758
4182101,2011-12-29 16:54:48,-8.761522904,-58.64456758,-289.788533888662,437.534471316902
4182101,2011-12-29 17:24:48,-8.769988458,-58.64469907,-290.279923728064,437.565583464926
4182101,2011-12-29 17:54:48,-8.770709904,-58.64394098,-290.313838190119,437.653655578501
4182101,2011-12-29 18:24:48,-8.764203433,-58.64235273,-289.920747790094,437.794890940334
4182101,2011-12-29 18:54:48,-8.757697655,-58.64076411,-289.527661686177,437.936132357409
4182101,2011-12-29 19:24:48,-8.756794401,-58.63098706,-289.373958527297,439.01689090714
4182101,2011-12-29 19:54:48,-8.761704375,-58.61270758,-289.468854700115,441.073200338873
4182101,2011-12-29 20:24:48,-8.766608349,-58.59442947,-289.563754133663,443.129322855822
4182101,2011-12-29 20:54:48,-8.789808502,-58.55288833,-290.480326721347,447.867330643197
4182101,2011-12-29 21:24:48,-8.819690473,-58.50274601,-291.700405067327,453.596065986522
4182101,2011-12-29 21:54:48,-8.84947269,-58.45260752,-292.920019738367,459.323360425401
4182101,2011-12-29 22:24:48,-8.85822676,-58.43653018,-293.265871144672,461.1555158364
4182101,2011-12-29 22:54:48,-8.859970965,-58.43183948,-293.31970062823,461.68573210954
4182101,2011-12-29 23:24:48,-8.861714626,-58.42714886,-293.373528977518,462.215935552666
4182101,2011-12-29 23:54:48,-8.878208037,-58.42071237,-294.268989226997,463.018634930634
4182101,2011-12-30 00:24:48,-8.90109757,-58.41351382,-295.529849623631,463.939692011988
4182101,2011-12-30 00:54:48,-8.923976141,-58.40631073,-296.790604380511,464.86076976579
4182101,2011-12-30 01:24:48,-8.839882883,-58.43698515,-292.20225544602,461.006897939551
4182101,2011-12-30 01:54:48,-8.726699235,-58.4777668,-286.035673246828,455.866869135703
4182101,2011-12-30 02:24:48,-8.613207974,-58.51843893,-279.866251739371,450.727041835882
4182101,2011-12-30 02:54:48,-8.59216668,-58.52976097,-278.76443531331,449.35315739512
4182101,2011-12-30 03:24:48,-8.595668525,-58.53332476,-279.005657930344,448.976962285912
4182101,2011-12-30 03:54:48,-8.599171203,-58.5368885,-279.246888919682,448.600764242155
4182101,2011-12-30 04:24:48,-8.554545912,-58.57364472,-277.049491118069,444.271308866072
4182101,2011-12-30 04:54:48,-8.499087836,-58.6177525,-274.30968046466,439.063339558012
4182101,2011-12-30 05:24:48,-8.443465883,-58.66184141,-271.568721229097,433.854370530991
4182101,2011-12-30 05:54:48,-8.421697008,-58.68465375,-270.559091736076,431.198255204925
4182101,2011-12-30 06:24:48,-8.404830666,-58.70438103,-269.800545339934,428.912276706887
4182101,2011-12-30 06:54:48,-8.387941991,-58.72410756,-269.041871401657,426.626078337446
4182101,2011-12-30 07:24:48,-8.377172782,-58.72572314,-268.437937051916,426.385100266577
4182101,2011-12-30 07:54:48,-8.367127539,-58.72520059,-267.85227067446,426.385511604848
4182101,2011-12-30 08:24:48,-8.356982393,-58.72457886,-267.259729102591,426.396269103457
4182101,2011-12-30 08:54:48,-8.344361043,-58.7215272,-266.497320951763,426.66239831223
4182101,2011-12-30 09:24:48,-8.331742278,-58.71847413,-265.734927756908,426.92855269529
4182101,2011-12-30 09:54:48,-8.319047444,-58.71521406,-264.965723409312,427.217097124964
4182101,2011-12-30 10:24:48,-8.30579987,-58.71049854,-264.148268166495,427.663837244756
4182101,2011-12-30 10:54:48,-8.292556487,-58.70578153,-263.330842286697,428.110601703872
4182101,2011-12-30 11:24:48,-8.27934876,-58.7008009,-262.512333897117,428.58666766198
4182101,2011-12-30 11:54:48,-8.266270874,-58.69477759,-261.689445320521,429.179051723022
4182101,2011-12-30 12:24:48,-8.253198269,-58.6887529,-260.866597475051,429.771454812766
4182101,2011-12-30 12:54:48,-8.241725366,-58.68261703,-260.134703806163,430.385393446274
4182101,2011-12-30 13:24:48,-8.236234036,-58.67606891,-259.743707027212,431.080003191783
4182101,2011-12-30 13:54:48,-8.230745116,-58.66952072,-259.352735662142,431.774601259268
4182101,2011-12-30 14:24:48,-8.22644126,-58.66321431,-259.032900487873,432.449284303642
4182101,2011-12-30 14:54:48,-8.225553649,-58.65760635,-258.918425617247,433.066478731714
4182101,2011-12-30 15:24:48,-8.224666372,-58.65199852,-258.803958721611,433.683659155948
4182101,2011-12-30 15:54:48,-8.224139463,-58.64346127,-258.677339078712,434.62807626519
4182101,2011-12-30 16:24:48,-8.224381505,-58.62866749,-258.524771224208,436.271391539146
4182101,2011-12-30 16:54:48,-8.224623307,-58.61387475,-258.372239186096,437.914592162873
4182101,2011-12-30 17:24:48,-8.233786228,-58.60370821,-258.78856279718,439.096721055577
4182101,2011-12-30 17:54:48,-8.259968691,-58.60236223,-260.290124273678,439.399406077854
4182101,2011-12-30 18:24:48,-8.286148791,-58.60101002,-261.791634867888,439.702180236758
4182101,2011-12-30 18:54:48,-8.298868111,-58.59547707,-262.466909413346,440.390271401757
4182101,2011-12-30 19:24:48,-8.298968643,-58.58602907,-262.367578686551,441.439523493224
4182101,2011-12-30 19:54:48,-8.299069112,-58.57658148,-262.268262567894,442.488730455746
4182101,2011-12-30 20:24:48,-8.329979421,-58.55089144,-263.775748248362,445.519495654386
4182101,2011-12-30 20:54:48,-8.386960672,-58.51137872,-266.648065827244,450.233936228503
4182101,2011-12-30 21:24:48,-8.44379189,-58.47184385,-269.51926827833,454.947626615198
4182101,2011-12-30 21:54:48,-8.43807713,-58.43503074,-268.786310069356,459.001634479584
4182101,2011-12-30 22:24:48,-8.376978048,-58.40062918,-264.85170679124,462.470048289897
4182101,2011-12-30 22:54:48,-8.316018632,-58.36619915,-260.91828605171,465.938753231179
4182101,2011-12-30 23:24:48,-8.28708486,-58.3520049,-259.072890030121,467.345482274361
4182101,2011-12-30 23:54:48,-8.284624615,-58.35460863,-258.95831183916,467.042099008251
4182101,2011-12-31 00:24:48,-8.282163945,-58.35721234,-258.843731057627,466.738711560092
4182101,2011-12-31 00:54:48,-8.252103471,-58.36518406,-257.179230509348,465.677680616775
4182101,2011-12-31 01:24:48,-8.205178413,-58.37641452,-254.56894967744,464.154599738294
4182101,2011-12-31 01:54:48,-8.158218355,-58.38762537,-251.958295329419,462.631675677773
4182101,2011-12-31 02:24:48,-8.127583096,-58.39253021,-250.228764969658,461.904508065242
4182101,2011-12-31 02:54:48,-8.107229685,-58.39347433,-249.053563898731,461.677814766802
4182101,2011-12-31 03:24:48,-8.086875,-58.39441466,-247.878332399666,461.451176841431
4182101,2011-12-31 03:54:48,-8.077785386,-58.396323,-247.370626711124,461.184680822205
4182101,2011-12-31 04:24:48,-8.073783072,-58.39866952,-247.16438903937,460.900166714159
4182101,2011-12-31 04:54:48,-8.069780134,-58.40101591,-246.958146335178,460.615651344524
4182101,2011-12-31 05:24:48,-8.062588045,-58.40128721,-246.542307467292,460.542148502914
4182101,2011-12-31 05:54:48,-8.054568207,-58.40101927,-246.072051877059,460.523437199496
4182101,2011-12-31 06:24:48,-8.046548513,-58.40075073,-245.60179425553,460.504736739438
4182101,2011-12-31 06:54:48,-8.045322533,-58.40271067,-245.552975203829,460.279826933785
4182101,2011-12-31 07:24:48,-8.044620922,-58.40484268,-245.536690920641,460.038995922343
4182101,2011-12-31 07:54:48,-8.043906151,-58.40697113,-245.519604685158,459.79848023157
4182101,2011-12-31 08:24:48,-8.041245342,-58.40856565,-245.383030886095,459.605432014732
4182101,2011-12-31 08:54:48,-8.038584251,-58.41016012,-245.246454913438,459.412382394755
4182101,2011-12-31 09:24:48,-8.035985676,-58.41170769,-245.112992762588,459.224910674121
4182101,2011-12-31 09:54:48,-8.034938974,-58.41209751,-245.056541504948,459.175310989909
4182101,2011-12-31 10:24:48,-8.033892244,-58.41248733,-245.000090054897,459.125710269167
4182101,2011-12-31 10:54:48,-8.032860112,-58.41283893,-244.944048605706,459.080438312843
4182101,2011-12-31 11:24:48,-8.032138357,-58.41237969,-244.896714545291,459.127023220005
4182101,2011-12-31 11:54:48,-8.031416625,-58.41192046,-244.849380892711,459.173606632341
4182101,2011-12-31 12:24:48,-8.030475083,-58.41132989,-244.787728255711,459.233430928723
4182101,2011-12-31 12:54:48,-8.024180998,-58.4075412,-244.377384435105,459.615660656284
4182101,2011-12-31 13:24:48,-8.0178885,-58.40375221,-243.967054276599,459.997893693648
4182101,2011-12-31 13:54:48,-8.009725447,-58.39959891,-243.443464741816,460.409134753258
4182101,2011-12-31 14:24:48,-7.961332306,-58.38760806,-240.484629423395,461.444210036622
4182101,2011-12-31 14:54:48,-7.912977754,-58.37559645,-237.52602152059,462.47965639382
4182101,2011-12-31 15:24:48,-7.870070714,-58.36563618,-234.907483402635,463.319177844663
4182101,2011-12-31 15:54:48,-7.870696835,-58.37233705,-235.023161575623,462.57960898886
4182101,2011-12-31 16:24:48,-7.871323234,-58.37903813,-235.138850158249,461.840017710203
4182101,2011-12-31 16:54:48,-7.871676287,-58.38378328,-235.215492128789,461.315738213835
4182101,2011-12-31 17:24:48,-7.871239316,-58.38287974,-235.179352988818,461.413273424972
4182101,2011-12-31 17:54:48,-7.87080237,-58.38197621,-235.143214224521,461.51080743541
4182101,2011-12-31 18:24:48,-7.869050664,-58.38137045,-235.033976667936,461.567142312295
4182101,2011-12-31 18:54:48,-7.864978411,-58.38129014,-234.795720300595,461.550763844429
4182101,2011-12-31 19:24:48,-7.860906181,-58.38120968,-234.557463374335,461.534387604046
4182101,2011-12-31 19:54:48,-7.934496207,-58.37644785,-238.790235766697,462.517765650378
4182101,2011-12-31 20:24:48,-8.083466748,-58.36698499,-247.365316090098,464.474597902024
4182101,2011-12-31 20:54:48,-8.232342667,-58.35731918,-255.938545801247,466.434315597101
4182101,2011-12-31 21:24:48,-8.284067285,-58.3577321,-258.960550759431,466.692154491177
4182101,2011-12-31 21:54:48,-8.268630258,-58.36521408,-258.143458920917,465.771331108146
4182101,2011-12-31 22:24:48,-8.253185558,-58.37269413,-257.326301683323,464.850493146014
4182101,2011-12-31 22:54:48,-8.254577,-58.38441507,-257.538460972204,463.557753980251
4182101,2011-12-31 23:24:48,-8.265703971,-58.398586,-258.34523593572,462.050177452678
4182101,2011-12-31 23:54:48,-8.276841431,-58.41275675,-259.152126266786,460.542542610881
4182101,2012-01-01 00:24:48,-8.295844903,-58.47055055,-260.90151541429,454.238754543462
4182101,2012-01-01 00:54:48,-8.319050276,-58.55111777,-263.144174757262,445.43106235055
4182101,2012-01-01 01:24:48,-8.342380862,-58.63171089,-265.388936856889,436.620397689019
4182101,2012-01-01 01:54:48,-8.317269051,-58.68241362,-264.498548856561,430.847497772055
4182101,2012-01-01 02:24:48,-8.269801059,-58.71938694,-262.1688362956,426.468234043095
4182101,2012-01-01 02:54:48,-8.222215169,-58.75634621,-259.838306789786,422.088266380278
4182101,2012-01-01 03:24:48,-8.205870037,-58.76775024,-259.024624678172,420.72671890086
4182101,2012-01-01 03:54:48,-8.204490184,-58.7669476,-258.93600010208,420.807693208055
4182101,2012-01-01 04:24:48,-8.203110405,-58.76614495,-258.847376165944,420.88866717477
4182101,2012-01-01 04:54:48,-8.199076835,-58.76337893,-258.583529110566,421.171938881808
4182101,2012-01-01 05:24:48,-8.19414385,-58.75994664,-258.260240139961,421.523845976899
4182101,2012-01-01 05:54:48,-8.189212002,-58.75651417,-257.936960958662,421.875755070218
4182101,2012-01-01 06:24:48,-8.180655663,-58.7535225,-257.409594935547,422.157353801827
4182101,2012-01-01 06:54:48,-8.171038409,-58.75065935,-256.822419106087,422.418356336773
4182101,2012-01-01 07:24:48,-8.161423005,-58.7477954,-256.235255176187,422.679372480018
4182101,2012-01-01 07:54:48,-8.162414852,-58.74519442,-256.262876356074,422.973889112397
4182101,2012-01-01 08:24:48,-8.165172812,-58.74263728,-256.392891351772,423.273980978691
4182101,2012-01-01 08:54:48,-8.167930299,-58.74008011,-256.522903462822,423.574068357066
4182101,2012-01-01 09:24:48,-8.171079667,-58.73847483,-256.68636519747,423.770825554679
4182101,2012-01-01 09:54:48,-8.174265673,-58.73695917,-256.852976311994,423.957845589643
4182101,2012-01-01 10:24:48,-8.177451355,-58.73544343,-257.01958478157,424.14486484702
4182101,2012-01-01 10:54:48,-8.161791266,-58.74046472,-256.173096444977,423.495094214877
4182101,2012-01-01 11:24:48,-8.143042,-58.7465523,-255.160857850781,422.708481396362
4182101,2012-01-01 11:54:48,-8.124285069,-58.75263687,-254.148547998646,421.921877246341
4182101,2012-01-01 12:24:48,-8.095144299,-58.75618037,-252.508727930198,421.355033211078
4182101,2012-01-01 12:54:48,-8.064028786,-58.75923414,-250.749796017,420.82997900633
4182101,2012-01-01 13:24:48,-8.032906898,-58.76227919,-248.990769186765,420.305035432399
4182101,2012-01-01 13:54:48,-7.914825066,-58.76950915,-242.269128764325,418.785555017477
4182101,2012-01-01 14:24:48,-7.790858596,-58.77688512,-235.213894194859,417.201321644607
4182101,2012-01-01 14:54:48,-7.66683123,-58.78412198,-228.157430379405,415.619016300308
4182101,2012-01-01 15:24:48,-7.350630951,-58.78933217,-210.016612704856,412.993701665486
4182101,2012-01-01 15:54:48,-7.025860939,-58.79352111,-191.381032826117,410.336212480741
4182101,2012-01-01 16:24:48,-6.701009864,-58.79675434,-172.73910819192,407.692848337952
4182101,2012-01-01 16:54:48,-6.497117654,-58.80673169,-161.15662358384,405.106661330797
4182101,2012-01-01 17:24:48,-6.29633627,-58.8165434,-149.760202313637,402.526687576003
4182101,2012-01-01 17:54:48,-6.09735255,-58.82533269,-138.461354889579,400.039293432752
4182101,2012-01-01 18:24:48,-5.977153965,-58.80700538,-131.284936266228,401.136906846785
4182101,2012-01-01 18:54:48,-5.857104012,-58.788549,-124.108852322668,402.236796314634
4182101,2012-01-01 19:24:48,-5.745432625,-58.76954963,-117.399740815168,403.450739808381
4182101,2012-01-01 19:54:48,-5.762739416,-58.74400114,-118.001445252681,406.416680307471
4182101,2012-01-01 20:24:48,-5.78001654,-58.71845303,-118.603055201151,409.382229849412
4182101,2012-01-01 20:54:48,-5.793990157,-58.68885523,-118.953873542119,412.769521970349
4182101,2012-01-01 21:24:48,-5.736863701,-58.57104655,-113.846662749387,425.350169346084
4182101,2012-01-01 21:54:48,-5.680185112,-58.45327418,-108.745969373941,437.925988528707
4182101,2012-01-01 22:24:48,-5.62434425,-58.33627993,-103.686330170963,450.418173297363
4182101,2012-01-01 22:54:48,-5.596824388,-58.27193721,-101.081492756155,457.312829205758
4182101,2012-01-01 23:24:48,-5.569421579,-58.20760739,-98.4785269222753,464.205960216421
4182101,2012-01-01 23:54:48,-5.539627205,-58.14479772,-95.7542964888216,470.910022178112
4182101,2012-01-02 00:24:48,-5.456753416,-58.11394878,-90.4182563810934,473.633915185765
4182101,2012-01-02 00:54:48,-5.374048241,-58.08304114,-85.083341295345,476.358950178836
4182101,2012-01-02 01:24:48,-5.296897632,-58.05337363,-80.0862669124892,478.987318341576
4182101,2012-01-02 01:54:48,-5.30257454,-58.04363051,-80.2629013045646,480.113419999581
4182101,2012-01-02 02:24:48,-5.308247808,-58.03388755,-80.439527478107,481.239464077044
4182101,2012-01-02 02:54:48,-5.312856881,-58.02463186,-80.5617003939055,482.302550708955
4182101,2012-01-02 03:24:48,-5.308884233,-58.0193174,-80.2433698416498,482.856690697889
4182101,2012-01-02 03:54:48,-5.304912974,-58.01400293,-79.9250564546687,483.410824315978
4182101,2012-01-02 04:24:48,-5.290240909,-58.01110728,-79.0171814444263,483.606228626758
4182101,2012-01-02 04:54:48,-5.168716191,-58.03226758,-72.2266558008496,480.22378942751
4182101,2012-01-02 05:24:48,-5.047022674,-58.05329312,-65.4338356638295,476.842528702878
4182101,2012-01-02 05:54:48,-4.929978716,-58.07316221,-58.9039108847405,473.617917175848
4182101,2012-01-02 06:24:48,-4.844904007,-58.08613334,-54.1384494524,471.429558355893
4182101,2012-01-02 06:54:48,-4.759756725,-58.09903832,-49.371927967662,469.24182328254
4182101,2012-01-02 07:24:48,-4.654047968,-58.11871358,-43.5229679063091,466.113542406371
4182101,2012-01-02 07:54:48,-4.472682223,-58.16331103,-33.6954636908795,459.527186824754
4182101,2012-01-02 08:24:48,-4.290783221,-58.20761369,-23.8618440110452,452.942108195231
4182101,2012-01-02 08:54:48,-4.173473125,-58.2327293,-17.4739150911516,449.062930702903
4182101,2012-01-02 09:24:48,-4.155747576,-58.22881918,-16.3710894931239,449.32671941534
4182101,2012-01-02 09:54:48,-4.138026615,-58.22490625,-15.2682798897054,449.590562214473
4182101,2012-01-02 10:24:48,-4.076411201,-58.23146952,-11.7976509017312,448.278598487082
4182101,2012-01-02 10:54:48,-3.974819179,-58.24748407,-6.17394988641013,445.535105171745
4182101,2012-01-02 11:24:48,-3.8731197,-58.26340478,-0.548695672163831,442.792400129237
4182101,2012-01-02 11:54:48,-3.603751697,-58.32634498,13.9265759503323,433.194861652933
4182101,2012-01-02 12:24:48,-3.236501559,-58.41530762,33.4963303941638,419.66954737627
4182101,2012-01-02 12:54:48,-2.867086367,-58.503065,53.0908402398206,406.148127894418
4182101,2012-01-02 13:24:48,-2.508786117,-58.60070002,71.7163121391586,391.553074827867
4182101,2012-01-02 13:54:48,-2.15610065,-58.70392019,89.7672210169214,376.30817951206
4182101,2012-01-02 14:24:48,-1.800977822,-58.80605256,107.842574349672,361.061909785954
4182101,2012-01-02 14:54:48,-1.414667742,-58.90796819,127.556303898432,345.379181327932
4182101,2012-01-02 15:24:48,-1.010394567,-59.00898811,148.155002998296,329.46577683846
4182101,2012-01-02 15:54:48,-0.603368,-59.10857362,168.783111903214,313.552695373332
4182101,2012-01-02 16:24:48,-0.304542634,-59.17603338,183.964854905729,302.41022794542
4182101,2012-01-02 16:54:48,-0.076522683,-59.2229535,195.609071584697,294.361426019651
4182101,2012-01-02 17:24:48,0.152223426,-59.26941709,207.261875900804,286.313488195125
4182101,2012-01-02 17:54:48,0.235858581,-59.26063993,212.171594422855,286.180147437991
4182101,2012-01-02 18:24:48,0.219727799,-59.21422827,212.455157922471,291.470119039166
4182101,2012-01-02 18:54:48,0.203647901,-59.1678243,212.738280145061,296.758963994373
4182101,2012-01-02 19:24:48,0.115680267,-59.06126943,210.49898343705,309.572794985504
4182101,2012-01-02 19:54:48,-0.008284158,-58.92375944,206.965220629564,326.243604761913
4182101,2012-01-02 20:24:48,-0.131103004,-58.78620073,203.433409778551,342.901943805227
4182101,2012-01-02 20:54:48,-0.115282326,-58.76318513,204.906379216997,345.218962825477
4182101,2012-01-02 21:24:48,-0.042575761,-58.78730825,208.440525499168,341.633799353236
4182101,2012-01-02 21:54:48,0.030248718,-58.81138613,211.97573748952,338.048333852388
4182101,2012-01-02 22:24:48,0.112415344,-58.83332858,216.088502550343,334.570448306091
4182101,2012-01-02 22:54:48,0.198231465,-58.85440978,220.423064349088,331.13374436341
4182101,2012-01-02 23:24:48,0.284169361,-58.87542636,224.75895977112,327.696993421406
4182101,2012-01-02 23:54:48,0.302742366,-58.87899372,225.720078968408,327.060190437388
4182101,2012-01-03 00:24:48,0.297620456,-58.87644443,225.495175622159,327.407158881071
4182101,2012-01-03 00:54:48,0.292499427,-58.87389492,225.27027841995,327.754124055666
4182101,2012-01-03 01:24:48,0.473499077,-58.90363596,234.755064605582,322.085134885159
4182101,2012-01-03 01:54:48,0.706348143,-58.94184971,246.92437002729,314.759275764893
4182101,2012-01-03 02:24:48,0.93979514,-58.97957989,259.102251999077,307.435265453303
4182101,2012-01-03 02:54:48,1.013070134,-59.01117417,262.386066724216,302.969954159064
4182101,2012-01-03 03:24:48,1.048073438,-59.04136611,263.544801023539,299.186501427573
4182101,2012-01-03 03:54:48,1.083148391,-59.07155126,264.703744523773,295.402403649459
4182101,2012-01-03 04:24:48,1.171276307,-59.15667335,267.345706548567,284.879760393766
4182101,2012-01-03 04:54:48,1.267779529,-59.24984436,270.207142988214,273.35950302405
4182101,2012-01-03 05:24:48,1.364897324,-59.34297181,273.069796520388,261.833305400193
4182101,2012-01-03 05:54:48,1.533525592,-59.45929089,279.223771719003,246.763280231636
4182101,2012-01-03 06:24:48,1.710802084,-59.57778166,285.719812014788,231.321189794623
4182101,2012-01-03 06:54:48,1.889528693,-59.69605616,292.221620240265,215.868639286246
4182101,2012-01-03 07:24:48,1.906292927,-59.77417492,290.911208188331,207.120191102057
4182101,2012-01-03 07:54:48,1.918279473,-59.85112779,289.36639798256,198.568842379175
4182101,2012-01-03 08:24:48,1.932610004,-59.93111643,287.857883853295,189.654469816957
4182101,2012-01-03 08:54:48,1.996976545,-60.07672408,287.179035162815,172.879763062463
4182101,2012-01-03 09:24:48,2.062001298,-60.22239076,286.495827997969,156.094102183793
4182101,2012-01-03 09:54:48,2.127694241,-60.36811546,285.808261658777,139.297536401237
4182101,2012-01-03 10:24:48,2.204217998,-60.45796568,287.29870689501,128.42337058661
4182101,2012-01-03 10:54:48,2.281427762,-60.54669141,288.832299161085,117.661932296937
4182101,2012-01-03 11:24:48,2.369441052,-60.63992943,290.782110127042,106.253645991221
4182101,2012-01-03 11:54:48,2.555061134,-60.77536562,296.624794922977,88.8367670075904
4182101,2012-01-03 12:24:48,2.742482972,-60.91058534,302.472073010422,71.4069034704162
4182101,2012-01-03 12:54:48,2.941384605,-61.04545277,308.835329216245,53.8345164824623
4182101,2012-01-03 13:24:48,3.18227461,-61.17944531,317.316859241824,35.7138676170334
4182101,2012-01-03 13:54:48,3.425505868,-61.31302159,325.806905435874,17.5795544463526
4182101,2012-01-03 14:24:48,3.694628809,-61.45730651,335.16473221944,-2.13284344766271
4182101,2012-01-03 14:54:48,4.037149103,-61.63391334,347.083490451739,-26.5037958462945
4182101,2012-01-03 15:24:48,4.384125083,-61.8096653,359.018127028038,-50.8991609574705
4182101,2012-01-03 15:54:48,4.707049047,-61.97155985,369.964323762805,-73.4650190660295
4182101,2012-01-03 16:24:48,4.964544864,-62.10164899,378.508656981864,-91.5939221383951
4182101,2012-01-03 16:54:48,5.224543497,-62.23126112,387.06090515519,-109.736285987918
4182101,2012-01-03 17:24:48,5.356345095,-62.36565651,388.923744986828,-126.309384658534
4182101,2012-01-03 17:54:48,5.252409741,-62.50939758,378.701410615443,-140.031506545128
4182101,2012-01-03 18:24:48,5.147340113,-62.65313564,368.467895058044,-153.752904067378
4182101,2012-01-03 18:54:48,5.030129145,-62.78447194,358.114753718096,-165.968229344207
4182101,2012-01-03 19:24:48,4.896017588,-62.89798514,347.59771272069,-176.024850392624
4182101,2012-01-03 19:54:48,4.760736628,-63.01140612,337.073298558832,-186.078411116332
4182101,2012-01-03 20:24:48,4.676107083,-63.11617122,329.355188757951,-196.01218732176
4182101,2012-01-03 20:54:48,4.656867226,-63.21006123,325.205206032599,-205.798119167808
4182101,2012-01-03 21:24:48,4.637487125,-63.30398366,321.051387375285,-215.585784909203
4182101,2012-01-03 21:54:48,4.654243162,-63.38532022,319.073054008165,-224.577623124974
4182101,2012-01-03 22:24:48,4.701590691,-63.45608432,318.920706924647,-232.902855296888
4182101,2012-01-03 22:54:48,4.749200308,-63.5268507,318.767407521073,-241.230462246131
4182101,2012-01-03 23:24:48,4.85215327,-63.60069607,321.1370430813,-250.739902374897
4182101,2012-01-03 23:54:48,5.024013963,-63.67819697,326.628190570345,-261.711184541522
4182101,2012-01-04 00:24:48,5.196923598,-63.75549116,332.122346026417,-272.68707879996
4182101,2012-01-04 00:54:48,5.333471921,-63.83619597,335.722925549173,-283.466342537318
4182101,2012-01-04 01:24:48,5.408193658,-63.92287289,336.155256992414,-293.913475693837
4182101,2012-01-04 01:54:48,5.483430759,-64.0095359,336.586515014967,-304.364421594837
4182101,2012-01-04 02:24:48,5.54927052,-64.10213828,336.338586227791,-315.299016800699
4182101,2012-01-04 02:54:48,5.601865994,-64.20297139,335.152053213848,-326.900295947626
4182101,2012-01-04 03:24:48,5.654888076,-64.30382247,333.962914350887,-338.505690465997
4182101,2012-01-04 03:54:48,5.712217622,-64.39186224,333.417007920121,-348.806968364019
4182101,2012-01-04 04:24:48,5.774699371,-64.46411428,333.664487783162,-357.501493953119
4182101,2012-01-04 04:54:48,5.837547265,-64.53635664,333.911158244183,-366.198576108368
4182101,2012-01-04 05:24:48,5.894122615,-64.57543703,335.071785403823,-371.258994050177
4182101,2012-01-04 05:54:48,5.946276249,-64.5917778,336.85942945637,-373.825819217565
4182101,2012-01-04 06:24:48,5.998499134,-64.60809915,338.647333066607,-376.392870861538
4182101,2012-01-04 06:54:48,6.016024969,-64.6140338,339.229623858483,-377.303354172545
4182101,2012-01-04 07:24:48,6.010118097,-64.61297245,338.998707371896,-377.096508964218
4182101,2012-01-04 07:54:48,6.004211735,-64.61191084,338.76779427264,-376.889664313325
4182101,2012-01-04 08:24:48,5.998413036,-64.61239786,338.484552795152,-376.849565822842
4182101,2012-01-04 08:54:48,5.992636674,-64.61321192,338.190254704316,-376.844699027287
4182101,2012-01-04 09:24:48,5.994195595,-64.61977329,338.01915216901,-377.568591304469
4182101,2012-01-04 09:54:48,6.047745827,-64.66697261,338.719156502311,-383.446798790403
4182101,2012-01-04 10:24:48,6.101502371,-64.71415883,339.418999654977,-389.326227800757
4182101,2012-01-04 10:54:48,6.150962019,-64.78024272,339.209368587332,-397.148404109304
4182101,2012-01-04 11:24:48,6.188197715,-64.89894967,336.467584408462,-410.374281224916
4182101,2012-01-04 11:54:48,6.225798528,-65.01769904,333.721333154117,-423.604677001975
4182101,2012-01-04 12:24:48,6.265454341,-65.12150487,331.608708652072,-435.272681202009
4182101,2012-01-04 12:54:48,6.310158394,-65.18291977,331.29956933466,-442.509412438828
4182101,2012-01-04 13:24:48,6.35509109,-65.2443339,330.989631311873,-449.747763159339
4182101,2012-01-04 13:54:48,6.395738441,-65.31875587,329.986218079858,-458.298326050305
4182101,2012-01-04 14:24:48,6.425875943,-65.42420556,327.329232421515,-469.975374348956
4182101,2012-01-04 14:54:48,6.456281093,-65.52968934,324.668666293478,-481.655747042994
4182101,2012-01-04 15:24:48,6.522854814,-65.63810198,323.467618718991,-494.211396081451
4182101,2012-01-04 15:54:48,6.642564034,-65.75069892,324.39418160162,-508.041734322555
4182101,2012-01-04 16:24:48,6.763422739,-65.86323782,325.319179062583,-521.878337416237
4182101,2012-01-04 16:54:48,6.868733015,-65.97816921,325.426203697799,-535.716313261128
4182101,2012-01-04 17:24:48,6.958333844,-66.09552672,324.716016204434,-549.555222603803
4182101,2012-01-04 17:54:48,7.04884406,-66.21287584,324.002854337076,-563.399752215307
4182101,2012-01-04 18:24:48,7.140867098,-66.30374338,324.354137658846,-574.46190420355
4182101,2012-01-04 18:54:48,7.233977958,-66.37491973,325.497058509297,-583.457285920575
4182101,2012-01-04 19:24:48,7.327667067,-66.4460528,326.639614549563,-592.455331993498
4182101,2012-01-04 19:54:48,7.529351487,-66.58832097,329.444496888668,-610.673845991472
4182101,2012-01-04 20:24:48,7.793845407,-66.76955246,333.165508222952,-633.993307516255
4182101,2012-01-04 20:54:48,8.062606777,-66.95040735,336.885045194253,-657.330644395024
4182101,2012-01-04 21:24:48,8.279333664,-67.12263719,338.644885967208,-678.90884205147
4182101,2012-01-04 21:54:48,8.478452122,-67.29163058,339.678660431945,-699.845516928181
4182101,2012-01-04 22:24:48,8.680631977,-67.46044876,340.708196330656,-720.795330148071
4182101,2012-01-04 22:54:48,8.838845106,-67.63980935,339.402045067079,-742.111891798514
4182101,2012-01-04 23:24:48,8.994507962,-67.82028262,337.834231280762,-763.479063833974
4182101,2012-01-04 23:54:48,9.152787341,-68.00070067,336.258865813801,-784.858114350848
4182101,2012-01-05 00:24:48,9.222559683,-68.2162145,329.616828267976,-808.430816666589
4182101,2012-01-05 00:54:48,9.291289088,-68.43279009,322.824114033349,-832.072134686552
4182101,2012-01-05 01:24:48,9.35755479,-68.65075623,315.813333245118,-855.793402367656
4182101,2012-01-05 01:54:48,9.364221314,-68.88859506,305.63503994226,-880.608976778439
4182101,2012-01-05 02:24:48,9.371043214,-69.12661086,295.437163123146,-905.432055048206
4182101,2012-01-05 02:54:48,9.348201812,-69.35699621,284.471346923309,-928.989814503937
4182101,2012-01-05 03:24:48,9.164241977,-69.54573201,269.493712976429,-945.754315504172
4182101,2012-01-05 03:54:48,8.976784941,-69.73436522,254.50250108163,-962.514461140206
4182101,2012-01-05 04:24:48,8.751308709,-69.88463163,239.912449085975,-974.780110114043
4182101,2012-01-05 04:54:48,8.415791292,-69.91438992,226.620345086809,-972.951796384361
4182101,2012-01-05 05:24:48,8.079269835,-69.94347347,213.331386473441,-971.119616103208
4182101,2012-01-05 05:54:48,7.777488546,-70.01317301,199.622060545604,-974.110474619175
4182101,2012-01-05 06:24:48,7.542337307,-70.16263233,185.086011076284,-986.466388214729
4182103,2011-12-14 20:14:53,-2.752297239,-70.08421141,-188.668830291094,-867.144625716566
4182103,2011-12-14 20:44:53,-3.001711047,-69.96852282,-195.453656774745,-852.579288642622
4182103,2011-12-14 21:14:53,-3.482320185,-69.79771894,-209.941208301904,-830.292239448167
4182103,2011-12-14 21:44:53,-3.984738001,-69.6183689,-225.418491390591,-807.007480754503
4182103,2011-12-14 22:14:53,-4.352145473,-69.47352553,-236.696994412584,-788.54093868559
4182103,2011-12-14 22:44:53,-4.710573972,-69.32900624,-247.840756936783,-770.225448214963
4182103,2011-12-14 23:14:53,-5.187228313,-69.1174859,-262.629017737842,-743.821136495373
4182103,2011-12-14 23:44:53,-5.656150149,-68.90337591,-277.456624965419,-717.273362589961
4182103,2011-12-15 00:14:53,-5.803271546,-68.79181922,-281.448661455732,-704.06219930823
4182103,2011-12-15 00:44:53,-5.947643203,-68.68481019,-285.467289338636,-691.376138631092
4182103,2011-12-15 01:14:53,-6.0745601,-68.64271855,-289.888651441707,-685.97309512234
4182103,2011-12-15 01:44:53,-6.209106968,-68.57394724,-294.214253155449,-677.584875877094
4182103,2011-12-15 02:14:53,-6.401652795,-68.30600403,-297.830756328266,-646.848322022155
4182103,2011-12-15 02:44:53,-6.605435602,-68.04170572,-302.164472070185,-616.452796697205
4182103,2011-12-15 03:14:53,-6.892802891,-67.79751931,-310.498552282576,-587.823864427775
4182103,2011-12-15 03:44:53,-7.162736855,-67.56351446,-318.502914217138,-560.443860454578
4182103,2011-12-15 04:14:53,-7.381855079,-67.37314239,-325.169508515361,-538.190366588546
4182103,2011-12-15 04:44:53,-7.614317573,-67.17797645,-332.503348495124,-515.354425085752
4182103,2011-12-15 05:14:53,-7.929189007,-66.95887449,-343.280637835531,-489.474849907314
4182103,2011-12-15 05:44:53,-8.230910481,-66.7366247,-353.700986951393,-463.354949264407
4182103,2011-12-15 06:14:53,-8.479583796,-66.49622504,-361.811259695581,-435.508759327517
4182103,2011-12-15 06:44:53,-8.715716075,-66.25635979,-369.588379993613,-407.8040701595
4182103,2011-12-15 07:14:53,-8.808526709,-66.03078364,-371.256832467331,-382.34368013921
4182103,2011-12-15 07:44:53,-8.904523937,-65.80120113,-373.106389552722,-356.424465544551
4182103,2011-12-15 08:14:53,-9.045272035,-65.53241497,-376.683415595372,-325.955684193703
4182103,2011-12-15 08:44:53,-9.167282093,-65.26521269,-379.545924047597,-295.747982744406
4182103,2011-12-15 09:14:53,-9.179224041,-65.00837618,-377.462856110359,-267.167718051975
4182103,2011-12-15 09:44:53,-9.199296698,-64.76068477,-375.87517146034,-239.567129196496
4182103,2011-12-15 10:14:53,-9.26872403,-64.56635515,-377.209477416258,-217.678544022911
4182103,2011-12-15 10:44:53,-9.329842456,-64.39564678,-378.429795827659,-198.450270725461
4182103,2011-12-15 11:14:53,-9.349185694,-64.35939925,-379.000378239838,-194.340107181997
4182103,2011-12-15 11:44:53,-9.382892587,-64.29249638,-379.964027751333,-186.762724182454
4182103,2011-12-15 12:14:53,-9.514338835,-64.01431211,-383.63574873611,-155.295959573881
4182103,2011-12-15 12:44:53,-9.602299913,-63.73571501,-385.297493520222,-123.968959937694
4182103,2011-12-15 13:14:53,-9.477491157,-63.45423732,-376.443846677294,-93.2199105732989
4182103,2011-12-15 13:44:53,-9.340164865,-63.17317395,-366.850888543356,-62.592594561359
4182103,2011-12-15 14:14:53,-9.138428102,-62.89316576,-353.877714562417,-32.4028515301752
4182103,2011-12-15 14:44:53,-8.966609483,-62.62597349,-342.382088545738,-3.53772601631408
4182103,2011-12-15 15:14:53,-8.904840154,-62.41273037,-336.980308413915,19.8441681590739
4182103,2011-12-15 15:44:53,-8.830301417,-62.18191981,-330.688832657455,45.1073581208575
4182103,2011-12-15 16:14:53,-8.714645485,-61.89586206,-321.597654070635,76.2876446789132
4182103,2011-12-15 16:44:53,-8.609059162,-61.63938039,-313.257624054809,104.218585528764
4182103,2011-12-15 17:14:53,-8.526056564,-61.4637167,-306.928640103033,123.28303710933
4182103,2011-12-15 17:44:53,-8.432924847,-61.2562633,-299.656203044508,145.812354466343
4182103,2011-12-15 18:14:53,-8.313478655,-60.96838971,-289.991700464545,177.110211209662
4182103,2011-12-15 18:44:53,-8.179934721,-60.69154004,-279.580183956068,207.085182380602
4182103,2011-12-15 19:14:53,-8.013501379,-60.43806839,-267.524502906619,234.251199941751
4182103,2011-12-15 19:44:53,-7.86701162,-60.20153052,-256.640643894092,259.62543314811
4182103,2011-12-15 20:14:53,-7.762025478,-60.00435225,-248.435663410923,280.862203657349
4182103,2011-12-15 20:44:53,-7.635045003,-59.79659803,-238.806227476566,303.120744176736
4182103,2011-12-15 21:14:53,-7.46924236,-59.57018944,-226.675388475361,327.179774488458
4182103,2011-12-15 21:44:53,-7.263247684,-59.34664079,-212.187494656518,350.624098161519
4182103,2011-12-15 22:14:53,-7.003063013,-59.1266835,-194.514317134223,373.251811001398
4182103,2011-12-15 22:44:53,-6.743037144,-58.91645094,-176.803357913545,394.730566951175
4182103,2011-12-15 23:14:53,-6.482535247,-58.71691486,-159.044477390431,414.948609989146
4182103,2011-12-15 23:44:53,-6.289768863,-58.56693099,-145.764437618061,430.121197831191
4182103,2011-12-16 00:14:53,-6.142760776,-58.45108517,-135.554402758411,441.827556104789
4182103,2011-12-16 00:44:53,-6.018041971,-58.33073956,-126.52202583411,454.183632064303
4182103,2011-12-16 01:14:53,-5.902744317,-58.20858542,-117.966238582372,466.797405961845
4182103,2011-12-16 01:44:53,-5.83173874,-58.14725531,-112.88641863583,473.019491207908
4182103,2011-12-16 02:14:53,-5.793749579,-58.13193162,-110.429525272904,474.410239846492
4182103,2011-12-16 02:44:53,-5.775954272,-58.12506654,-109.282801731578,475.026571062688
4182103,2011-12-16 03:14:53,-5.771265133,-58.12370375,-108.987387163387,475.139537001563
4182103,2011-12-16 03:44:53,-5.700561092,-58.1417477,-105.124649812817,472.568941190795
4182103,2011-12-16 04:14:53,-5.595688458,-58.16970813,-99.4224499828147,468.616249958834
4182103,2011-12-16 04:44:53,-5.509160821,-58.21020365,-94.9997723297033,463.420182863887
4182103,2011-12-16 05:14:53,-5.431509344,-58.25685206,-91.2049150918476,457.612128505159
4182103,2011-12-16 05:44:53,-5.447210941,-58.19942658,-91.2115500158093,464.09676758581
4182103,2011-12-16 06:14:53,-5.50394337,-58.09599975,-92.8995084940095,476.013464119863
4182103,2011-12-16 06:44:53,-5.534156324,-57.98619404,-92.950834590356,488.415217082915
4182103,2011-12-16 07:14:53,-5.55174171,-57.87339038,-92.2240133149003,501.044392026505
4182103,2011-12-16 07:44:53,-5.545391407,-57.82936205,-91.1625955071472,505.863973668785
4182103,2011-12-16 08:14:53,-5.525073237,-57.8256027,-89.9043502561562,506.110725518031
4182103,2011-12-16 08:44:53,-5.418576451,-57.85979547,-84.157878743584,501.4341770746
4182103,2011-12-16 09:14:53,-5.273551947,-57.91062131,-76.4221555569748,494.579800049715
4182103,2011-12-16 09:44:53,-5.209651747,-57.94443073,-73.2067533464424,490.291845157781
4182103,2011-12-16 10:14:53,-5.179057879,-57.97131501,-71.8436567465533,487.05465785283
4182103,2011-12-16 10:44:53,-5.158123518,-57.98596742,-70.8517176831092,485.253292910383
4182103,2011-12-16 11:14:53,-5.148887835,-57.98587389,-70.3076489829423,485.183790037641
4182103,2011-12-16 11:44:53,-5.139610205,-57.98679925,-69.7777288172979,485.00115856322
4182103,2011-12-16 12:14:53,-5.130283537,-57.98889177,-69.2640079329567,484.6889418773
4182103,2011-12-16 12:44:53,-5.125732637,-57.98729077,-68.9705640227667,484.826564349062
4182103,2011-12-16 13:14:53,-5.125474795,-57.98237091,-68.8751063124043,485.368457774319
4182103,2011-12-16 13:44:53,-5.123687762,-57.98139391,-68.7541703986947,485.461015777473
4182103,2011-12-16 14:14:53,-5.120152406,-57.98492292,-68.6041077145223,485.040049156652
4182103,2011-12-16 14:44:53,-5.130558421,-57.98967594,-69.2929488120485,484.604595411465
4182103,2011-12-16 15:14:53,-5.155710539,-57.99571876,-70.8686686728986,484.15391306119
4182103,2011-12-16 15:44:53,-5.093101747,-58.0200322,-67.5902098051502,480.922217594471
4182103,2011-12-16 16:14:53,-4.952374506,-58.06041762,-60.0040047359248,475.224601187383
4182103,2011-12-16 16:44:53,-4.862584224,-58.06326852,-54.7900682514605,474.114640271198
4182103,2011-12-16 17:14:53,-4.8135513,-58.03637996,-51.4640227235752,476.650121843541
4182103,2011-12-16 17:44:53,-4.795627813,-57.99657467,-49.741266549443,480.890114260616
4182103,2011-12-16 18:14:53,-4.798733024,-57.94803572,-49.1048908734599,486.283852106325
4182103,2011-12-16 18:44:53,-4.795792652,-57.90457349,-48.1991819676689,491.062236205791
4182103,2011-12-16 19:14:53,-4.788112577,-57.86510818,-47.0815137723005,495.356188946782
4182103,2011-12-16 19:44:53,-4.78663502,-57.81681047,-46.1800484627724,500.682305913975
4182103,2011-12-16 20:14:53,-4.799552794,-57.74790392,-45.7824288300735,508.416474010166
4182103,2011-12-16 20:44:53,-4.788386234,-57.6827916,-44.0260706073445,515.514579673877
4182103,2011-12-16 21:14:53,-4.731617322,-57.62485724,-39.6841605492414,521.406023721336
4182103,2011-12-16 21:44:53,-4.687751994,-57.58805372,-36.4574909731887,525.075564414542
4182103,2011-12-16 22:14:53,-4.666459758,-57.58874265,-35.2051594852742,524.805032711082
4182103,2011-12-16 22:44:53,-4.645051459,-57.58717112,-33.9074796147129,524.782909102682
4182103,2011-12-16 23:14:53,-4.623430368,-57.58132234,-32.5240092803667,525.231205999838
4182103,2011-12-16 23:44:53,-4.603664175,-57.57723812,-31.2805175483136,525.501064945171
4182103,2011-12-17 00:14:53,-4.587184279,-57.57629532,-30.2858078558484,525.453602541399
4182103,2011-12-17 00:44:53,-4.567314208,-57.57242256,-29.0394328275158,525.698454257466
4182103,2011-12-17 01:14:53,-4.541855667,-57.56371201,-27.3776468166834,526.425931359342
4182103,2011-12-17 01:44:53,-4.516173572,-57.56101192,-25.8056533393701,526.486409603588
4182103,2011-12-17 02:14:53,-4.490188722,-57.56591107,-24.346999724055,525.703620735815
4182103,2011-12-17 02:44:53,-4.439722148,-57.604392,-22.0192563009609,520.980758451758
4182103,2011-12-17 03:14:53,-4.360294691,-57.6821912,-18.6720855945011,511.64002116367
4182103,2011-12-17 03:44:53,-4.289027966,-57.75099026,-15.6699307699816,503.367332179602
4182103,2011-12-17 04:14:53,-4.22391365,-57.8130148,-12.9275093352405,495.898690799206
4182103,2011-12-17 04:44:53,-4.18881335,-57.83985414,-11.3374418371093,492.600227749342
4182103,2011-12-17 05:14:53,-4.177391967,-57.83912107,-10.6515465872619,492.572372915149
4182103,2011-12-17 05:44:53,-4.155079046,-57.84910226,-9.51598366947269,491.257005659877
4182103,2011-12-17 06:14:53,-4.123683524,-57.86798339,-8.00646863969678,488.87137072725
4182103,2011-12-17 06:44:53,-4.109207869,-57.87216773,-7.22982325109751,488.270528205798
4182103,2011-12-17 07:14:53,-4.103571525,-57.86868929,-6.8355206127419,488.600631735096
4182103,2011-12-17 07:44:53,-4.072762901,-57.88392889,-5.2976208319667,486.621639290252
4182103,2011-12-17 08:14:53,-4.027351898,-57.90996649,-3.09873355897571,483.308671892951
4182103,2011-12-17 08:44:53,-3.976385998,-57.97199721,-1.23412174816485,475.966258183274
4182103,2011-12-17 09:14:53,-3.921860379,-58.05573823,0.429240885521722,466.191313349158
4182103,2011-12-17 09:44:53,-3.89443748,-58.08148612,1.56053922637579,463.081864869208
4182103,2011-12-17 10:14:53,-3.880430579,-58.0787384,2.43022327408949,463.248633717165
4182103,2011-12-17 10:44:53,-3.869488545,-58.05647213,3.48054577549624,465.599844645832
4182103,2011-12-17 11:14:53,-3.86006419,-58.02464445,4.61903376850569,469.021240605043
4182103,2011-12-17 11:44:53,-3.872308959,-57.96460603,5.00740741054096,475.768967687624
4182103,2011-12-17 12:14:53,-3.895642422,-57.89001554,5.00803335810042,484.232020645287
4182103,2011-12-17 12:44:53,-3.894952312,-57.86630418,5.48380243265228,486.843135322907
4182103,2011-12-17 13:14:53,-3.884873064,-57.86253683,6.14602388170988,487.160449776969
4182103,2011-12-17 13:44:53,-3.881718302,-57.82989512,6.93127198977936,490.733357971123
4182103,2011-12-17 14:14:53,-3.878458629,-57.78957026,7.86394034888599,495.153515047709
4182103,2011-12-17 14:44:53,-3.847251698,-57.70188507,11.3180143962365,504.527785636505
4182103,2011-12-17 15:14:53,-3.817260522,-57.61983574,14.6036950381203,513.290437737051
4182103,2011-12-17 15:44:53,-3.797517462,-57.59263057,16.2755418725994,516.098500182359
4182103,2011-12-17 16:14:53,-3.782299147,-57.56135834,17.7557141192631,519.400023833591
4182103,2011-12-17 16:44:53,-3.803374608,-57.49718898,17.688372024144,526.693869096826
4182103,2011-12-17 17:14:53,-3.821839634,-57.43936876,17.6543846600605,533.261048072696
4182103,2011-12-17 17:44:53,-3.822240318,-57.42680435,17.8615614164648,534.652315962617
4182103,2011-12-17 18:14:53,-3.824015973,-57.41925232,17.8946306023092,535.503786492351
4182103,2011-12-17 18:44:53,-3.835005834,-57.44524101,16.7625960581738,532.743142086408
4182103,2011-12-17 19:14:53,-3.847029668,-57.46277132,15.7250962679157,530.926502550416
4182103,2011-12-17 19:44:53,-3.863256899,-57.44525105,15.0805489609145,533.021469681487
4182103,2011-12-17 20:14:53,-3.868349591,-57.43053017,15.0469333007134,534.697275696576
4182103,2011-12-17 20:44:53,-3.852181859,-57.42116362,16.181606094661,535.571733434027
4182103,2011-12-17 21:14:53,-3.791555273,-57.42643319,19.6959925363356,534.388530547903
4182103,2011-12-17 21:44:53,-3.639040727,-57.46173364,28.1186103959221,528.964645949956
4182103,2011-12-17 22:14:53,-3.618853409,-57.51875652,28.2510217716165,522.466997419234
4182103,2011-12-17 22:44:53,-3.804432414,-57.60943015,15.555638152106,514.312293581329
4182103,2011-12-17 23:14:53,-4.00936265,-57.68758664,1.99430471058395,507.691887672929
4182103,2011-12-17 23:44:53,-4.236563463,-57.75106478,-12.5726424658787,502.862158370194
4182103,2011-12-18 00:14:53,-4.48478702,-57.79769975,-28.0442855309509,500.03822734779
4182103,2011-12-18 00:44:53,-4.752105351,-57.82866914,-44.343591611052,499.060198462137
4182103,2011-12-18 01:14:53,-4.897950665,-57.85370841,-53.3630596304554,497.598457724485
4182103,2011-12-18 01:44:53,-4.954402101,-57.87471839,-57.0391573375507,495.775787665701
4182103,2011-12-18 02:14:53,-4.975924095,-57.8887938,-58.5401282824942,494.409356741977
4182103,2011-12-18 02:44:53,-4.97620658,-57.89867083,-58.7202932024622,493.31965559661
4182103,2011-12-18 03:14:53,-4.969650917,-57.90354239,-58.4150427673685,492.723158334085
4182103,2011-12-18 03:44:53,-4.959420884,-57.90572433,-57.8490280756532,492.391605840025
4182103,2011-12-18 04:14:53,-4.950181019,-57.90898761,-57.3593290180022,491.949149875705
4182103,2011-12-18 04:44:53,-4.941412929,-57.91276736,-56.9060855880596,491.453692945457
4182103,2011-12-18 05:14:53,-4.929244953,-57.93479258,-56.5565138648083,488.91066615201
4182103,2011-12-18 05:44:53,-4.915692592,-57.96413248,-56.2484940203992,485.546578619585
4182103,2011-12-18 06:14:53,-4.908492341,-57.97274338,-55.9690477830261,484.530695722223
4182103,2011-12-18 06:44:53,-4.903561791,-57.97396482,-55.6997829889615,484.351931207495
4182103,2011-12-18 07:14:53,-4.899247772,-57.97470418,-55.4587064644593,484.231917933633
4182103,2011-12-18 07:44:53,-4.895161749,-57.97526515,-55.2280547755331,484.133636258534
4182103,2011-12-18 08:14:53,-4.891802384,-57.97523418,-55.0302040081554,484.107239080528
4182103,2011-12-18 08:44:53,-4.888643414,-57.97503995,-54.8413960671269,484.100662134933
4182103,2011-12-18 09:14:53,-4.885450032,-57.97504461,-54.653891309775,484.071780754504
4182103,2011-12-18 09:44:53,-4.882252961,-57.97507047,-54.466525362393,484.040513668951
4182103,2011-12-18 10:14:53,-4.880799943,-57.97442783,-54.3704231954205,484.098650889464
4182103,2011-12-18 10:44:53,-4.879419655,-57.97375731,-54.2781240319796,484.160514967883
4182103,2011-12-18 11:14:53,-4.878456329,-57.97278523,-54.2052698349471,484.259425053245
4182103,2011-12-18 11:44:53,-4.877565355,-57.97176085,-54.1357879211942,484.364759735664
4182103,2011-12-18 12:14:53,-4.876705168,-57.97096831,-54.0719918705315,484.444734810485
4182103,2011-12-18 12:44:53,-4.875847798,-57.97019669,-54.008709353443,484.522421163799
4182103,2011-12-18 13:14:53,-4.863914365,-57.95394047,-53.0352679986574,486.213504055252
4182103,2011-12-18 13:44:53,-4.852206872,-57.93805976,-52.0808223502775,487.864910073279
4182103,2011-12-18 14:14:53,-4.850477847,-57.93784268,-51.9755150378051,487.873486912297
4182103,2011-12-18 14:44:53,-4.848748846,-57.93762556,-51.8702074709663,487.882065627037
4182103,2011-12-18 15:14:53,-4.843860261,-57.90151215,-50.9767316960024,491.831052278753
4182103,2011-12-18 15:44:53,-4.838480551,-57.85967039,-49.9578440169419,496.408940123704
4182103,2011-12-18 16:14:53,-4.817975612,-57.82603025,-48.1840142447122,499.944502976783
4182103,2011-12-18 16:44:53,-4.793204653,-57.79056961,-46.1256113911707,503.642425795145
4182103,2011-12-18 17:14:53,-4.731508291,-57.72552127,-41.3813433416706,510.276669750164
4182103,2011-12-18 17:44:53,-4.660055947,-57.65531295,-35.9588966229796,517.38777366965
4182103,2011-12-18 18:14:53,-4.443046144,-57.50952874,-20.5675931545138,531.495072049569
4182103,2011-12-18 18:44:53,-4.226990463,-57.36870653,-5.22407648729063,545.01219633911
4182103,2011-12-18 19:14:53,-3.992916202,-57.32145698,9.6007228542328,547.967231345368
4182103,2011-12-18 19:44:53,-3.761569756,-57.27388634,24.2997336070894,550.93238745275
4182103,2011-12-18 20:14:53,-3.729745874,-57.24423015,26.7518923729829,553.88803578139
4182103,2011-12-18 20:44:53,-3.697982707,-57.21456876,29.2033730435412,556.843691741788
4182103,2011-12-18 21:14:53,-3.672024951,-57.24479842,30.1960867954988,553.244776085225
4182103,2011-12-18 21:44:53,-3.638878316,-57.28281036,31.4705965955873,548.713820072243
4182103,2011-12-18 22:14:53,-3.48319546,-57.43462184,37.9020470104565,530.375370231637
4182103,2011-12-18 22:44:53,-3.340816506,-57.57660262,43.6487274076824,513.246495092153
4182103,2011-12-18 23:14:53,-3.304799673,-57.64841269,44.3985126195114,504.95224428107
4182103,2011-12-18 23:44:53,-3.276620217,-57.72477942,44.5877447431385,496.23659466962
4182103,2011-12-19 00:14:53,-3.290629432,-57.82513198,41.8200914772171,485.312148944663
4182103,2011-12-19 00:44:53,-3.295054012,-57.90961472,39.9247913640806,476.039289343758
4182103,2011-12-19 01:14:53,-3.266464335,-57.9398087,41.0170964513484,472.414133406924
4182103,2011-12-19 01:44:53,-3.251128136,-57.96095962,41.5054113718813,469.92298001419
4182103,2011-12-19 02:14:53,-3.27076213,-57.95834105,40.4053098665208,470.414527465072
4182103,2011-12-19 02:44:53,-3.285548375,-57.9603703,39.4991208286256,470.34317726319
4182103,2011-12-19 03:14:53,-3.277662893,-57.98415958,39.4998180571495,467.638125535235
4182103,2011-12-19 03:44:53,-3.256449074,-58.01822055,40.0802789853719,463.662804781796
4182103,2011-12-19 04:14:53,-3.197503435,-58.08125129,42.2974224912527,456.102367495105
4182103,2011-12-19 04:44:53,-3.156100794,-58.134773,43.6649594576372,449.771237732353
4182103,2011-12-19 05:14:53,-3.151181308,-58.16876989,43.2838102966341,445.971667866917
4182103,2011-12-19 05:44:53,-3.085570263,-58.21194305,46.2527324170585,440.52878168106
4182103,2011-12-19 06:14:53,-2.914689274,-58.27078665,55.0128743693147,432.247610207554
4182103,2011-12-19 06:44:53,-2.795205758,-58.30607168,61.2347810986892,427.089949692354
4182103,2011-12-19 07:14:53,-2.758298041,-58.30421595,63.4129373695118,426.899864122403
4182103,2011-12-19 07:44:53,-2.727658129,-58.29951745,65.2856508788641,427.089032143162
4182103,2011-12-19 08:14:53,-2.708631564,-58.28956956,66.5923112648882,427.980552268578
4182103,2011-12-19 08:44:53,-2.667287107,-58.2896361,68.9894292916611,427.527877924992
4182103,2011-12-19 09:14:53,-2.575765085,-58.31212416,73.8339087976756,424.059842593949
4182103,2011-12-19 09:44:53,-2.460468379,-58.35006503,79.7252397393536,418.623274624317
4182103,2011-12-19 10:14:53,-2.312958803,-58.40871922,87.0251781386271,410.540118439221
4182103,2011-12-19 10:44:53,-2.23801581,-58.43550557,90.7856463138792,406.759151290315
4182103,2011-12-19 11:14:53,-2.259411111,-58.42042729,89.8704050371807,408.656915595786
4182103,2011-12-19 11:44:53,-2.259200978,-58.41893559,89.9141670532047,408.818767173462
4182103,2011-12-19 12:14:53,-2.235587251,-58.43216206,90.9968546104435,407.100091374356
4182103,2011-12-19 12:44:53,-2.193125213,-58.4246375,93.608270951778,407.454283136094
4182103,2011-12-19 13:14:53,-2.132970115,-58.3975077,97.6619405589017,409.765523743462
4182103,2011-12-19 13:44:53,-2.101329556,-58.38074343,99.849612655524,411.254151858261
4182103,2011-12-19 14:14:53,-2.093010496,-58.37249646,100.507507490539,412.067827880755
4182103,2011-12-19 14:44:53,-2.194261292,-58.30611272,96.0672238208199,420.511680212007
4182103,2011-12-19 15:14:53,-2.353655103,-58.20826888,88.8873647673138,433.05883601355
4182103,2011-12-19 15:44:53,-2.442030001,-58.14155066,85.1417651518213,441.38196954753
4182103,2011-12-19 16:14:53,-2.504690868,-58.08614296,82.6408325234563,448.173123230837
4182103,2011-12-19 16:44:53,-2.690820888,-57.9828249,73.8886103806317,461.583745214233
4182103,2011-12-19 17:14:53,-2.903758614,-57.86822779,63.7178076291075,476.500935746058
4182103,2011-12-19 17:44:53,-3.074975676,-57.7780904,55.4358353485247,488.252039705341
4182103,2011-12-19 18:14:53,-3.237709764,-57.6923781,47.5130540430994,499.406867767291
4182103,2011-12-19 18:44:53,-3.388345537,-57.63902867,39.6365952509204,506.8485793438
4182103,2011-12-19 19:14:53,-3.53665497,-57.59081017,31.77161061373,513.683159731193
4182103,2011-12-19 19:44:53,-3.437241571,-57.65642658,36.4115962274211,505.430024898817
4182103,2011-12-19 20:14:53,-3.305198008,-57.7366451,42.6720944423064,495.223234618068
4182103,2011-12-19 20:44:53,-3.189705646,-57.8150097,47.956425994556,485.381995443597
4182103,2011-12-19 21:14:53,-3.075056066,-57.89313769,53.163199303787,475.567440127205
4182103,2011-12-19 21:44:53,-3.019055834,-57.89286686,56.4564406237162,475.00770087748
4182103,2011-12-19 22:14:53,-2.970854408,-57.88971868,59.3488509346921,474.845033205514
4182103,2011-12-19 22:44:53,-2.966972552,-57.88799095,59.6111431355266,474.994355566562
4182103,2011-12-19 23:14:53,-2.967237703,-57.88744291,59.6064834048609,475.05758223375
4182103,2011-12-19 23:44:53,-2.994724408,-57.89463421,57.8497995917833,474.555816202361
4182103,2011-12-20 00:14:53,-3.017454074,-57.89971022,56.4148335927207,474.236323602227
4182103,2011-12-20 00:44:53,-3.01575548,-57.89398265,56.6280831068143,474.849851610966
4182103,2011-12-20 01:14:53,-3.02205751,-57.88833495,56.3700022286766,475.5390177688
4182103,2011-12-20 01:44:53,-3.057275284,-57.88296861,54.4080466827684,476.501745592936
4182103,2011-12-20 02:14:53,-3.083875144,-57.87809031,52.9419462677054,477.319186051172
4182103,2011-12-20 02:44:53,-3.085906619,-57.87463333,52.890729182257,477.721687020687
4182103,2011-12-20 03:14:53,-3.087136913,-57.87080218,52.8939282197941,478.157035097001
4182103,2011-12-20 03:44:53,-3.086107887,-57.86591523,53.0506646505755,478.685082870646
4182103,2011-12-20 04:14:53,-3.08541357,-57.86093185,53.1896420342414,479.227276506736
4182103,2011-12-20 04:44:53,-3.085471406,-57.85573143,53.2886916473935,479.80130021098
4182103,2011-12-20 05:14:53,-3.085297767,-57.85059327,53.4001158962556,480.366029551058
4182103,2011-12-20 05:44:53,-3.084647184,-57.8455833,53.5370544738958,480.911615679594
4182103,2011-12-20 06:14:53,-3.08390204,-57.84054549,53.6801076331653,481.459278043231
4182103,2011-12-20 06:44:53,-3.082801868,-57.83540299,53.8461101579746,482.014753251048
4182103,2011-12-20 07:14:53,-3.081767484,-57.83029822,54.0075130463697,482.566757933365
4182103,2011-12-20 07:44:53,-3.080931425,-57.82530739,54.1550162083045,483.108282262763
4182103,2011-12-20 08:14:53,-3.082543297,-57.8180517,54.2031105678616,483.925272196044
4182103,2011-12-20 08:44:53,-3.089406442,-57.80593366,54.0378075383223,485.333605826199
4182103,2011-12-20 09:14:53,-3.113678093,-57.79508436,52.822204968548,486.784733878773
4182103,2011-12-20 09:44:53,-3.161975579,-57.78597165,50.1564712937309,488.295158696361
4182103,2011-12-20 10:14:53,-3.189714304,-57.77898611,48.6588635686137,489.354980650256
4182103,2011-12-20 10:44:53,-3.190839509,-57.77477889,48.6746432024379,489.830710097634
4182103,2011-12-20 11:14:53,-3.191659332,-57.77079837,48.7039778309454,490.278256204934
4182103,2011-12-20 11:44:53,-3.192185873,-57.76703568,48.746334956724,490.698723095089
4182103,2011-12-20 12:14:53,-3.193143042,-57.76364086,48.7561263629832,491.083107570617
4182103,2011-12-20 12:44:53,-3.194465279,-57.76055799,48.7383020659565,491.436893045176
4182103,2011-12-20 13:14:53,-3.202799427,-57.75484633,48.3583066583046,492.153657406602
4182103,2011-12-20 13:44:53,-3.214565467,-57.7478455,47.8008567369629,493.048281348019
4182103,2011-12-20 14:14:53,-3.228051821,-57.73673026,47.221613532874,494.414501531996
4182103,2011-12-20 14:44:53,-3.242288468,-57.72379933,46.6327974535345,495.988681821003
4182103,2011-12-20 15:14:53,-3.241408434,-57.72365635,46.6875066572641,495.995312596951
4182103,2011-12-20 15:44:53,-3.234170302,-57.72889298,47.0129297004889,495.342523530446
4182103,2011-12-20 16:14:53,-3.228394154,-57.73318076,47.2704084858613,494.809557222559
4182103,2011-12-20 16:44:53,-3.223689232,-57.73677363,47.4781198610444,494.364357172304
4182103,2011-12-20 17:14:53,-3.159412312,-57.75931893,50.8287548023466,491.207691055783
4182103,2011-12-20 17:44:53,-3.057394576,-57.79373907,56.1626829697532,486.341404012242
4182103,2011-12-20 18:14:53,-3.100693933,-57.79761132,53.5370448910401,486.369844654327
4182103,2011-12-20 18:44:53,-3.239964341,-57.78120449,45.6551068860238,489.632899260002
4182103,2011-12-20 19:14:53,-3.212292237,-57.80803497,46.7629025019658,486.386263409781
4182103,2011-12-20 19:44:53,-3.084870174,-57.86058551,53.2284004758617,479.259759129279
4182103,2011-12-20 20:14:53,-3.086694976,-57.88559433,52.6284568547428,476.521375630425
4182103,2011-12-20 20:44:53,-3.169654752,-57.89337,47.6038991866587,476.531468788122
4182103,2011-12-20 21:14:53,-3.24371784,-57.90815696,42.9668742016236,475.669873310787
4182103,2011-12-20 21:44:53,-3.31210364,-57.92745313,38.5789346130969,474.24725778307
4182103,2011-12-20 22:14:53,-3.330677716,-57.94184352,37.2111636690461,472.850856061913
4182103,2011-12-20 22:44:53,-3.317950347,-57.95317299,37.7387179210702,471.470455922373
4182103,2011-12-20 23:14:53,-3.315017103,-57.96659556,37.6511581700825,469.959804327475
4182103,2011-12-20 23:44:53,-3.318192984,-57.98132345,37.1802394992842,468.367961769097
4182103,2011-12-21 00:14:53,-3.309311712,-57.97752349,37.7741294209472,468.695828344533
4182103,2011-12-21 00:44:53,-3.294335946,-57.96434198,38.9070248315904,469.995633657327
4182103,2011-12-21 01:14:53,-3.281790699,-57.95587825,39.8065176716379,470.799895271235
4182103,2011-12-21 01:44:53,-3.270143294,-57.94915392,40.6199217501389,471.421407007158
4182103,2011-12-21 02:14:53,-3.302154157,-57.9131078,39.4403631111154,475.727147862805
4182103,2011-12-21 02:44:53,-3.347087853,-57.86829539,37.6660486294627,481.13219736676
4182103,2011-12-21 03:14:53,-3.359338934,-57.85883052,37.1280374500996,482.301998293424
4182103,2011-12-21 03:44:53,-3.361544492,-57.86025929,36.970863169968,482.167006134797
4182103,2011-12-21 04:14:53,-3.364851718,-57.85677863,36.8433539178654,482.584881620467
4182103,2011-12-21 04:44:53,-3.368427628,-57.85209606,36.7231104152761,483.138094786244
4182103,2011-12-21 05:14:53,-3.41693806,-57.79350071,34.9915368908814,490.098827605523
4182103,2011-12-21 05:44:53,-3.475253377,-57.72284055,32.9004422973142,498.489705103818
4182103,2011-12-21 06:14:53,-3.47718245,-57.71130867,33.0058706107084,499.781780866781
4182103,2011-12-21 06:44:53,-3.468621796,-57.71080747,33.5209660627581,499.749919207489
4182103,2011-12-21 07:14:53,-3.459990624,-57.71021649,34.0419433278225,499.727178104599
4182103,2011-12-21 07:44:53,-3.451346692,-57.70960834,34.564011351443,499.70613313653
4182103,2011-12-21 08:14:53,-3.44238949,-57.7094136,35.0967049577389,499.636207538965
4182103,2011-12-21 08:44:53,-3.433363013,-57.7093097,35.63175382021,499.555479226141
4182103,2011-12-21 09:14:53,-3.42428532,-57.70931992,36.167642474443,499.461563073819
4182103,2011-12-21 09:44:53,-3.415191071,-57.70936641,36.7038072873092,499.363402347144
4182103,2011-12-21 10:14:53,-3.406232633,-57.70970291,37.2263935996621,499.234562361103
4182103,2011-12-21 10:44:53,-3.397316868,-57.7101305,37.744698052697,499.096039509792
4182103,2011-12-21 11:14:53,-3.389322286,-57.71243928,38.1725371423133,498.759351070452
4182103,2011-12-21 11:44:53,-3.381559977,-57.71522456,38.5774560100538,498.372426511445
4182103,2011-12-21 12:14:53,-3.352393473,-57.73097088,39.9966701560718,496.335600228515
4182103,2011-12-21 12:44:53,-3.319414028,-57.74899659,41.5951567826364,494.007433390978
4182103,2011-12-21 13:14:53,-3.260573135,-57.81667295,43.7529351314975,485.934449869411
4182103,2011-12-21 13:44:53,-3.196307491,-57.8941928,46.0226632964716,476.718119605478
4182103,2011-12-21 14:14:53,-3.1735495,-58.00858761,45.1201534347788,463.866498135193
4182103,2011-12-21 14:44:53,-3.157147086,-58.12877373,43.7217437108293,450.443591535915
4182103,2011-12-21 15:14:53,-3.14879431,-58.13827904,44.0221627964179,449.30874739085
4182103,2011-12-21 15:44:53,-3.140932881,-58.14106387,44.4258116858116,448.919968022446
4182103,2011-12-21 16:14:53,-3.142174843,-58.12809003,44.608485739848,450.363355265332
4182103,2011-12-21 16:44:53,-3.144180705,-58.11398162,44.7687970005577,451.939799782695
4182103,2011-12-21 17:14:53,-3.162821916,-58.09713704,44.0115381290343,453.99088758607
4182103,2011-12-21 17:44:53,-3.181471317,-58.08013687,43.2557059477751,456.059041276721
4182103,2011-12-21 18:14:53,-3.203115649,-58.04701184,42.6388278324177,459.93619884027
4182103,2011-12-21 18:44:53,-3.224974874,-58.01452185,41.9943245748573,463.745456928247
4182103,2011-12-21 19:14:53,-3.253369206,-57.99793587,40.6550629090841,465.86812800117
4182103,2011-12-21 19:44:53,-3.285579521,-57.98738841,38.9734287323106,467.363577611443
4182103,2011-12-21 20:14:53,-3.353159735,-58.03224683,34.1494858346045,463.10953505361
4182103,2011-12-21 20:44:53,-3.403592155,-58.06216119,30.6240437501672,460.324520851054
4182103,2011-12-21 21:14:53,-3.362732489,-58.01345006,33.9516097024775,465.28080924529
4182103,2011-12-21 21:44:53,-3.322059307,-57.97293581,37.1158338654645,469.332823846764
4182103,2011-12-21 22:14:53,-3.281757695,-57.98055208,39.3299114679428,468.078202612242
4182103,2011-12-21 22:44:53,-3.244316115,-57.98720876,41.3939519277158,466.957647599384
4182103,2011-12-21 23:14:53,-3.225677063,-57.98768632,42.4763877069697,466.712173592719
4182103,2011-12-21 23:44:53,-3.213766319,-57.9892965,43.1425897028985,466.411234973644
4182103,2011-12-22 00:14:53,-3.241013672,-57.99751009,41.3868456631872,465.787433308968
4182103,2011-12-22 00:44:53,-3.26367544,-58.00570878,39.9005167486662,465.117245232127
4182103,2011-12-22 01:14:53,-3.260499628,-58.01385803,39.9280335616011,464.185725042383
4182103,2011-12-22 01:44:53,-3.244973148,-58.02948388,40.5326129915766,462.30216193565
4182103,2011-12-22 02:14:53,-3.172407626,-58.07953551,43.7969207475014,456.031281690988
4182103,2011-12-22 02:44:53,-3.103940859,-58.12192887,46.9600607000368,450.644327701713
4182103,2011-12-22 03:14:53,-3.053522636,-58.13237998,49.6940555103083,448.964902970483
4182103,2011-12-22 03:44:53,-3.013517239,-58.14008976,51.873537724849,447.695123882773
4182103,2011-12-22 04:14:53,-3.004934779,-58.13961117,52.3833737850318,447.657625874885
4182103,2011-12-22 04:44:53,-2.994238379,-58.12914252,53.2153439698664,448.699014439151
4182103,2011-12-22 05:14:53,-2.97733862,-58.08923437,54.9962545371245,452.919939376953
4182103,2011-12-22 05:44:53,-2.963562597,-58.05936558,56.396280620761,456.066850997638
4182103,2011-12-22 06:14:53,-2.959407551,-58.06079554,56.610510165938,455.865295163379
4182103,2011-12-22 06:44:53,-2.954845929,-58.06242556,56.8444766028526,455.637373220006
4182103,2011-12-22 07:14:53,-2.949024358,-58.06467603,57.13962655311,455.327711682633
4182103,2011-12-22 07:44:53,-2.943200636,-58.06671534,57.4390730336404,455.041277641594
4182103,2011-12-22 08:14:53,-2.937372276,-58.06810255,57.7517824950974,454.826646013646
4182103,2011-12-22 08:44:53,-2.930576567,-58.06941696,58.1224158059706,454.609759029561
4182103,2011-12-22 09:14:53,-2.920980222,-58.07052074,58.6607951404189,454.386346479641
4182103,2011-12-22 09:44:53,-2.911598648,-58.07096548,59.1997905706519,454.237774808373
4182103,2011-12-22 10:14:53,-2.902780628,-58.06968859,59.7403693064998,454.284866713302
4182103,2011-12-22 10:44:53,-2.893455246,-58.06843474,60.3101470779352,454.323951897341
4182103,2011-12-22 11:14:53,-2.882954447,-58.06723498,60.9475185079777,454.344486331192
4182103,2011-12-22 11:44:53,-2.872832876,-58.06566213,61.5702702692504,454.410076383564
4182103,2011-12-22 12:14:53,-2.863467444,-58.06334611,62.1638479681594,454.565534910957
4182103,2011-12-22 12:44:53,-2.857853982,-58.05861121,62.5870008568047,455.027512259105
4182103,2011-12-22 13:14:53,-2.858924279,-58.04956707,62.7064387459977,456.035679812644
4182103,2011-12-22 13:44:53,-2.860525915,-58.04052424,62.794745655425,457.049378296883
4182103,2011-12-22 14:14:53,-2.863045191,-58.03148334,62.8293007296647,458.072660244185
4182103,2011-12-22 14:44:53,-2.879436443,-58.02016061,62.0983662329104,459.495311201052
4182103,2011-12-22 15:14:53,-2.925809016,-58.00388839,59.7116786299935,461.782001987513
4182103,2011-12-22 15:44:53,-2.97220613,-57.98098136,57.4528953653214,464.79873199154
4182103,2011-12-22 16:14:53,-3.018668727,-57.94407132,55.4640894819183,469.358441210334
4182103,2011-12-22 16:44:53,-3.084510721,-57.91434159,52.1901191418003,473.328751412349
4182103,2011-12-22 17:14:53,-3.190423125,-57.89936676,46.2671570187474,476.086346133689
4182103,2011-12-22 17:44:53,-3.259645915,-57.89093897,42.3661249062222,477.733651823845
4182103,2011-12-22 18:14:53,-3.260054224,-57.89497976,42.2636876786983,477.29220160037
4182103,2011-12-22 18:44:53,-3.264113399,-57.89853026,41.9563798387792,476.942562997034
4182103,2011-12-22 19:14:53,-3.275679947,-57.90107175,41.2278588719823,476.781722820378
4182103,2011-12-22 19:44:53,-3.289569965,-57.89836836,40.4645761071404,477.223213813302
4182103,2011-12-22 20:14:53,-3.306974966,-57.88770581,39.6486110673777,478.578656138674
4182103,2011-12-22 20:44:53,-3.316897403,-57.94382406,37.981193890424,472.490826159466
4182103,2011-12-22 21:14:53,-3.317461146,-58.08367687,35.2427851984346,457.071268586263
4182103,2011-12-22 21:44:53,-3.335612337,-58.16447813,32.6200066537435,448.34531467855
4182103,2011-12-22 22:14:53,-3.372591546,-58.18207049,30.1253083203815,446.782331940266
4182103,2011-12-22 22:44:53,-3.384766938,-58.19323388,29.200878171262,445.67497539341
4182103,2011-12-22 23:14:53,-3.379563628,-58.19990429,29.3753474389616,444.886288255779
4182103,2011-12-22 23:44:53,-3.384295304,-58.21371911,28.8335880564646,443.410677113483
4182103,2011-12-23 00:14:53,-3.396603546,-58.23297295,27.7464258370444,441.412093485252
4182103,2011-12-23 00:44:53,-3.464415187,-58.29260342,22.6592799984928,435.520925581219
4182103,2011-12-23 01:14:53,-3.559157878,-58.37148317,15.6568383236674,427.770186882153
4182103,2011-12-23 01:44:53,-3.575591101,-58.39010849,14.3507339892042,425.879372785385
4182103,2011-12-23 02:14:53,-3.56359821,-58.3869584,15.105366138999,426.107263439319
4182103,2011-12-23 02:44:53,-3.54938844,-58.38839935,15.9011869614435,425.806379310885
4182103,2011-12-23 03:14:53,-3.534385248,-58.39147529,16.7117244427116,425.31701966253
4182103,2011-12-23 03:44:53,-3.524923094,-58.39142602,17.2607578296422,425.227736341306
4182103,2011-12-23 04:14:53,-3.5175116,-58.39022089,17.7130611527737,425.286432349789
4182103,2011-12-23 04:44:53,-3.508754167,-58.38968875,18.2305018438465,425.257340286267
4182103,2011-12-23 05:14:53,-3.49954946,-58.38937969,18.7695954973597,425.199081764451
4182103,2011-12-23 05:44:53,-3.493125011,-58.3896573,19.1364234247214,425.103957713143
4182103,2011-12-23 06:14:53,-3.487629873,-58.39013096,19.4456613211053,424.996509754923
4182103,2011-12-23 06:44:53,-3.494545616,-58.39139382,19.0209285605049,424.926669371692
4182103,2011-12-23 07:14:53,-3.504248342,-58.39283311,18.4314262721248,424.865285159994
4182103,2011-12-23 07:44:53,-3.503390711,-58.3929955,18.4779973150196,424.838767414029
4182103,2011-12-23 08:14:53,-3.499744559,-58.39282076,18.6925210459765,424.82145499469
4182103,2011-12-23 08:44:53,-3.495631687,-58.3932698,18.9221503105032,424.730636139539
4182103,2011-12-23 09:14:53,-3.49141621,-58.39385563,19.1550977273566,424.623683476422
4182103,2011-12-23 09:44:53,-3.486856558,-58.39469235,19.4031671080913,424.485583014282
4182103,2011-12-23 10:14:53,-3.482248248,-58.3955642,19.6533669787461,424.343101541423
4182103,2011-12-23 10:44:53,-3.479684698,-58.3958377,19.7965934847007,424.287163083543
4182103,2011-12-23 11:14:53,-3.478288161,-58.39576979,19.8787712149949,424.280613123881
4182103,2011-12-23 11:44:53,-3.475072866,-58.39680304,20.0451836633667,424.134306819339
4182103,2011-12-23 12:14:53,-3.470515881,-58.39864822,20.2737188191613,423.884935079725
4182103,2011-12-23 12:44:53,-3.472116991,-58.40027828,20.1497675642513,423.72123945243
4182103,2011-12-23 13:14:53,-3.477814714,-58.40176511,19.7913647533096,423.614534389021
4182103,2011-12-23 13:44:53,-3.480626152,-58.40491673,19.5682255354816,423.295154383704
4182103,2011-12-23 14:14:53,-3.482147748,-58.40881255,19.4055362685576,422.880714023468
4182103,2011-12-23 14:44:53,-3.475903674,-58.41269233,19.6926826138501,422.38999262983
4182103,2011-12-23 15:14:53,-3.466841622,-58.41656569,20.1429598911793,421.871606771287
4182103,2011-12-23 15:44:53,-3.500185539,-58.42660131,18.0211935267312,421.099572678636
4182103,2011-12-23 16:14:53,-3.546954053,-58.43856603,15.0870696864531,420.247780238856
4182103,2011-12-23 16:44:53,-3.548769544,-58.44376161,14.883114584246,419.692750752651
4182103,2011-12-23 17:14:53,-3.538707427,-58.44717215,15.4000894633486,419.216015085285
4182103,2011-12-23 17:44:53,-3.524570326,-58.44884948,16.1856517880774,418.889638272473
4182103,2011-12-23 18:14:53,-3.510217339,-58.45043378,16.985375912474,418.571194234501
4182103,2011-12-23 18:44:53,-3.473486475,-58.44572978,19.199414385582,418.721546189331
4182103,2011-12-23 19:14:53,-3.436362414,-58.44089959,21.4390643891588,418.880603307795
4182103,2011-12-23 19:44:53,-3.38295973,-58.41660089,24.9967518100029,421.020700132066
4182103,2011-12-23 20:14:53,-3.330069189,-58.38793915,28.6133781397905,423.644207604122
4182103,2011-12-23 20:44:53,-3.280719911,-58.32474138,32.7018892491676,430.10935750415
4182103,2011-12-23 21:14:53,-3.245053962,-58.27196533,35.8012262325885,435.563033597537
4182103,2011-12-23 21:44:53,-3.300149234,-58.28928364,32.2637396405639,434.218388155823
4182103,2011-12-23 22:14:53,-3.339435246,-58.3022627,29.7308463205263,433.188244843162
4182103,2011-12-23 22:44:53,-3.322653971,-58.29998861,30.7491879114084,433.267841759885
4182103,2011-12-23 23:14:53,-3.305842238,-58.29817753,31.7604054187036,433.295804586061
4182103,2011-12-23 23:44:53,-3.288937896,-58.29768893,32.7513531256191,433.17672042584
4182103,2011-12-24 00:14:53,-3.283475559,-58.30922357,32.8440329971488,431.848792551013
4182103,2011-12-24 00:44:53,-3.303983208,-58.34801957,30.8999695294501,427.780326337575
4182103,2011-12-24 01:14:53,-3.296714146,-58.37136449,30.8673788608687,425.131687536393
4182103,2011-12-24 01:44:53,-3.237285776,-58.36570558,34.4208798420516,425.146800009163
4182103,2011-12-24 02:14:53,-3.155782475,-58.27935596,40.8419348115478,433.826697713913
4182103,2011-12-24 02:44:53,-3.052209361,-58.10926322,50.2285675294268,451.499584463987
4182103,2011-12-24 03:14:53,-2.975154829,-57.9798391,57.3029679612575,464.955839785853
4182103,2011-12-24 03:44:53,-2.919852,-57.88443093,62.4487367567438,474.886283610474
4182103,2011-12-24 04:14:53,-2.816586483,-57.76801647,70.8561768001407,486.613144808955
4182103,2011-12-24 04:44:53,-2.678868701,-57.63609941,81.6505025151016,499.660181514218
4182103,2011-12-24 05:14:53,-2.518446291,-57.49708375,93.992422337054,513.215495523109
4182103,2011-12-24 05:44:53,-2.33813818,-57.35159338,107.720675885807,527.230036421296
4182103,2011-12-24 06:14:53,-2.156016808,-57.23357673,121.056648852511,538.160366758332
4182103,2011-12-24 06:44:53,-1.971360205,-57.14494502,133.980660473672,545.78872247216
4182103,2011-12-24 07:14:53,-1.79937907,-57.09079828,145.446162002859,549.734401481273
4182103,2011-12-24 07:44:53,-1.635444624,-57.05904149,155.964881281905,551.282310349242
4182103,2011-12-24 08:14:53,-1.628069374,-57.11509074,155.176229073451,545.0265595265
4182103,2011-12-24 08:44:53,-1.707383303,-57.21967417,148.143112418153,534.462402961745
4182103,2011-12-24 09:14:53,-1.73955051,-57.28631354,144.769163230362,527.50988904007
4182103,2011-12-24 09:44:53,-1.749562573,-57.33524417,143.10539230123,522.243574028646
4182103,2011-12-24 10:14:53,-1.741240414,-57.34784329,143.325592082585,520.758944839921
4182103,2011-12-24 10:44:53,-1.726617499,-57.34796628,144.192772755153,520.572732806471
4182103,2011-12-24 11:14:53,-1.714111336,-57.34824332,144.930641305983,520.394413765897
4182103,2011-12-24 11:44:53,-1.702259245,-57.34856718,145.628550631571,520.218545937717
4182103,2011-12-24 12:14:53,-1.699551359,-57.3457158,145.85206935725,520.500232811632
4182103,2011-12-24 12:44:53,-1.699540731,-57.34192813,145.935653035681,520.916873939356
4182103,2011-12-24 13:14:53,-1.693460441,-57.34292262,146.275595316877,520.735435743373
4182103,2011-12-24 13:44:53,-1.685588735,-57.34532717,146.691167249951,520.37758579586
4182103,2011-12-24 14:14:53,-1.741612661,-57.36816232,142.859812868512,518.527435113348
4182103,2011-12-24 14:44:53,-1.819830927,-57.39800574,137.561260955998,516.163108901
4182103,2011-12-24 15:14:53,-1.982953724,-57.4361168,127.051081323161,513.867774845457
4182103,2011-12-24 15:44:53,-2.177362523,-57.47694612,114.645126699423,511.603478785247
4182103,2011-12-24 16:14:53,-2.379153749,-57.51483741,101.884903358897,509.70858592902
4182103,2011-12-24 16:44:53,-2.583305645,-57.55164389,89.028065494404,507.919861873737
4182103,2011-12-24 17:14:53,-2.754708387,-57.56982968,78.5063143963473,507.788712367023
4182103,2011-12-24 17:44:53,-2.918493678,-57.58347473,68.5334395536775,508.049262364706
4182103,2011-12-24 18:14:53,-3.008325428,-57.5795167,63.2918495128013,509.443282431676
4182103,2011-12-24 18:44:53,-3.079547958,-57.57113787,59.2376727712585,511.12142484588
4182103,2011-12-24 19:14:53,-3.071064386,-57.5902284,59.3648895089088,508.926578240507
4182103,2011-12-24 19:44:53,-3.046608315,-57.61481589,60.3284645138669,505.956707573163
4182103,2011-12-24 20:14:53,-2.971185293,-57.60637455,64.9588906190565,506.086930352886
4182103,2011-12-24 20:44:53,-2.88866119,-57.59322766,70.1051611768512,506.654462372811
4182103,2011-12-24 21:14:53,-2.921756796,-57.67679955,66.4806435087739,497.795402876639
4182103,2011-12-24 21:44:53,-2.971406935,-57.77400507,61.6173790135699,487.607624084788
4182103,2011-12-24 22:14:53,-2.972189849,-57.79908889,61.0727394880789,484.850524378944
4182103,2011-12-24 22:44:53,-2.961914361,-57.80791838,61.5019020316051,483.768031082808
4182103,2011-12-24 23:14:53,-2.989480117,-57.83194413,59.4027700319662,481.411648130333
4182103,2011-12-24 23:44:53,-3.024520733,-57.8589414,56.8075068077483,478.805685976142
4182103,2011-12-25 00:14:53,-3.009475586,-57.87060846,57.4603114314934,477.360502809114
4182103,2011-12-25 00:44:53,-2.983948759,-57.87906932,58.7917287794867,476.157736807579
4182103,2011-12-25 01:14:53,-3.046399471,-58.01956358,52.3443204917714,461.327542477125
4182103,2011-12-25 01:44:53,-3.123074862,-58.18033982,44.6933363339162,444.403816851695
4182103,2011-12-25 02:14:53,-2.994357136,-58.31784912,49.4479871155538,427.900003076114
4182103,2011-12-25 02:44:53,-2.826996634,-58.45098022,56.4580671411663,411.462201288547
4182103,2011-12-25 03:14:53,-2.787816446,-58.48036512,58.1236510122471,407.808159765415
4182103,2011-12-25 03:44:53,-2.776005731,-58.48776389,58.6546022836872,406.867252690848
4182103,2011-12-25 04:14:53,-2.756908733,-58.50699493,59.3642906326627,404.545056702377
4182103,2011-12-25 04:44:53,-2.736702372,-58.52798389,60.1006513815489,402.01720923922
4182103,2011-12-25 05:14:53,-2.724206099,-58.52105675,60.9622490778884,402.646718514679
4182103,2011-12-25 05:44:53,-2.712419274,-58.51159107,61.8351596318203,403.563283908472
4182103,2011-12-25 06:14:53,-2.71114633,-58.50099664,62.1253060800409,404.716670384571
4182103,2011-12-25 06:44:53,-2.710362767,-58.49035026,62.3883110896056,405.881022060077
4182103,2011-12-25 07:14:53,-2.713588807,-58.50549128,61.892530466348,404.247721376722
4182103,2011-12-25 07:44:53,-2.717059442,-58.52218254,61.3510613351934,402.446258553516
4182103,2011-12-25 08:14:53,-2.705760857,-58.60042316,60.3996573470938,393.707158357062
4182103,2011-12-25 08:44:53,-2.694703442,-58.67969681,59.4089648670058,384.857473588101
4182103,2011-12-25 09:14:53,-2.697924511,-58.77252243,57.3186337119325,374.668307177591
4182103,2011-12-25 09:44:53,-2.701165743,-58.86538858,55.2255518906798,364.475290230016
4182103,2011-12-25 10:14:53,-2.677883125,-58.98960649,53.9943276697984,350.548175240224
4182103,2011-12-25 10:44:53,-2.654191999,-59.11412114,52.7671176874185,336.585697963187
4182103,2011-12-25 11:14:53,-2.600686533,-59.25598585,52.847541485944,320.397591343522
4182103,2011-12-25 11:44:53,-2.545757182,-59.39091241,53.1229525685192,304.95987872878
4182103,2011-12-25 12:14:53,-2.468974133,-59.35771105,58.1321249355672,307.791736727869
4182103,2011-12-25 12:44:53,-2.389818527,-59.31817452,63.4166157444406,311.288910402736
4182103,2011-12-25 13:14:53,-2.281458033,-59.20517399,71.9226619214367,322.543133811454
4182103,2011-12-25 13:44:53,-2.17959939,-59.09926781,79.9457551313678,333.074222091302
4182103,2011-12-25 14:14:53,-2.146450026,-59.0793195,82.2513430288952,334.901705183796
4182103,2011-12-25 14:44:53,-2.109037005,-59.05564174,84.8810391576037,337.090780573558
4182103,2011-12-25 15:14:53,-2.017436921,-58.9849067,91.6083152606593,343.847526106827
4182103,2011-12-25 15:44:53,-1.934335895,-58.92416161,97.6537103180181,349.592063849371
4182103,2011-12-25 16:14:53,-1.905903465,-58.93125861,99.1149395069033,348.489966238243
4182103,2011-12-25 16:44:53,-1.880079949,-58.9360355,100.47804633787,347.671962202133
4182103,2011-12-25 17:14:53,-1.872335473,-58.92486148,101.163643110568,348.812650510356
4182103,2011-12-25 17:44:53,-1.853451477,-58.89749346,102.83914572822,351.607101810031
4182103,2011-12-25 18:14:53,-1.781300582,-58.79229242,109.269040267909,362.349331213537
4182103,2011-12-25 18:44:53,-1.711273507,-58.68467427,115.653606198929,373.374754336699
4182103,2011-12-25 19:14:53,-1.648320929,-58.56721564,121.87338480732,385.557491742283
4182103,2011-12-25 19:44:53,-1.608102173,-58.45958347,126.585356871905,396.920388905184
4182103,2011-12-25 20:14:53,-1.721277578,-58.41944944,120.95206021827,402.650673166966
4182103,2011-12-25 20:44:53,-1.804825698,-58.38633773,116.859003749792,407.258102836388
4182103,2011-12-25 21:14:53,-1.772968199,-58.38121496,118.811640849022,407.453622149056
4182103,2011-12-25 21:44:53,-1.752499396,-58.38682559,119.870202289471,406.599818212401
4182103,2011-12-25 22:14:53,-1.77088498,-58.42908712,117.877806937694,402.165152447683
4182103,2011-12-25 22:44:53,-1.784977032,-58.4618841,116.343260832029,398.721265045286
4182103,2011-12-25 23:14:53,-1.785116722,-58.46423287,116.283516584026,398.464590616275
4182103,2011-12-25 23:44:53,-1.785800489,-58.46649289,116.194376961279,398.223950217208
4182103,2011-12-26 00:14:53,-1.788006429,-58.4685046,116.023006515874,398.028165553961
4182103,2011-12-26 00:44:53,-1.769732023,-58.46957986,117.052170609089,397.699087372735
4182103,2011-12-26 01:14:53,-1.711801386,-58.46882129,120.406215670796,397.112187392399
4182103,2011-12-26 01:44:53,-1.671682832,-58.47436172,122.594177148313,396.037119111067
4182103,2011-12-26 02:14:53,-1.659871893,-58.48995642,122.927802741427,394.185237845707
4182103,2011-12-26 02:44:53,-1.649173807,-58.50612944,123.183841754188,392.282712908524
4182103,2011-12-26 03:14:53,-1.640080211,-58.52313333,123.328455706535,390.307534217987
4182103,2011-12-26 03:44:53,-1.61950965,-58.54670223,123.985684744452,387.476923430138
4182103,2011-12-26 04:14:53,-1.582415507,-58.57969075,125.379142239243,383.417826341377
4182103,2011-12-26 04:44:53,-1.557136273,-58.60117041,126.34863553027,380.76134452521
4182103,2011-12-26 05:14:53,-1.547352965,-58.60764109,126.764641959413,379.935642876071
4182103,2011-12-26 05:44:53,-1.54907708,-58.62597621,126.254298975621,377.940737024185
4182103,2011-12-26 06:14:53,-1.565880971,-58.65982912,124.532110002489,374.4166996194
4182103,2011-12-26 06:44:53,-1.598006992,-58.70179086,121.753480789128,370.179596683334
4182103,2011-12-26 07:14:53,-1.65012695,-58.75427353,117.601939494696,365.016637465934
4182103,2011-12-26 07:44:53,-1.673855305,-58.78133749,115.644049691281,362.316512606653
4182103,2011-12-26 08:14:53,-1.674609775,-58.78793577,115.454068406444,361.599962353661
4182103,2011-12-26 08:44:53,-1.675874124,-58.79432048,115.239759855846,360.912780816977
4182103,2011-12-26 09:14:53,-1.677528739,-58.80054189,115.006843627253,360.248056378296
4182103,2011-12-26 09:44:53,-1.676432765,-58.80258955,115.023765300637,360.010318363008
4182103,2011-12-26 10:14:53,-1.673851862,-58.8023842,115.175550489495,360.003064398594
4182103,2011-12-26 10:44:53,-1.657662583,-58.80213598,116.104491436199,359.843126743337
4182103,2011-12-26 11:14:53,-1.637795413,-58.80187298,117.24351810039,359.641964662889
4182103,2011-12-26 11:44:53,-1.513650268,-58.83414893,123.595664520507,354.649989945828
4182103,2011-12-26 12:14:53,-1.364149668,-58.87404852,131.200994739133,348.509706244467
4182103,2011-12-26 12:44:53,-1.460809954,-58.79245118,127.549436989923,358.612313060851
4182103,2011-12-26 13:14:53,-1.599306715,-58.68968936,121.949893858032,371.524792123138
4182103,2011-12-26 13:44:53,-1.619876223,-58.63772653,121.933304730318,377.475716125725
4182103,2011-12-26 14:14:53,-1.623919189,-58.59292888,122.701235950454,382.446936220459
4182103,2011-12-26 14:44:53,-1.677505103,-58.46263827,122.519021160366,397.393730506747
4182103,2011-12-26 15:14:53,-1.732909133,-58.32842725,122.290552137893,412.79448472712
4182103,2011-12-26 15:44:53,-1.734213475,-58.26641844,123.582898085007,419.628592800964
4182103,2011-12-26 16:14:53,-1.734289147,-58.20714392,124.885185708836,426.148025626481
4182103,2011-12-26 16:44:53,-1.736727231,-58.18844556,125.155613685604,428.232748719726
4182103,2011-12-26 17:14:53,-1.739162305,-58.16974883,125.425948739537,430.31729755066
4182103,2011-12-26 17:44:53,-1.706086243,-58.22245338,126.184136976717,424.136057315455
4182103,2011-12-26 18:14:53,-1.672040912,-58.27686728,126.953994874674,417.755525704308
4182103,2011-12-26 18:44:53,-1.675942522,-58.27707389,126.723419309047,417.778343204912
4182103,2011-12-26 19:14:53,-1.680357615,-58.27654776,126.479327316498,417.887707419593
4182103,2011-12-26 19:44:53,-1.70577504,-58.24663519,125.667972081029,421.473243718123
4182103,2011-12-26 20:14:53,-1.731257738,-58.2164355,124.85633068646,425.090931650708
4182103,2011-12-26 20:44:53,-1.740780267,-58.19947248,124.677355577768,427.067189162825
4182103,2011-12-26 21:14:53,-1.749917725,-58.18359019,124.496350066551,428.920121672635
4182103,2011-12-26 21:44:53,-1.75415941,-58.18181804,124.288936224635,429.164318552762
4182103,2011-12-26 22:14:53,-1.753623055,-58.18444399,124.26232395386,428.869283077317
4182103,2011-12-26 22:44:53,-1.710021709,-58.22664914,125.863149357883,423.720515230531
4182103,2011-12-26 23:14:53,-1.674023804,-58.25868389,127.241947222223,419.778063813587
4182103,2011-12-26 23:44:53,-1.665909728,-58.25397743,127.816508144751,420.200809065002
4182103,2011-12-27 00:14:53,-1.655878592,-58.24328435,128.635088353466,421.259325404472
4182103,2011-12-27 00:44:53,-1.64100925,-58.21745051,130.070689378997,423.925850007858
4182103,2011-12-27 01:14:53,-1.628192472,-58.21652948,130.834782080594,423.876924318984
4182103,2011-12-27 01:44:53,-1.622173191,-58.29929098,129.343606469419,414.706968017102
4182103,2011-12-27 02:14:53,-1.616034899,-58.37025059,128.118966866197,406.833780682065
4182103,2011-12-27 02:44:53,-1.609644268,-58.40958763,127.61133823002,402.434494274954
4182103,2011-12-27 03:14:53,-1.592270267,-58.45115451,127.685649949642,397.661759612628
4182103,2011-12-27 03:44:53,-1.544636151,-58.49883048,129.361552303467,391.862927079617
4182103,2011-12-27 04:14:53,-1.490410136,-58.54014921,131.550926191952,386.684297311077
4182103,2011-12-27 04:44:53,-1.421489889,-58.5670881,134.900890079286,382.910526012266
4182103,2011-12-27 05:14:53,-1.339857931,-58.59618507,138.923752397928,378.745204759457
4182103,2011-12-27 05:44:53,-1.232659731,-58.62963182,144.302334814641,373.791289602899
4182103,2011-12-27 06:14:53,-1.119202702,-58.66878958,149.892906635053,368.126316951977
4182103,2011-12-27 06:44:53,-0.993900523,-58.71891298,155.886581927311,361.10430858221
4182103,2011-12-27 07:14:53,-0.716542777,-58.78793406,170.071023527022,350.122436772725
4182103,2011-12-27 07:44:53,-0.282470577,-58.87509166,192.632779829141,335.105272737754
4182103,2011-12-27 08:14:53,0.148992764,-58.9551289,215.073705911015,320.755803512887
4182103,2011-12-27 08:44:53,0.578262994,-59.02883525,237.413084909042,306.983220406925
4182103,2011-12-27 09:14:53,0.99743984,-59.10384589,259.016125618896,293.063589008589
4182103,2011-12-27 09:44:53,1.409853387,-59.17947305,280.090074083482,279.036494766839
4182103,2011-12-27 10:14:53,1.86681943,-59.25279817,303.583012645895,264.482764330952
4182103,2011-12-27 10:44:53,2.354931343,-59.323603,328.734283131742,249.575861743543
4182103,2011-12-27 11:14:53,2.838952227,-59.3925849,353.556953467189,234.74324975894
4182103,2011-12-27 11:44:53,3.320645562,-59.45971916,378.154746257186,219.96476311359
4182103,2011-12-27 12:14:53,3.72837778,-59.54172079,398.060795658564,204.586619794755
4182103,2011-12-27 12:44:53,4.087715337,-59.63368411,414.847534696511,188.802074414226
4182103,2011-12-27 13:14:53,4.494111208,-59.7321619,433.847988567099,171.441457183545
4182103,2011-12-27 13:44:53,4.978211903,-59.84159351,456.525797532001,151.462728439821
4182103,2011-12-27 14:14:53,5.446617787,-59.93365869,478.729507533606,133.464779870471
4182103,2011-12-27 14:44:53,5.88980932,-60.00189757,500.230105995606,118.320020589409
4182103,2011-12-27 15:14:53,6.366892644,-60.07785861,523.12201830194,101.585845380081
4182103,2011-12-27 15:44:53,6.884720586,-60.16292389,547.675015579355,82.9539387994437
4182103,2011-12-27 16:14:53,7.413283054,-60.25850275,572.18465690363,62.8018635098024
4182103,2011-12-27 16:44:53,7.953960228,-60.36551563,596.646758614711,41.0010390330326
4182103,2011-12-27 17:14:53,8.478816963,-60.46359723,620.367927979535,20.2654635313675
4182103,2011-12-27 17:44:53,8.985855637,-60.55254161,643.289320209563,0.671691764040588
4182103,2011-12-27 18:14:53,9.512495655,-60.63750726,667.17526447409,-19.0816167893936
4182103,2011-12-27 18:44:53,10.06103414,-60.71798303,692.159523514227,-39.0146849708999
4182103,2011-12-27 19:14:53,10.55848426,-60.82108723,713.29466513764,-60.4411422531039
4182103,2011-12-27 19:44:53,10.97342115,-60.9625939,728.256965009863,-84.2535947354818
4182103,2011-12-27 20:14:53,11.3271335,-61.12594475,738.871982419023,-109.084575509592
4182103,2011-12-27 20:44:53,11.53251687,-61.34263359,739.349661008283,-136.247521761922
4182103,2011-12-27 21:14:53,11.85536191,-61.52335389,747.154504458401,-162.227426178169
4182103,2011-12-27 21:44:53,12.3581295,-61.64750615,766.269440544263,-186.370632818729
4182103,2011-12-27 22:14:53,12.62016807,-61.84236712,769.893146556182,-212.502017705374
4182103,2011-12-27 22:44:53,12.66935361,-62.10061226,759.919546966679,-240.367646905827
4182103,2011-12-27 23:14:53,12.75651839,-62.32255777,753.456198993036,-265.294326637522
4182103,2011-12-27 23:44:53,12.87769614,-62.51252735,750.080749261906,-287.645810811219
4182103,2011-12-28 00:14:53,12.98566535,-62.61372064,750.307972894158,-300.513638424754
4182103,2011-12-28 00:44:53,13.08323646,-62.64967162,753.187705889961,-306.413440886117
4182103,2011-12-28 01:14:53,13.22599635,-62.7539465,754.833692317927,-320.373326249544
4182103,2011-12-28 01:44:53,13.39514682,-62.89591663,755.793063823198,-338.800180759814
4182103,2011-12-28 02:14:53,13.63351386,-63.05824837,758.863144672011,-360.87002610387
4182103,2011-12-28 02:44:53,13.90865046,-63.23033872,762.979385389721,-384.76191910756
4182103,2011-12-28 03:14:53,13.95828425,-63.42802586,755.267946181664,-406.121437626244
4182103,2011-12-28 03:44:53,13.87122671,-63.64122209,740.510478185844,-425.96317524879
4182103,2011-12-28 04:14:53,14.08244359,-63.8289082,740.549248286384,-449.889445051528
4182103,2011-12-28 04:44:53,14.51693517,-63.99684134,751.418188848868,-476.82639250689
4182103,2011-12-28 05:14:53,14.98196865,-64.16036456,763.548670092197,-504.051017466532
4182103,2011-12-28 05:44:53,15.47054313,-64.32010885,776.571402331206,-531.4877061392
4182103,2011-12-28 06:14:53,15.88147206,-64.46497204,786.679206236078,-555.665402997819
4182103,2011-12-28 06:44:53,16.22223904,-64.59715195,794.196518357354,-576.946578410149
4182103,2011-12-28 07:14:53,16.61025516,-64.74321476,802.760323875414,-600.749076479071
4182103,2011-12-28 07:44:53,17.04126475,-64.90088005,812.235140015132,-626.752001397708
4182103,2011-12-28 08:14:53,17.42351931,-65.05814671,819.387269172209,-651.559372739648
4182103,2011-12-28 08:44:53,17.76601012,-65.21526475,824.634681214456,-675.388663276369
4182103,2011-12-28 09:14:53,17.8861373,-65.40204694,818.786250492147,-696.734474166958
4182103,2011-12-28 09:44:53,17.84043486,-65.61107488,804.797312437089,-716.246934325442
4182103,2011-12-28 10:14:53,17.96736981,-65.82612793,797.451094092532,-740.464130559921
4182103,2011-12-28 10:44:53,18.2096857,-66.0448102,794.385656640473,-767.733710166982
4182103,2011-12-28 11:14:53,18.40752758,-66.22330787,791.726974371333,-789.943757240986
4182103,2011-12-28 11:44:53,18.57495962,-66.37473183,789.344148044664,-808.739659831065
4182103,2011-12-28 12:14:53,18.65181387,-66.56432939,781.063666413743,-829.07117325537
4182103,2011-12-28 12:44:53,18.66820657,-66.77926427,768.885098612919,-850.410166751593
4182103,2011-12-28 13:14:53,18.74628476,-67.01731117,757.650174766558,-875.41604864947
4182103,2011-12-28 13:44:53,18.86301732,-67.26913154,746.962563442916,-902.606784492691
4182103,2011-12-28 14:14:53,18.8535365,-67.53596691,730.571889224985,-928.277050034345
4182103,2011-12-28 14:44:53,18.77932173,-67.81035571,711.349593919475,-953.186120535911
4182103,2011-12-28 15:14:53,18.684984,-68.03868459,694.21224845014,-973.191927578451
4182103,2011-12-28 15:44:53,18.58058923,-68.24663946,677.992272962792,-991.024813842042
4182103,2011-12-28 16:14:53,18.38996382,-68.48458924,656.974420938421,-1009.91076791257
4182103,2011-12-28 16:44:53,18.15781031,-68.73542848,633.860830244653,-1029.2406234628
4182103,2011-12-28 17:14:53,17.95765956,-68.97855868,612.487965958789,-1048.61252797116
4182103,2011-12-28 17:44:53,17.77388534,-69.21744601,592.072176793427,-1068.0035952934
4182103,2011-12-28 18:14:53,17.49978806,-69.37178985,573.610545012691,-1077.3813677159
4182103,2011-12-28 18:44:53,17.15764082,-69.46197725,556.631935823475,-1079.22341578855
4182103,2011-12-28 19:14:53,16.63975331,-69.45080911,539.437564547536,-1067.73478401867
4182103,2011-12-28 19:44:53,15.93987583,-69.32796229,522.018717343355,-1041.79535642958
4182103,2011-12-28 20:14:53,15.23908629,-69.2874945,499.654533688069,-1024.18521203478
4182103,2011-12-28 20:44:53,14.52259819,-69.37105122,469.917877363938,-1018.94435570729
4182103,2011-12-28 21:14:53,13.8090716,-69.47375734,439.355974635292,-1016.09122997072
4182103,2011-12-28 21:44:53,13.10624239,-69.62298397,406.931609900838,-1018.55203758725
4182103,2011-12-28 22:14:53,12.39294038,-69.73048916,376.430577149363,-1017.0496749165
4182103,2011-12-28 22:44:53,11.67650635,-69.71073844,352.08059096939,-1002.92142926102
4182103,2011-12-28 23:14:53,10.95781773,-69.70659298,326.74108873701,-990.650208244534
4182103,2011-12-28 23:44:53,10.22285316,-69.76893006,297.653316799095,-985.288961534467
4182103,2011-12-29 00:14:53,9.50003008,-69.82132257,269.474307388351,-979.474228297423
4182103,2011-12-29 00:44:53,8.83711236,-69.84571529,244.664225284311,-972.004336379292
4182103,2011-12-29 01:14:53,8.203818526,-69.88927453,220.074306105199,-967.253301552587
4182103,2011-12-29 01:44:53,7.650925095,-69.98987616,196.046322052777,-969.887444632525
4182103,2011-12-29 02:14:53,7.148136996,-70.04221835,175.883605767701,-968.390848524497
4182103,2011-12-29 02:44:53,6.790707097,-69.97199487,165.823698038396,-956.13277826745
4182103,2011-12-29 03:14:53,6.310281533,-69.96567105,148.714251725306,-949.026213547961
4182111,2011-12-28 18:45:34,0.429981021,-69.83371684,-63.3855999092934,-867.379208870786
4182111,2011-12-28 19:15:34,0.528970141,-69.71687885,-56.3823020881318,-855.679539595599
4182111,2011-12-28 19:45:34,0.677724185,-69.60846833,-47.7002191156985,-845.401234480012
4182111,2011-12-28 20:15:34,0.849107218,-69.50879396,-38.3578564438712,-836.323123243437
4182111,2011-12-28 20:45:34,1.086389357,-69.36734408,-25.2306389500025,-823.433879992885
4182111,2011-12-28 21:15:34,1.265685995,-69.18161955,-12.9137007284105,-805.211957634775
4182111,2011-12-28 21:45:34,1.325047542,-69.0216939,-5.90068768098877,-788.548158567678
4182111,2011-12-28 22:15:34,1.244827237,-68.88845348,-5.09015492116782,-773.2912747379
4182111,2011-12-28 22:45:34,1.170463043,-68.76879272,-4.48940371098342,-759.559385680265
4182111,2011-12-28 23:15:34,1.148447215,-68.71894759,-3.8973446342784,-753.932841225105
4182111,2011-12-28 23:45:34,1.132470452,-68.7135516,-4.36798438867572,-753.179578236048
4182111,2011-12-29 00:15:34,1.103831256,-68.68139258,-4.5579379348203,-749.395953497131
4182111,2011-12-29 00:45:34,1.1336845,-68.56542128,-0.00163523812625499,-737.162169222217
4182111,2011-12-29 01:15:34,1.136513214,-68.56182889,0.215041585209519,-736.803544160089
4182111,2011-12-29 01:45:34,1.133237008,-68.54647709,0.532659360768321,-735.107167457099
4182111,2011-12-29 02:15:34,1.128549192,-68.53175229,0.775825405612068,-733.463533555978
4182111,2011-12-29 02:45:34,1.122568238,-68.52656761,0.689652949678475,-732.838586630566
4182111,2011-12-29 03:15:34,1.095377815,-68.50966598,0.102559470524284,-730.71928162173
4182111,2011-12-29 03:45:34,1.053712194,-68.48182444,-0.744306423745911,-727.261644407307
4182111,2011-12-29 04:15:34,1.04010255,-68.48193101,-1.28834581136675,-727.12843084297
4182111,2011-12-29 04:45:34,1.014647936,-68.47663972,-2.14719627085674,-726.285084500197
4182111,2011-12-29 05:15:34,0.976691447,-68.46629649,-3.35819785633771,-724.762451588555
4182111,2011-12-29 05:45:34,0.964781841,-68.46695378,-3.85098899027344,-724.707489416601
4182111,2011-12-29 06:15:34,0.953507366,-68.46737788,-4.31178706801461,-724.634090919847
4182111,2011-12-29 06:45:34,0.954007185,-68.44038026,-3.5143945231016,-721.7153572773
4182111,2011-12-29 07:15:34,0.970440175,-68.37600556,-1.00447871037909,-714.917463558914
4182111,2011-12-29 07:45:34,0.973488338,-68.36184061,-0.474487796660014,-713.41571346852
4182111,2011-12-29 08:15:34,0.974304445,-68.32960935,0.486924589270984,-709.933498662135
4182111,2011-12-29 08:45:34,0.955577528,-68.3166671,0.109691098652547,-708.332310673622
4182111,2011-12-29 09:15:34,0.944022922,-68.31599921,-0.333963301218319,-708.137037985807
4182111,2011-12-29 09:45:34,0.943631045,-68.31651937,-0.364619969237538,-708.189215504614
4182111,2011-12-29 10:15:34,0.945366019,-68.31631952,-0.289370030937334,-708.186019116763
4182111,2011-12-29 10:45:34,0.948043715,-68.31560721,-0.161613562198454,-708.137342957445
4182111,2011-12-29 11:15:34,0.950762743,-68.31436802,-0.0170379313292415,-708.032041220273
4182111,2011-12-29 11:45:34,0.953172932,-68.31278973,0.124931801381763,-707.886729177998
4182111,2011-12-29 12:15:34,0.995591922,-68.29433697,2.35662417058256,-706.34028140431
4182111,2011-12-29 12:45:34,1.008015266,-68.28791008,3.04021289908928,-705.776964341777
4182111,2011-12-29 13:15:34,1.021506522,-68.28582441,3.64147446735933,-705.695365713893
4182111,2011-12-29 13:45:34,1.019433225,-68.27601944,3.84155341992118,-704.611355031898
4182111,2011-12-29 14:15:34,1.015575685,-68.27304711,3.77261812385996,-704.24818434413
4182111,2011-12-29 14:45:34,1.034338136,-68.26691418,4.70277891147498,-703.784921700654
4182111,2011-12-29 15:15:34,1.055022359,-68.26573592,5.56701842877737,-703.879107128194
4182111,2011-12-29 15:45:34,1.056764871,-68.26409543,5.6844445664658,-703.720168985125
4182111,2011-12-29 16:15:34,1.049289376,-68.26301806,5.41557272617911,-703.52330649755
4182111,2011-12-29 16:45:34,1.05586619,-68.26358963,5.6630162628951,-703.655756646988
4182111,2011-12-29 17:15:34,1.056500445,-68.26430987,5.66762343791584,-703.740551399638
4182111,2011-12-29 17:45:34,1.047450777,-68.26454146,5.29769469286452,-703.668548051574
4182111,2011-12-29 18:15:34,1.03997127,-68.26533674,4.97448286928443,-703.67447221195
4182111,2011-12-29 18:45:34,1.029674303,-68.26622571,4.53549158499504,-703.660400840863
4182111,2011-12-29 19:15:34,1.047915089,-68.26558338,5.2861839412235,-703.786351953622
4182111,2011-12-29 19:45:34,1.057307934,-68.25672699,5.91955862596888,-702.928129994422
4182111,2011-12-29 20:15:34,1.111133148,-68.24333844,8.46928906064318,-702.057409581936
4182111,2011-12-29 20:45:34,1.098918645,-68.22882809,8.39976739850772,-700.354852217666
4182111,2011-12-29 21:15:34,1.115587993,-68.19774277,9.97265957380569,-697.169162797708
4182111,2011-12-29 21:45:34,1.113119534,-68.19637771,9.91295099009017,-696.994725526532
4182111,2011-12-29 22:15:34,1.112584254,-68.19567347,9.91185559848122,-696.912702384696
4182111,2011-12-29 22:45:34,1.11622603,-68.19216257,10.1604101503663,-696.571919676566
4182111,2011-12-29 23:15:34,1.124068029,-68.18811343,10.5937564037649,-696.218267347613
4182111,2011-12-29 23:45:34,1.126497202,-68.1874234,10.7116146099117,-696.169817364766
4182111,2011-12-30 00:15:34,1.11845635,-68.17327216,10.7988834132457,-694.550862274888
4182111,2011-12-30 00:45:34,1.101076899,-68.17024091,10.1865813121499,-694.034915038738
4182111,2011-12-30 01:15:34,1.075835872,-68.17285164,9.09373400402978,-694.045261141329
4182111,2011-12-30 01:45:34,1.058097499,-68.16627177,8.56928854631133,-693.141609115445
4182111,2011-12-30 02:15:34,1.052687977,-68.16256953,8.45830403934269,-692.682428823246
4182111,2011-12-30 02:45:34,1.029345496,-68.15527562,7.72776965585717,-691.641288161402
4182111,2011-12-30 03:15:34,1.02185063,-68.15158154,7.53209133425571,-691.160599815038
4182111,2011-12-30 03:45:34,1.016096596,-68.14975441,7.3526744867595,-690.900845183533
4182111,2011-12-30 04:15:34,1.013546569,-68.1490773,7.26932171611224,-690.800097721558
4182111,2011-12-30 04:45:34,1.005614295,-68.14771648,6.98849653358093,-690.567465412793
4182111,2011-12-30 05:15:34,0.995948045,-68.14647463,6.6342163904435,-690.329132543333
4182111,2011-12-30 05:45:34,0.985854735,-68.1455933,6.25225908346351,-690.12532090188
4182111,2011-12-30 06:15:34,0.976327195,-68.1451329,5.88097443010201,-689.973235016873
4182111,2011-12-30 06:45:34,0.966589355,-68.14487274,5.49541153381551,-689.840643654003
4182111,2011-12-30 07:15:34,0.957501945,-68.14543171,5.11253003835895,-689.80381925814
4182111,2011-12-30 07:45:34,0.949152137,-68.14644272,4.7464376551693,-689.823922957899
4182111,2011-12-30 08:15:34,0.941895793,-68.14778377,4.41502083212345,-689.891536788467
4182111,2011-12-30 08:45:34,0.935691819,-68.14777448,4.16487676475413,-689.824153465663
4182111,2011-12-30 09:15:34,0.927326725,-68.14575016,3.88531924940867,-689.515372793047
4182111,2011-12-30 09:45:34,0.922252888,-68.14561348,3.68441607409454,-689.44632198165
4182111,2011-12-30 10:15:34,0.926701731,-68.14297608,3.93969249035626,-689.208134755525
4182111,2011-12-30 10:45:34,0.926181202,-68.14397307,3.89006905114888,-689.310587269248
4182111,2011-12-30 11:15:34,0.926452386,-68.14471055,3.87985527554088,-689.393388626651
4182111,2011-12-30 11:45:34,0.928083915,-68.1459296,3.91073610857256,-689.542910210397
4182111,2011-12-30 12:15:34,0.917787439,-68.13616496,3.77511935238385,-688.374868680044
4182111,2011-12-30 12:45:34,0.913704254,-68.11452935,4.23047531743782,-685.986984718812
4182111,2011-12-30 13:15:34,0.950481477,-68.0976319,6.202624722059,-684.550155135107
4182111,2011-12-30 13:45:34,0.969944351,-68.08787596,7.27050731043914,-683.702184541574
4182111,2011-12-30 14:15:34,0.979948607,-68.0831202,7.81220073346276,-683.294520457197
4182111,2011-12-30 14:45:34,0.990753144,-68.07550465,8.46879720265019,-682.585786418045
4182111,2011-12-30 15:15:34,0.997619422,-68.0678811,8.96640328581475,-681.833902948926
4182111,2011-12-30 15:45:34,0.997146015,-68.06352099,9.07283555664139,-681.356504589967
4182111,2011-12-30 16:15:34,0.992794037,-68.06152172,8.95413360815655,-681.093061369381
4182111,2011-12-30 16:45:34,0.991687178,-68.06280198,8.87242745852495,-681.219825838682
4182111,2011-12-30 17:15:34,0.989771575,-68.06450787,8.74571190067309,-681.383991183874
4182111,2011-12-30 17:45:34,0.978733521,-68.06234955,8.36071506426242,-681.031378854194
4182111,2011-12-30 18:15:34,0.964333508,-68.05995588,7.84616696814055,-680.617182789233
4182111,2011-12-30 18:45:34,0.93930043,-68.05850751,6.87343911964331,-680.191328770297
4182111,2011-12-30 19:15:34,0.92502169,-68.05852766,6.29423074845135,-680.040296640017
4182111,2011-12-30 19:45:34,0.916477639,-68.05911925,5.93102203914873,-680.012783799099
4182111,2011-12-30 20:15:34,0.907846248,-68.05961824,5.56693367382491,-679.974354094222
4182111,2011-12-30 20:45:34,0.907314669,-68.05543946,5.66509287864278,-679.515848686054
4182111,2011-12-30 21:15:34,0.919497883,-68.05704035,6.11301321307974,-679.819904249644
4182111,2011-12-30 21:45:34,0.937006859,-68.05218751,6.96186770916756,-679.481950577322
4182111,2011-12-30 22:15:34,0.926040277,-68.04258911,6.79258576194047,-678.324238357533
4182111,2011-12-30 22:45:34,0.911394793,-68.04376339,6.16500333613044,-678.294370574058
4182111,2011-12-30 23:15:34,0.906043679,-68.04427382,5.93337622708418,-678.292314822957
4182111,2011-12-30 23:45:34,0.887300805,-68.02238534,5.7993837777633,-675.719493248551
4182111,2011-12-31 00:15:34,0.900827646,-68.02013652,6.41287357527631,-675.620795812817
4182111,2011-12-31 00:45:34,0.903946453,-67.99609903,7.22768817113024,-673.049422466177
4182111,2011-12-31 01:15:34,0.894486499,-67.99288034,6.93531938478986,-672.599078679408
4182111,2011-12-31 01:45:34,0.926684009,-67.98207335,8.55378451238266,-671.773921756413
4182111,2011-12-31 02:15:34,0.896118011,-67.98150068,7.32723609463801,-671.383373835652
4182111,2011-12-31 02:45:34,0.896182626,-67.98089265,7.34726049262645,-671.318175083049
4182111,2011-12-31 03:15:34,0.90139598,-67.95247493,8.37254340470849,-668.294541134013
4182111,2011-12-31 03:45:34,0.643002628,-67.94563164,-1.96112023677665,-664.79648556919
4182111,2011-12-31 04:15:34,0.603363735,-67.93871246,-3.38297681450763,-663.626955129054
4182111,2011-12-31 04:45:34,0.595816445,-67.93649133,-3.62847498915221,-663.306324891145
4182111,2011-12-31 05:15:34,0.586450047,-67.93446218,-3.9536419846288,-662.987361422637
4182111,2011-12-31 05:45:34,0.575798959,-67.93277063,-4.34077147907965,-662.691529793204
4182111,2011-12-31 06:15:34,0.563992409,-67.93130079,-4.78134242570468,-662.407645963561
4182111,2011-12-31 06:45:34,0.543669885,-67.91677417,-5.2043453518088,-660.617392431365
4182111,2011-12-31 07:15:34,0.504151474,-67.868703,-5.47731220004766,-654.984757894898
4182111,2011-12-31 07:45:34,0.497154999,-67.86489837,-5.6575997140551,-654.498253261921
4182111,2011-12-31 08:15:34,0.483876224,-67.86624445,-6.23866772926385,-654.504810464936
4182111,2011-12-31 08:45:34,0.477197257,-67.86460016,-6.46629151879915,-654.256191007917
4182111,2011-12-31 09:15:34,0.46523558,-67.86609677,-6.9976257211265,-654.293093796305
4182111,2011-12-31 09:45:34,0.45345684,-67.86785336,-7.52865525120319,-654.360246126168
4182111,2011-12-31 10:15:34,0.43979839,-67.87094777,-8.17373361246337,-654.553051353641
4182111,2011-12-31 10:45:34,0.42916835,-67.87380124,-8.68805359095859,-654.751544077814
4182111,2011-12-31 11:15:34,0.422854484,-67.87154676,-8.88392493202332,-654.440731457174
4182111,2011-12-31 11:45:34,0.417690039,-67.87353231,-9.15039613732165,-654.602279663966
4182111,2011-12-31 12:15:34,0.414271116,-67.87539393,-9.34195812219332,-654.768644551619
4182111,2011-12-31 12:45:34,0.423769729,-67.87592639,-8.96797978006794,-654.925775586357
4182111,2011-12-31 13:15:34,0.446402188,-67.87323008,-7.96684633527661,-654.86998154291
4182111,2011-12-31 13:45:34,0.435752844,-67.86875002,-8.27830267768877,-654.272102876672
4182111,2011-12-31 14:15:34,0.426327968,-67.82104541,-7.34052453639788,-648.994386125403
4182111,2011-12-31 14:45:34,0.417911987,-67.765397,-6.1431127096314,-642.864293154873
4182111,2011-12-31 15:15:34,0.417844066,-67.76143216,-6.03601506054451,-642.433097171373
4182111,2011-12-31 15:45:34,0.375074913,-67.70472133,-6.22813538437913,-635.826207861473
4182111,2011-12-31 16:15:34,0.373250277,-67.68381602,-5.72588777116312,-633.536795439945
4182111,2011-12-31 16:45:34,0.366818187,-67.67306185,-5.69446478577447,-632.301361068247
4182111,2011-12-31 17:15:34,0.363727413,-67.67285776,-5.816471636919,-632.246750644337
4182111,2011-12-31 17:45:34,0.358370961,-67.67113578,-5.99016772409868,-632.003519932293
4182111,2011-12-31 18:15:34,0.334307757,-67.6720679,-7.0097408099698,-631.852448729834
4182111,2011-12-31 18:45:34,0.348718254,-67.66879495,-6.3242965773577,-631.648024700425
4182111,2011-12-31 19:15:34,0.32581605,-67.66972155,-7.2958757224435,-631.508651748275
4182111,2011-12-31 19:45:34,0.329904714,-67.66248558,-6.92768747431819,-630.765528536303
4182111,2011-12-31 20:15:34,0.322949352,-67.66256099,-7.21717126171598,-630.700861101774
4182111,2011-12-31 20:45:34,0.29641431,-67.64300408,-7.77629313013017,-628.298735232325
4182111,2011-12-31 21:15:34,0.260985349,-67.64231739,-9.22293335572022,-627.853897504626
4182111,2011-12-31 21:45:34,0.240011289,-67.64166733,-10.0728077476633,-627.564485546073
4182111,2011-12-31 22:15:34,0.180755492,-67.64017959,-12.4839842358965,-626.786310847197
4182111,2011-12-31 22:45:34,0.16811059,-67.64347131,-13.0969665958771,-627.012798199306
4182111,2011-12-31 23:15:34,0.157403863,-67.64600749,-13.609061116568,-627.177400249689
4182111,2011-12-31 23:45:34,0.146299994,-67.64805893,-14.1243168443718,-627.285301749426
4182111,2012-01-01 00:15:34,0.135828277,-67.65192638,-14.6627369998873,-627.597229839092
4182111,2012-01-01 00:45:34,0.130127192,-67.65516589,-14.9866378819004,-627.890349090534
4182111,2012-01-01 01:15:34,0.13249777,-67.65117592,-14.7801120140982,-627.481196214185
4182111,2012-01-01 01:45:34,0.143862155,-67.64437179,-14.1248689951756,-626.859304970079
4182111,2012-01-01 02:15:34,0.152550629,-67.64435558,-13.7649014031517,-626.947560898168
4182111,2012-01-01 02:45:34,0.156117605,-67.64577048,-13.6558276213195,-627.138308085552
4182111,2012-01-01 03:15:34,0.156962249,-67.65717675,-13.9314689084174,-628.386727575581
4182111,2012-01-01 03:45:34,0.152619159,-67.66605264,-14.3527156458406,-629.306394869926
4182111,2012-01-01 04:15:34,0.148365168,-67.6736979,-14.7366632192309,-630.09326982829
4182111,2012-01-01 04:45:34,0.14509133,-67.67426657,-14.8874373672409,-630.12119622903
4182111,2012-01-01 05:15:34,0.141969081,-67.6742606,-15.0163076733772,-630.088243862622
4182111,2012-01-01 05:45:34,0.142023166,-67.67327749,-14.987325147777,-629.981952571929
4182111,2012-01-01 06:15:34,0.136650552,-67.6725086,-15.1884595171184,-629.842810034377
4182111,2012-01-01 06:45:34,0.130407367,-67.67070426,-15.3974469763916,-629.582139409365
4182111,2012-01-01 07:15:34,0.121913005,-67.66865771,-15.6929622574207,-629.271895450298
4182111,2012-01-01 07:45:34,0.112380316,-67.66637878,-16.0251705638111,-628.925703926334
4182111,2012-01-01 08:15:34,0.012588341,-67.64589894,-19.5994290273077,-625.671547456575
4182111,2012-01-01 08:45:34,0.107659902,-67.55286403,-13.1402159796173,-616.537409391888
4182111,2012-01-01 09:15:34,0.300919357,-67.42855074,-1.69962284836697,-605.04811058523
4182111,2012-01-01 09:45:34,0.479696656,-67.32025521,8.76691213818754,-595.185319553282
4182111,2012-01-01 10:15:34,0.475215774,-67.31447514,8.73944479488432,-594.50967947389
4182111,2012-01-01 10:45:34,0.59193879,-67.24121255,15.6787343035937,-587.811743167555
4182111,2012-01-01 11:15:34,0.778869353,-67.15768473,25.8944461756473,-580.784408096332
4182111,2012-01-01 11:45:34,0.862818375,-67.11606571,30.6148885502546,-577.194585169776
4182111,2012-01-01 12:15:34,1.047822797,-67.01904081,41.2091005876662,-568.734543396879
4182111,2012-01-01 12:45:34,1.284519571,-66.91370052,54.2995639092242,-560.000297606787
4182111,2012-01-01 13:15:34,1.526745411,-66.82612388,67.1796036702694,-553.310655986879
4182111,2012-01-01 13:45:34,1.770758431,-66.7382147,80.2108459816536,-546.66353290377
4182111,2012-01-01 14:15:34,1.886579328,-66.65604179,87.6378066550901,-539.156753535404
4182111,2012-01-01 14:45:34,2.001565377,-66.57380016,95.0613098863021,-531.648964734399
4182111,2012-01-01 15:15:34,2.095217798,-66.52702985,100.513841789874,-527.729749301316
4182111,2012-01-01 15:45:34,2.254279116,-66.38565605,111.709602538492,-514.407527201831
4182111,2012-01-01 16:15:34,2.450642938,-66.2293697,125.063468176681,-499.976968422736
4182111,2012-01-01 16:45:34,2.349503589,-66.13135441,123.682858083885,-488.13183032849
4182111,2012-01-01 17:15:34,2.037456793,-66.02734279,113.176850269404,-473.024218597037
4182111,2012-01-01 17:45:34,1.635986853,-65.90544639,99.1121256444953,-454.941510463766
4182111,2012-01-01 18:15:34,1.357266399,-65.82067113,89.2330504947522,-442.416743404451
4182111,2012-01-01 18:45:34,1.381643485,-65.76782385,91.8522727792456,-436.979220835433
4182111,2012-01-01 19:15:34,1.387495529,-65.70125174,94.0474311643845,-429.833434238993
4182111,2012-01-01 19:45:34,1.332503722,-65.67801881,92.2642667250868,-426.657587044102
4182111,2012-01-01 20:15:34,1.318572079,-65.66292248,92.0781086488578,-424.854588934349
4182111,2012-01-01 20:45:34,1.305935842,-65.65960185,91.6088141662156,-424.343815927257
4182111,2012-01-01 21:15:34,1.30536781,-65.65707625,91.6563859306352,-424.063197910978
4182111,2012-01-01 21:45:34,1.2998334,-65.6554764,91.4549645777931,-423.823737981581
4182111,2012-01-01 22:15:34,1.279350779,-65.65940182,90.4251105692533,-424.005361857812
4182111,2012-01-01 22:45:34,1.237782199,-65.65795396,88.6066720220826,-423.354075959075
4182111,2012-01-01 23:15:34,1.213004912,-65.65433195,87.6018255639722,-422.667202506362
4182111,2012-01-01 23:45:34,1.227285724,-65.65665223,88.1743451251773,-423.088282362935
4182111,2012-01-02 00:15:34,1.240385241,-65.65856365,88.7056183597617,-423.451113261043
4182111,2012-01-02 00:45:34,1.235981777,-65.65744003,88.5408847574904,-423.276958407781
4182111,2012-01-02 01:15:34,1.23836272,-65.65793409,88.6332242972874,-423.358815169205
4182111,2012-01-02 01:45:34,1.357569294,-65.62931948,94.7965195215893,-421.677623866996
4182111,2012-01-02 02:15:34,1.424966656,-65.61227708,98.3105799594714,-420.639146331371
4182111,2012-01-02 02:45:34,1.426052729,-65.61161822,98.3784163012679,-420.580800548931
4182111,2012-01-02 03:15:34,1.426667916,-65.61087989,98.4274686058561,-420.508177106729
4182111,2012-01-02 03:45:34,1.427728985,-65.60952454,98.5144602356224,-420.374042987024
4182111,2012-01-02 04:15:34,1.429096239,-65.60775385,98.6272665637437,-420.198578424712
4182111,2012-01-02 04:45:34,1.428560554,-65.60543666,98.6707052237734,-419.940980910629
4182111,2012-01-02 05:15:34,1.427077358,-65.60242673,98.6918303781592,-419.596894702417
4182111,2012-01-02 05:45:34,1.423506864,-65.59968085,98.6116851028955,-419.256306461297
4182111,2012-01-02 06:15:34,1.418920628,-65.59731424,98.4749306125063,-418.944607665459
4182111,2012-01-02 06:45:34,1.422025194,-65.59633931,98.6424792568732,-418.876290291679
4182111,2012-01-02 07:15:34,1.4220613,-65.5946417,98.6934853306132,-418.69272156795
4182111,2012-01-02 07:45:34,1.41585802,-65.59254556,98.4763033999952,-418.390878011532
4182111,2012-01-02 08:15:34,1.408590498,-65.59116547,98.1905272523586,-418.153869575225
4182111,2012-01-02 08:45:34,1.402480768,-65.58998948,97.9507020373994,-417.952934305838
4182111,2012-01-02 09:15:34,1.394831374,-65.58920308,97.6304742751538,-417.775750101417
4182111,2012-01-02 09:45:34,1.386833392,-65.58869181,97.2865939005183,-417.624242315015
4182111,2012-01-02 10:15:34,1.379137473,-65.58830568,96.9526071512516,-417.489970610842
4182111,2012-01-02 10:45:34,1.370790365,-65.58825312,96.5797167240044,-417.3840882572
4182111,2012-01-02 11:15:34,1.363712756,-65.58851095,96.2547631576479,-417.327132619978
4182111,2012-01-02 11:45:34,1.357889388,-65.58882907,95.9843233567669,-417.29178863597
4182111,2012-01-02 12:15:34,1.351703903,-65.58939503,95.6904619990987,-417.279000927011
4182111,2012-01-02 12:45:34,1.346563904,-65.59017527,95.4372995644894,-417.302001235963
4182111,2012-01-02 13:15:34,1.342426361,-65.58623622,95.3657361277453,-416.825362886098
4182111,2012-01-02 13:45:34,1.347449208,-65.58184671,95.7181917227845,-416.409635702909
4182111,2012-01-02 14:15:34,1.352804634,-65.58109018,95.9804089640029,-416.391807785192
4182111,2012-01-02 14:45:34,1.339180246,-65.58626532,95.2192581321833,-416.789635872367
4182111,2012-01-02 15:15:34,1.372868271,-65.56063198,97.4739612179887,-414.414605900661
4182111,2012-01-02 15:45:34,1.443813801,-65.53936117,101.278808725997,-412.963137326672
4182111,2012-01-02 16:15:34,1.419573024,-65.51941107,100.769626508104,-410.508199807283
4182111,2012-01-02 16:45:34,1.412674759,-65.51358172,100.628802238935,-409.793108611455
4182111,2012-01-02 17:15:34,1.358141436,-65.48107129,99.1170271063884,-405.61172530764
4182111,2012-01-02 17:45:34,1.340243106,-65.37821422,101.284695048665,-394.24298572616
4182111,2012-01-02 18:15:34,1.308177233,-65.36675428,100.164750605384,-392.613893870834
4182111,2012-01-02 18:45:34,1.432056353,-65.21704377,110.118850239455,-377.879522575042
4182111,2012-01-02 19:15:34,1.613994592,-65.04168299,123.53935645152,-361.105632104939
4182111,2012-01-02 19:45:34,1.774158436,-64.89724095,135.143590806564,-347.452777950376
4182111,2012-01-02 20:15:34,1.9437245,-64.75643605,147.147152947578,-334.348023253432
4182111,2012-01-02 20:45:34,2.170303709,-64.63659319,161.24098528294,-324.28714938106
4182111,2012-01-02 21:15:34,2.176890665,-64.63057638,161.72851889845,-323.721469977214
4182111,2012-01-02 21:45:34,2.183014266,-64.62408487,162.209015650169,-323.098474958662
4182111,2012-01-02 22:15:34,2.229806716,-64.58437183,165.585033557033,-319.409834166548
4182111,2012-01-02 22:45:34,2.278396264,-64.5529418,168.798886213496,-316.643613606267
4182111,2012-01-02 23:15:34,2.334371919,-64.52072515,172.385562294304,-313.892098986243
4182111,2012-01-02 23:45:34,2.396124077,-64.47597253,176.630510258733,-309.86478130801
4182111,2012-01-03 00:15:34,2.496585896,-64.41774764,183.10672949541,-304.899510188443
4182111,2012-01-03 00:45:34,2.512056963,-64.40944345,184.085297864398,-304.207519150538
4182111,2012-01-03 01:15:34,2.616453571,-64.34911083,190.83183393429,-299.080851372119
4182111,2012-01-03 01:45:34,2.706011567,-64.26730478,197.568802335339,-291.446557254812
4182111,2012-01-03 02:15:34,2.702236812,-64.25375414,197.812457697814,-289.931492125939
4182111,2012-01-03 02:45:34,2.818442218,-64.12644481,207.251055038708,-277.756228125952
4182111,2012-01-03 03:15:34,2.985472711,-63.99382861,219.311778685685,-265.729788493088
4182111,2012-01-03 03:45:34,3.184605993,-63.86238003,232.932471894626,-254.316314214362
4182111,2012-01-03 04:15:34,3.361311033,-63.69979618,246.561501082412,-239.274715058769
4182111,2012-01-03 04:45:34,3.535699157,-63.55958296,259.444134151552,-226.655049791664
4182111,2012-01-03 05:15:34,3.74684158,-63.42263588,274.070010456973,-214.965966363349
4182111,2012-01-03 05:45:34,3.792983282,-63.35710973,278.444748733212,-208.583901149607
4182111,2012-01-03 06:15:34,3.789016742,-63.35426536,278.346049007981,-208.219108159605
4182111,2012-01-03 06:45:34,3.811594303,-63.3110335,280.856129820872,-203.894197910166
4182111,2012-01-03 07:15:34,3.942362165,-63.15491684,292.342491450377,-189.017306300008
4182111,2012-01-03 07:45:34,4.000261097,-63.11168705,296.591910586845,-185.227114025977
4182111,2012-01-03 08:15:34,4.014773798,-63.09557696,297.832802548632,-183.709834178193
4182111,2012-01-03 08:45:34,4.143789538,-62.98173809,307.917713531512,-173.397827165498
4182111,2012-01-03 09:15:34,4.375505661,-62.80667498,325.154610155646,-158.097794309663
4182111,2012-01-03 09:45:34,4.659414525,-62.62033849,345.483021972966,-142.47567665159
4182111,2012-01-03 10:15:34,5.000050376,-62.45045207,368.225427544299,-129.632422756127
4182111,2012-01-03 10:45:34,5.341616725,-62.27555306,391.363016171098,-116.404124191441
4182111,2012-01-03 11:15:34,5.593483596,-62.08605214,410.69314138125,-100.251170851103
4182111,2012-01-03 11:45:34,5.689198759,-61.9671555,419.752145549706,-89.1109637587451
4182111,2012-01-03 12:15:34,5.684790534,-61.96740496,419.520866297846,-89.063579181151
4182111,2012-01-03 12:45:34,5.680219587,-61.96741565,419.289905366795,-88.9878859488699
4182111,2012-01-03 13:15:34,5.675680315,-61.96725028,419.066824250088,-88.8938724283735
4182111,2012-01-03 13:45:34,5.671074057,-61.96670099,418.854061263864,-88.7576011501615
4182111,2012-01-03 14:15:34,5.676406272,-61.9056918,421.300861389844,-82.3080211881297
4182111,2012-01-03 14:45:34,5.669255804,-61.72403375,427.415648990769,-62.7123370422678
4182111,2012-01-03 15:15:34,5.656561999,-61.51939289,434.050192256986,-40.550151435822
4182111,2012-01-03 15:45:34,5.662286587,-61.30000064,442.13796794127,-17.1094698178786
4182111,2012-01-03 16:15:34,5.639790479,-61.06459808,449.316117348225,8.54213565294594
4182111,2012-01-03 16:45:34,5.546020761,-60.82357583,452.919864311282,36.037498143608
4182111,2012-01-03 17:15:34,5.382539808,-60.56839002,453.231942115236,66.2736541420354
4182111,2012-01-03 17:45:34,5.213035737,-60.31146851,453.113855496051,96.8215886197277
4182111,2012-01-03 18:15:34,5.10726808,-60.04801596,456.478467911845,127.006453108578
4182111,2012-01-03 18:45:34,5.03223268,-59.8287978,459.892253673588,151.919543073424
4182111,2012-01-03 19:15:34,5.003079188,-59.75704063,460.744266023981,160.156484891593
4182111,2012-01-03 19:45:34,4.985289399,-59.73795698,460.422897756475,162.519085293445
4182111,2012-01-03 20:15:34,4.84798775,-59.62199923,456.84474219985,177.373422099855
4182111,2012-01-03 20:45:34,4.58566084,-59.45868731,447.907504138904,199.453977392826
4182111,2012-01-03 21:15:34,4.355716662,-59.26766866,441.499464866209,223.965385606415
4182111,2012-01-03 21:45:34,4.184796192,-59.06432133,438.608739225701,248.82119494328
4182111,2012-01-03 22:15:34,4.046899962,-58.86272583,437.379234115885,272.944631971369
4182111,2012-01-03 22:45:34,3.922926342,-58.66388564,436.73849055556,296.547487881494
4182111,2012-01-03 23:15:34,3.799375366,-58.4848105,435.401168852145,318.008062257489
4182111,2012-01-03 23:45:34,3.676719911,-58.32118641,433.545121335623,337.782453776896
4182111,2012-01-04 00:15:34,3.599855302,-58.14308907,434.688346904383,358.381511676942
4182111,2012-01-04 00:45:34,3.567306713,-58.04564067,435.837522119022,369.500008830571
4182111,2012-01-04 01:15:34,3.558911664,-58.0057765,436.587387256847,373.968307612999
4182111,2012-01-04 01:45:34,3.563029666,-58.00703365,436.785961756194,373.764108931056
4182111,2012-01-04 02:15:34,3.556582176,-58.01775475,436.0825368082,372.705304863232
4182111,2012-01-04 02:45:34,3.48861809,-58.04527282,431.316043605907,370.828974362707
4182111,2012-01-04 03:15:34,3.488307013,-58.04823843,431.206703455829,370.511845738684
4182111,2012-01-04 03:45:34,3.348375131,-58.02615497,423.819566926352,375.190451371621
4182111,2012-01-04 04:15:34,3.242346766,-58.01639078,418.001204955289,377.967310279251
4182111,2012-01-04 04:45:34,3.249457031,-58.01213299,418.540945307001,378.31552253942
4182111,2012-01-04 05:15:34,3.258791156,-58.00819304,419.199449139589,378.593204691317
4182111,2012-01-04 05:45:34,3.268163732,-58.00456513,419.850780705037,378.836241203781
4182111,2012-01-04 06:15:34,3.278513135,-58.00169307,420.535573149031,378.981209382021
4182111,2012-01-04 06:45:34,3.28844546,-57.99894264,421.192666063615,379.119588848988
4182111,2012-01-04 07:15:34,3.29821069,-57.99725666,421.807735135687,379.144846922735
4182111,2012-01-04 07:45:34,3.167273697,-58.04170712,412.902581098641,376.422704940517
4182111,2012-01-04 08:15:34,3.143084894,-58.03728713,411.641236009174,377.291530643502
4182111,2012-01-04 08:45:34,3.152068964,-58.03345735,412.275287970986,377.563924599078
4182111,2012-01-04 09:15:34,3.161024174,-58.02953493,412.910578722169,377.846765528789
4182111,2012-01-04 09:45:34,3.167819797,-58.02510578,413.436713107804,378.219311800842
4182111,2012-01-04 10:15:34,3.164273267,-58.01936733,413.405777487871,378.900336427345
4182111,2012-01-04 10:45:34,3.169443525,-58.01470228,413.84537273173,379.3246145426
4182111,2012-01-04 11:15:34,3.175212361,-58.00933634,414.3408153454,379.815458446239
4182111,2012-01-04 11:45:34,3.1796335,-58.00472909,414.735565840999,380.245421547629
4182111,2012-01-04 12:15:34,3.174477996,-57.99456869,414.745579884462,381.433268026541
4182111,2012-01-04 12:45:34,3.148067751,-58.09560315,410.164419213171,370.869767974837
4182111,2012-01-04 13:15:34,3.074750159,-58.1328005,404.821142786816,367.996392937906
4182111,2012-01-04 13:45:34,2.947971963,-58.24332525,394.21659342399,357.986697201364
4182111,2012-01-04 14:15:34,2.911994742,-58.28173398,391.004128562904,354.376022140116
4182111,2012-01-04 14:45:34,2.857772512,-58.38830151,384.717469681597,343.634881440576
4182111,2012-01-04 15:15:34,2.863170935,-58.38714049,385.060535268892,343.676550893889
4182111,2012-01-04 15:45:34,2.868846417,-58.38644993,385.405393868742,343.662665822251
4182111,2012-01-04 16:15:34,2.87010485,-58.38966882,385.38113605693,343.29276043659
4182111,2012-01-04 16:45:34,2.809942961,-58.43420272,380.61817884399,339.389582366523
4182111,2012-01-04 17:15:34,2.721885323,-58.47138674,374.491234827967,336.715121807306
4182111,2012-01-04 17:45:34,2.716669413,-58.47009306,374.2322206897,336.936883306961
4182111,2012-01-04 18:15:34,2.644938874,-58.46506456,370.290797436145,338.59548351631
4182111,2012-01-04 18:45:34,2.632339043,-58.45925865,369.743407767461,339.422174996807
4182111,2012-01-04 19:15:34,2.616520326,-58.44442404,369.27803348816,341.281261846422
4182111,2012-01-04 19:45:34,2.601980703,-58.42700083,368.960964831808,343.40234469612
4182111,2012-01-04 20:15:34,2.614872292,-58.41175354,370.146044255634,344.863043851386
4182111,2012-01-04 20:45:34,2.58466949,-58.43579198,367.714004582556,342.712379804338
4182111,2012-01-04 21:15:34,2.518188695,-58.52939363,361.175961416589,333.544433689191
4182111,2012-01-04 21:45:34,2.361206693,-58.57255856,350.981510662077,331.23884964226
4182111,2012-01-04 22:15:34,2.358028835,-58.57707625,350.669476468378,330.795058740655
4182111,2012-01-04 22:45:34,2.358742028,-58.57773252,350.690979357654,330.712763153915
4182111,2012-01-04 23:15:34,2.356868969,-58.58117173,350.484525854825,330.366622012003
4182111,2012-01-04 23:45:34,2.356411497,-58.58255562,350.418304493109,330.222844372562
4182111,2012-01-05 00:15:34,2.331025941,-58.59310377,348.668473694278,329.458813583181
4182111,2012-01-05 00:45:34,2.273277139,-58.610482,344.882111956258,328.438912916391
4182111,2012-01-05 01:15:34,2.270515298,-58.60183438,344.975132068508,329.422573132056
4182111,2012-01-05 01:45:34,2.264884436,-58.60512612,344.559855857584,329.148942611037
4182111,2012-01-05 02:15:34,2.254229069,-58.60600332,343.92875043155,329.214044861586
4182111,2012-01-05 02:45:34,2.257039212,-58.60816172,344.026157202028,328.936560062527
4182111,2012-01-05 03:15:34,2.260704961,-58.61079665,344.15840624283,328.594262583628
4182111,2012-01-05 03:45:34,2.262000063,-58.6140313,344.138548762606,328.222377206846
4182111,2012-01-05 04:15:34,2.262995978,-58.61756695,344.092972131936,327.822216859575
4182111,2012-01-05 04:45:34,2.260985731,-58.62102064,343.878927765788,327.476307843644
4182111,2012-01-05 05:15:34,2.262424735,-58.62505923,343.843978451156,327.014687815155
4182111,2012-01-05 05:45:34,2.253421881,-58.62612647,343.301630516891,327.034108862496
4182111,2012-01-05 06:15:34,2.217381534,-58.63238988,341.07330316322,326.894172855268
4182111,2012-01-05 06:45:34,2.207734571,-58.67088153,339.416083705523,322.845759700306
4182111,2012-01-05 07:15:34,2.214164556,-58.71880468,338.398947240849,317.528693861796
4182111,2012-01-05 07:45:34,2.223531341,-58.79025256,336.866986075472,309.605695077057
4182111,2012-01-05 08:15:34,2.210782621,-58.80476054,335.727443064695,308.216506831726
4182111,2012-01-05 08:45:34,2.257871063,-58.83487958,337.516803108036,304.230186304995
4182111,2012-01-05 09:15:34,2.322420832,-58.87912462,339.874910790586,298.442050924191
4182111,2012-01-05 09:45:34,2.333371315,-58.896498,339.986777672566,296.385651920048
4182111,2012-01-05 10:15:34,2.342185657,-58.91045854,340.076970165126,294.733022934625
4182111,2012-01-05 10:45:34,2.356173996,-58.9325015,340.222386126342,292.122603161226
4182111,2012-01-05 11:15:34,2.388494815,-58.9640892,341.118781468121,288.196870121998
4182111,2012-01-05 11:45:34,2.464265678,-59.02558807,343.573389496082,280.358950390337
4182111,2012-01-05 12:15:34,2.478891088,-59.03661883,344.069805200281,278.937247813524
4182111,2012-01-05 12:45:34,2.472491822,-59.03813887,343.666276070097,278.868740831394
4182111,2012-01-05 13:15:34,2.468662692,-59.04518931,343.244494356288,278.159524343444
4182111,2012-01-05 13:45:34,2.449856342,-59.05529668,341.893512439893,277.34409872857
4182111,2012-01-05 14:15:34,2.4202963,-59.05768166,340.166633500321,277.53089767583
4182111,2012-01-05 14:45:34,2.37561839,-59.03229483,338.403573902851,280.967122905527
4182111,2012-01-05 15:15:34,2.31695616,-58.98091918,336.606971043701,287.441610871345
4182111,2012-01-05 15:45:34,2.327048377,-58.95898317,337.81260761464,289.678058069387
4182111,2012-01-05 16:15:34,2.415915132,-58.99758549,341.680191141325,284.13725585577
4182111,2012-01-05 16:45:34,2.420919835,-58.99682155,341.983605413764,284.144815003614
4182111,2012-01-05 17:15:34,2.386748897,-58.95534964,341.275857108088,289.174492884186
4182111,2012-01-05 17:45:34,2.349476255,-58.87714628,341.457698529566,298.249844285348
4182111,2012-01-05 18:15:34,2.361571297,-58.85326419,342.835347683023,300.667426656735
4182111,2012-01-05 18:45:34,2.442408342,-58.91161673,345.686624189645,293.093063698177
4182111,2012-01-05 19:15:34,2.437376599,-58.88846747,346.081010493594,295.688873261699
4182111,2012-01-05 19:45:34,2.353872004,-58.77195108,344.767879663105,309.636840338527
4182111,2012-01-05 20:15:34,2.29539848,-58.75460283,341.963806518243,312.408274907862
4182111,2012-01-05 20:45:34,2.261590876,-58.77747169,339.388726983405,310.426426615585
4182111,2012-01-05 21:15:34,2.277078572,-58.78827166,339.951783846111,309.017382600117
4182111,2012-01-05 21:45:34,2.33733164,-58.78724713,343.387787813924,308.221138627761
4182111,2012-01-05 22:15:34,2.387164017,-58.77200173,346.649065060841,309.12770592004
4182111,2012-01-05 22:45:34,2.392767134,-58.76238,347.246494260047,310.090393789116
4182111,2012-01-05 23:15:34,2.436206785,-58.86814012,346.610010628388,297.919118765804
4182111,2012-01-05 23:45:34,2.511982527,-59.00475062,346.863556688139,281.902961759746
4182111,2012-01-06 00:15:34,2.514142021,-59.12447782,343.458811509388,268.844418535915
4182111,2012-01-06 00:45:34,2.376335556,-59.16702911,334.506348530055,266.292896983773
4182111,2012-01-06 01:15:34,2.263175051,-59.10508679,329.98138258987,274.729409674254
4182111,2012-01-06 01:45:34,2.196898523,-59.0855493,326.834644846039,277.844586845119
4182111,2012-01-06 02:15:34,2.18397437,-59.08476408,326.133029029845,278.122342060175
4182111,2012-01-06 02:45:34,2.119732699,-59.09237224,322.313315990557,278.247187187023
4182111,2012-01-06 03:15:34,1.918972102,-59.13768131,309.770390655174,276.265828649896
4182111,2012-01-06 03:45:34,1.676727099,-59.23263025,293.538049068264,269.430013261266
4182111,2012-01-06 04:15:34,1.564476712,-59.30705701,285.190627691064,262.922618720636
4182111,2012-01-06 04:45:34,1.65102646,-59.30632582,290.036459175668,261.764692481906
4182111,2012-01-06 05:15:34,1.688285769,-59.29483044,292.436484948187,262.482984333474
4182111,2012-01-06 05:45:34,1.689202713,-59.29658854,292.438208808787,262.278152753828
4182111,2012-01-06 06:15:34,1.690998226,-59.29816238,292.494089277558,262.080778789382
4182111,2012-01-06 06:45:34,1.695447755,-59.29983627,292.695112259848,261.834340042135
4182111,2012-01-06 07:15:34,1.6830637,-59.27587284,292.677788346862,264.624668513209
4182111,2012-01-06 07:45:34,1.677592726,-59.2416847,293.332281219524,268.430437238471
4182111,2012-01-06 08:15:34,1.748526224,-59.26442517,296.652679474393,264.929551779295
4182111,2012-01-06 08:45:34,1.866623684,-59.2578814,303.42775377164,263.931723682366
4182111,2012-01-06 09:15:34,1.95792374,-59.15017639,311.594991448496,274.334277512158
4182111,2012-01-06 09:45:34,2.043743438,-59.04019671,319.548984246005,285.053926995994
4182111,2012-01-06 10:15:34,2.192180629,-58.96998863,329.908809361048,290.498997817391
4182111,2012-01-06 10:45:34,2.321105767,-58.88920411,339.507747452,297.364410485628
4182111,2012-01-06 11:15:34,2.462339842,-58.8455259,348.745942304696,299.984047285486
4182111,2012-01-06 11:45:34,2.515434461,-58.91235734,349.775842030353,291.903824619234
4182111,2012-01-06 12:15:34,2.489735693,-59.03981153,344.584108425849,278.425581568778
4182111,2012-01-06 12:45:34,2.388411893,-59.14841177,335.725843322483,268.137468174624
4182111,2012-01-06 13:15:34,2.407703859,-59.13820786,337.103187426073,268.957695714873
4182111,2012-01-06 13:45:34,2.471559759,-59.08035034,342.374013202172,274.289864093953
4182111,2012-01-06 14:15:34,2.490812047,-58.96466054,346.853393024609,286.58652609582
4182111,2012-01-06 14:45:34,2.498167901,-58.85384198,350.522717528924,298.534330868561
4182111,2012-01-06 15:15:34,2.45535194,-58.77680195,350.364044014386,307.570620919731
4182111,2012-01-06 15:45:34,2.36085537,-58.75907243,345.537665501395,310.933541095156
4182111,2012-01-06 16:15:34,2.305364577,-58.80248523,341.138424554448,307.043828578094
4182111,2012-01-06 16:45:34,2.365504915,-58.89526895,341.833037050535,296.035141530137
4182111,2012-01-06 17:15:34,2.520932867,-58.8745059,351.198738645367,295.939041898232
4182111,2012-01-06 17:45:34,2.530140551,-58.90807031,350.729791674279,292.146477087497
4182111,2012-01-06 18:15:34,2.441636589,-58.9779158,343.701030058602,285.889177637749
4182111,2012-01-06 18:45:34,2.32547494,-59.03447454,335.52661396729,281.483608619136
4182111,2012-01-06 19:15:34,2.25122481,-59.04014616,331.195652054599,281.978114842854
4182111,2012-01-06 19:45:34,2.273223398,-58.99508015,333.73804734028,286.555720452831
4182111,2012-01-06 20:15:34,2.303794567,-59.02299317,334.644004073824,283.0587142513
4182111,2012-01-06 20:45:34,2.326252065,-59.0239808,335.875789474541,282.614259576801
4182111,2012-01-06 21:15:34,2.366806917,-58.98574809,339.267586742263,286.166231042632
4182111,2012-01-06 21:45:34,2.361002608,-58.97204021,339.341258222303,287.745778926971
4182111,2012-01-06 22:15:34,2.303710194,-59.05603013,333.678430637022,279.463503167593
4182111,2012-01-06 22:45:34,2.251727246,-59.18391801,327.052400086298,266.318452400021
4182111,2012-01-06 23:15:34,2.307301458,-59.24999774,328.231430577595,258.297127095337
4182111,2012-01-06 23:45:34,2.481160883,-59.22635224,338.616733313093,258.260622892643
4182111,2012-01-07 00:15:34,2.648437171,-59.16214377,349.849246982981,262.706261104949
4182111,2012-01-07 00:45:34,2.610002805,-59.23655939,345.496503773473,255.19942328527
4182111,2012-01-07 01:15:34,2.577763522,-59.32191402,341.172163683363,246.406963413988
4182111,2012-01-07 01:45:34,2.60376689,-59.46514586,338.36450481498,230.440442273343
4182111,2012-01-07 02:15:34,2.775808129,-59.70421747,340.699689067228,201.8530653782
4182111,2012-01-07 02:45:34,3.146401637,-59.75044954,359.610784476319,191.145991196771
4182111,2012-01-07 03:15:34,3.615621913,-59.70789089,386.623951064207,188.387716370508
4182111,2012-01-07 03:45:34,4.013834951,-59.7214332,407.97435958481,180.512514519486
4182111,2012-01-07 04:15:34,4.357213289,-59.80021063,424.146177353106,166.361851644949
4182111,2012-01-07 04:45:34,4.754261686,-59.83404019,444.620186082135,156.076742821483
4182111,2012-01-07 05:15:34,5.170123804,-59.85127261,466.606344366332,147.129578689191
4182111,2012-01-07 05:45:34,5.57629405,-59.87947456,487.627359636484,137.027422407185
4182111,2012-01-07 06:15:34,5.959493773,-59.93695266,506.294247132329,124.056127600679
4182111,2012-01-07 06:45:34,6.332464828,-59.99844842,524.159402218574,110.730189091666
4182111,2012-01-07 07:15:34,6.560494772,-60.11886441,531.988436496697,93.6564051269861
4182111,2012-01-07 07:45:34,6.690228268,-60.27594599,533.118220400824,74.4482535017078
4182111,2012-01-07 08:15:34,6.801809022,-60.43352596,533.187909511057,55.5286430096394
4182111,2012-01-07 08:45:34,7.027892715,-60.56714596,540.109263706423,37.0633690938648
4182111,2012-01-07 09:15:34,7.09635416,-60.73305769,537.437655175142,18.0676278237079
4182111,2012-01-07 09:45:34,7.065347724,-60.91936301,528.772648517347,-1.25707073220929
4182111,2012-01-07 10:15:34,7.100876667,-61.09235704,524.059804501877,-20.3794761417521
4182111,2012-01-07 10:45:34,7.168283617,-61.25916009,521.189931874257,-39.4152460087935
4182111,2012-01-07 11:15:34,7.376014571,-61.38420002,527.043890796115,-56.5702646651707
4182111,2012-01-07 11:45:34,7.612225567,-61.50090362,534.565978469657,-73.3769695923565
4182111,2012-01-07 12:15:34,7.773167956,-61.66045275,536.483907335019,-93.3469758429646
4182111,2012-01-07 12:45:34,8.01222641,-61.80729457,542.726549359339,-113.425523543736
4182111,2012-01-07 13:15:34,8.109756425,-61.98497879,540.528129525297,-134.113489933859
4182111,2012-01-07 13:45:34,8.230350715,-62.15507557,539.706135548427,-154.414831057519
4182111,2012-01-07 14:15:34,8.400900276,-62.32185121,541.395206385309,-175.291316200616
4182111,2012-01-07 14:45:34,8.595167007,-62.48175228,544.411426443189,-195.879023682915
4182111,2012-01-07 15:15:34,8.762051213,-62.65221008,545.536354429702,-217.0538638829
4182111,2012-01-07 15:45:34,8.870617007,-62.78894661,545.133681736221,-233.548495420075
4182111,2012-01-07 16:15:34,9.003692274,-62.93193997,545.586871457876,-251.158740114276
4182111,2012-01-07 16:45:34,9.151884779,-63.07373379,546.735588347073,-268.92037191746
4182111,2012-01-07 17:15:34,9.286224794,-63.19620312,547.960965323986,-284.374826871555
4182111,2012-01-07 17:45:34,9.367795623,-63.37418518,544.264692527214,-304.646053029431
4182111,2012-01-07 18:15:34,9.395288257,-63.57964045,536.80250025064,-326.754685199418
4182111,2012-01-07 18:45:34,9.426053026,-63.75379526,530.799287648474,-345.623942159063
4182111,2012-01-07 19:15:34,9.423045279,-63.79762109,528.785482648983,-350.1670927386
4182111,2012-01-07 19:45:34,9.415199247,-63.97350428,520.897831891582,-368.476111470447
4182111,2012-01-07 20:15:34,9.394204282,-64.1386909,512.862565525682,-385.411482321731
4182111,2012-01-07 20:45:34,9.365112205,-64.28782113,505.150688572397,-400.510228140997
4182111,2012-01-07 21:15:34,9.348610857,-64.39906318,499.639978369732,-411.869383320304
4182111,2012-01-07 21:45:34,9.330071554,-64.51004188,494.051633088564,-423.162703855091
4182111,2012-01-07 22:15:34,9.288097959,-64.64903597,486.215373243396,-436.962611967501
4182111,2012-01-07 22:45:34,9.241264709,-64.78942637,478.117338560094,-450.823798613034
4182111,2012-01-07 23:15:34,9.227631634,-64.8519308,474.839498920508,-457.127631191035
4182111,2012-01-07 23:45:34,9.210035742,-64.95241287,469.766093297347,-467.34028717308
4182111,2012-01-08 00:15:34,9.180302786,-65.0639723,463.686506707756,-478.495023747709
4182111,2012-01-08 00:45:34,9.144154043,-65.17546892,457.335315241272,-489.529795863877
4182111,2012-01-08 01:15:34,9.148386478,-65.2651448,453.696835518808,-499.001844179201
4182111,2012-01-08 01:45:34,9.140118294,-65.32332883,450.852010451267,-504.949894740362
4182111,2012-01-08 02:15:34,9.131650028,-65.33815877,449.848677727131,-506.352553460363
4182111,2012-01-08 02:45:34,9.13057083,-65.42643846,446.035277624909,-515.580906917525
4182111,2012-01-08 03:15:34,9.174090286,-65.51470312,444.158674539575,-525.596839663279
4182111,2012-01-08 03:45:34,9.257265596,-65.52741636,447.22562388879,-528.405950486694
4182111,2012-01-08 04:15:34,9.24986351,-65.52977764,446.803040013966,-528.521317380099
4182111,2012-01-08 04:45:34,9.245068137,-65.53331464,446.443184662865,-528.806155342642
4182111,2012-01-08 05:15:34,9.240086603,-65.53685725,446.075062535938,-529.088303608724
4182111,2012-01-08 05:45:34,9.234466109,-65.53717771,445.817450955718,-529.021905151419
4182111,2012-01-08 06:15:34,9.227897542,-65.53978326,445.420734227523,-529.177842506876
4182111,2012-01-08 06:45:34,9.222004751,-65.54293615,445.029922623953,-529.403122720598
4182111,2012-01-08 07:15:34,9.224238886,-65.54831233,444.896380835303,-530.005500454882
4182111,2012-01-08 07:45:34,9.32624096,-65.62604398,445.97226091636,-539.951568155178
4182111,2012-01-08 08:15:34,9.360718849,-65.72599363,443.150090577725,-551.015559255357
4182111,2012-01-08 08:45:34,9.366508069,-65.73426244,443.042262894233,-551.982791372418
4182111,2012-01-08 09:15:34,9.408297012,-65.79533754,442.198163473783,-559.108244822522
4182111,2012-01-08 09:45:34,9.470706899,-65.87320339,441.497348644574,-568.350958605512
4182111,2012-01-08 10:15:34,9.554600309,-65.88266703,444.670151980401,-570.830777723788
4182111,2012-01-08 10:45:34,9.79249106,-65.86943639,455.403403129728,-573.708147283912
4182111,2012-01-08 11:15:34,9.789340945,-65.86998972,455.244677362429,-573.709176474284
4182111,2012-01-08 11:45:34,9.792956073,-65.87246338,455.290209624767,-574.032080480208
4182111,2012-01-08 12:15:34,9.822009856,-65.96161257,452.605986977193,-583.846373741757
4182111,2012-01-08 12:45:34,9.900891607,-66.09399553,450.109168357712,-599.052427021965
4182111,2012-01-08 13:15:34,10.05351983,-66.09903631,456.330071629628,-602.321654758019
4182111,2012-01-08 13:45:34,10.20411562,-66.01830979,466.292312446569,-596.653641160448
4182111,2012-01-08 14:15:34,10.27982852,-65.99004335,470.761983058426,-595.095537043929
4182111,2012-01-08 14:45:34,10.36226754,-65.90872378,477.9081721981,-588.155704346852
4182111,2012-01-08 15:15:34,10.42411843,-65.78664276,486.034034616015,-576.612693251983
4182111,2012-01-08 15:45:34,10.44485814,-65.70808498,490.458988957338,-568.835526127955
4182111,2012-01-08 16:15:34,10.48526594,-65.63776523,495.360565115197,-562.28135614478
4182111,2012-01-08 16:45:34,10.58327159,-65.53408328,504.257699963701,-553.344525798872
4182111,2012-01-08 17:15:34,10.68199993,-65.43162931,513.160907344817,-544.56571324724
4182111,2012-01-08 17:45:34,10.78019081,-65.31638048,522.654040366895,-534.465786759568
4182111,2012-01-08 18:15:34,10.89326188,-65.21547271,532.173727726386,-526.156932414802
4182111,2012-01-08 18:45:34,11.04509651,-65.15245993,541.678966612743,-522.547572936765
4182111,2012-01-08 19:15:34,11.21217376,-65.11359997,550.759430190394,-521.764883093688
4182111,2012-01-08 19:45:34,11.41475514,-65.05215778,562.457188233756,-519.372057575309
4182111,2012-01-08 20:15:34,11.67019621,-64.97857153,577.06975205115,-516.82095404443
4182111,2012-01-08 20:45:34,11.89459426,-64.95022893,588.224330869806,-518.384118688931
4182111,2012-01-08 21:15:34,12.01768932,-65.00255423,591.113779510155,-526.258188451164
4182111,2012-01-08 21:45:34,12.05499257,-65.09362678,588.394554625258,-536.395433960492
4182111,2012-01-08 22:15:34,11.97200593,-65.21964776,578.789530842049,-547.716949286468
4182111,2012-01-08 22:45:34,11.85519465,-65.33277548,568.370819183021,-557.052833412926
4182111,2012-01-08 23:15:34,11.76417081,-65.41665206,560.481825487654,-563.903017982593
4182111,2012-01-08 23:45:34,11.77187291,-65.48584637,557.538026113752,-571.190083945165
4182111,2012-01-09 00:15:34,11.76218961,-65.53835724,554.638256588349,-576.414088354963
4182111,2012-01-09 00:45:34,11.83631832,-65.54726276,557.383282158802,-578.788330143928
4182111,2012-01-09 01:15:34,12.01579611,-65.51921641,566.383709677196,-579.443249525372
4182111,2012-01-09 01:45:34,11.98577791,-65.57865778,562.264730220272,-584.968346390675
4182111,2012-01-09 02:15:34,11.92360059,-65.61808586,557.73685978134,-587.801602352137
4182111,2012-01-09 02:45:34,11.82045018,-65.67098953,550.834712728039,-591.225747110056
4182111,2012-01-09 03:15:34,11.75698188,-65.73163016,545.265118032022,-596.234406639559
4182111,2012-01-09 03:45:34,11.73047767,-65.74676238,543.425002935995,-597.277713662048
4182111,2012-01-09 04:15:34,11.75067771,-65.68125397,547.383199594406,-590.919552005636
4182111,2012-01-09 04:45:34,11.52483268,-65.68259818,537.716072133396,-586.668308657049
4182111,2012-01-09 05:15:34,11.36046207,-65.69883357,529.960490012477,-585.174093847793
4182111,2012-01-09 05:45:34,11.30405407,-65.70596766,527.226697670284,-584.828089287716
4182111,2012-01-09 06:15:34,11.31018248,-65.69885605,527.818818324192,-584.21066044545
4182111,2012-01-09 06:45:34,11.32238484,-65.69289996,528.615923229125,-583.829343166925
4182111,2012-01-09 07:15:34,11.33546913,-65.69225081,529.20340070875,-584.013570742802
4182111,2012-01-09 07:45:34,11.32916391,-65.68447833,529.297133415176,-583.089225119615
4182111,2012-01-09 08:15:34,11.34339039,-65.68630766,529.817869012913,-583.551655714073
4182111,2012-01-09 08:45:34,11.35155657,-65.72499918,528.360709235275,-587.706375537096
4182111,2012-01-09 09:15:34,11.32236469,-65.79205721,523.993496025198,-594.075095959643
4182111,2012-01-09 09:45:34,11.31264671,-65.80447755,523.002451812004,-595.172460659054
4182111,2012-01-09 10:15:34,11.30754098,-65.80874224,522.587264649429,-595.515479818988
4182111,2012-01-09 10:45:34,11.29977149,-65.81629557,521.906038147896,-596.147445730478
4182111,2012-01-09 11:15:34,11.30285856,-65.81792241,521.961059965626,-596.374526374162
4182111,2012-01-09 11:45:34,11.56777044,-65.77948565,534.985663739443,-597.496601203043
4182111,2012-01-09 12:15:34,11.8110142,-65.7271656,547.767834748303,-596.82869780368
4182111,2012-01-09 12:45:34,11.90031243,-65.6586203,554.816324897392,-591.517770706763
4182111,2012-01-09 13:15:34,11.85257568,-65.66810501,552.336783087889,-591.557916098368
4182111,2012-01-09 13:45:34,11.6931922,-65.72987667,542.642475626307,-594.811745246076
4182111,2012-01-09 14:15:34,11.63874543,-65.75408856,539.190262383012,-596.250936321591
4182111,2012-01-09 14:45:34,11.77562861,-65.7835984,543.592037731681,-601.952494744064
4182111,2012-01-09 15:15:34,11.82615101,-65.79558537,545.159756657229,-604.171700350017
4182111,2012-01-09 15:45:34,11.81825752,-65.79464008,544.870957824784,-603.920442670454
4182111,2012-01-09 16:15:34,11.81045028,-65.79373747,544.583736114793,-603.675296926597
4182111,2012-01-09 16:45:34,11.80278962,-65.79363558,544.264664898474,-603.515521324356
4182111,2012-01-09 17:15:34,11.79513906,-65.79460024,543.895392489665,-603.465850820317
4182111,2012-01-09 17:45:34,11.78699652,-65.79488803,543.537436370825,-603.336923471893
4182111,2012-01-09 18:15:34,11.78015135,-65.7950343,543.241043797449,-603.218722154179
4182111,2012-01-09 18:45:34,11.7747549,-65.7946471,543.031200962294,-603.073790503274
4182111,2012-01-09 19:15:34,11.78860958,-65.81978211,542.424579231701,-605.932731785207
4182111,2012-01-09 19:45:34,11.9192758,-65.81889873,547.983869865951,-608.390269631491
4182111,2012-01-09 20:15:34,12.04439676,-65.80717395,553.824314837965,-609.636368888199
4182111,2012-01-09 20:45:34,12.02150315,-65.79616682,553.384975428133,-608.05452300355
4182111,2012-01-09 21:15:34,12.00872588,-65.79758034,552.777898376665,-607.949047027282
4182111,2012-01-09 21:45:34,11.9426077,-65.82959339,548.458243119648,-609.947180870279
4182111,2012-01-09 22:15:34,11.86886832,-65.86613709,543.607734352986,-612.268851682134
4182111,2012-01-09 22:45:34,11.84322715,-65.89200021,541.297198526268,-614.43229410518
4182111,2012-01-09 23:15:34,11.85294971,-65.91843115,540.448895889793,-617.342313251592
4182111,2012-01-09 23:45:34,11.7708529,-65.99187182,533.511096583675,-623.312189146832
4182111,2012-01-10 00:15:34,11.60886635,-66.0628469,523.364522353078,-627.505796030985
4182111,2012-01-10 00:45:34,11.42797154,-66.15840365,511.307351032498,-633.908445738533
4182111,2012-01-10 01:15:34,11.25000972,-66.27446639,498.466365107659,-642.526784074643
4182111,2012-01-10 01:45:34,11.07750862,-66.41546276,484.757243549509,-653.868554586806
4182111,2012-01-10 02:15:34,10.89833396,-66.55686852,470.827483105369,-665.177680636022
4182111,2012-01-10 02:45:34,10.71791513,-66.70422046,456.650644782616,-677.129806081303
4182111,2012-01-10 03:15:34,10.53359454,-66.85173365,442.387597334833,-689.080367566364
4182111,2012-01-10 03:45:34,10.38833748,-67.00404213,429.572981964796,-702.272136158717
4182111,2012-01-10 04:15:34,10.26199172,-67.17608182,416.697924737759,-717.877842526671
4182111,2012-01-10 04:45:34,10.02136061,-67.34801815,399.322729620402,-731.530707340168
4182111,2012-01-10 05:15:34,9.881133052,-67.46199786,388.641841978592,-740.95752240266
4182111,2012-01-10 05:45:34,9.712200601,-67.60319544,375.667344546576,-752.758513060642
4182111,2012-01-10 06:15:34,9.481185316,-67.74913182,360.109983837296,-764.064298878609
4182111,2012-01-10 06:45:34,9.369444725,-67.85251503,351.189537822396,-772.972398095919
4182111,2012-01-10 07:15:34,9.213135794,-68.04123699,336.855380275974,-790.060801322769
4182111,2012-01-10 07:45:34,8.903697911,-68.21599579,317.285751038719,-803.290772537601
4182111,2012-01-10 08:15:34,8.828686256,-68.29685599,310.918510572481,-810.532615608311
4182111,2012-01-10 08:45:34,8.709701061,-68.34367345,304.328009548858,-813.539151487325
4182111,2012-01-10 09:15:34,8.443366824,-68.49995959,287.463054547093,-825.707526546696
4182111,2012-01-10 09:45:34,8.177694103,-68.64365242,271.275238582502,-836.660185842351
4182111,2012-01-10 10:15:34,8.072012807,-68.84187893,259.003993661184,-855.809982005128
4182111,2012-01-10 10:45:34,7.894654394,-69.0296183,244.542074773672,-872.824839388733
4182111,2012-01-10 11:15:34,7.862982393,-69.1867929,236.867303362439,-888.821669678281
4182111,2012-01-10 11:45:34,7.795236674,-69.39057914,225.950463605938,-909.178436722739
4182111,2012-01-10 12:15:34,7.634036115,-69.58455248,212.058117202517,-927.18062076058
4182111,2012-01-10 12:45:34,7.530248109,-69.74397076,201.756671564571,-942.416810965337
4182111,2012-01-10 13:15:34,7.515121899,-69.77934567,199.764464292972,-945.912243737899
4182111,2012-01-10 13:45:34,7.56731192,-69.81864224,200.050578423758,-950.768348639403
4182111,2012-01-10 14:15:34,7.559859878,-69.82076669,199.694057762354,-950.885848824289
4182111,2012-01-10 14:45:34,7.553785676,-69.81318064,199.784225594008,-950.004960368221
4182111,2012-01-10 15:15:34,7.547390292,-69.81141088,199.624991625779,-949.729204799588
4182111,2012-01-10 15:45:34,7.54327509,-69.81018863,199.52591326153,-949.543021302883
4182111,2012-01-10 16:15:34,7.486160114,-69.81896563,197.099910010762,-949.658688760432
4182111,2012-01-10 16:45:34,7.320877409,-69.87488899,188.850690229313,-953.21166272151
4182111,2012-01-10 17:15:34,7.277328253,-70.00752574,181.918891914681,-966.528133361874
4182127,2012-01-06 23:24:36,3.569302816,-69.97201201,48.6285140837981,-915.663643089239
4182127,2012-01-06 23:54:36,3.530373854,-69.99131112,46.5505454956478,-917.278607606918
4182127,2012-01-07 00:24:36,3.604190763,-69.96051993,50.2964754441136,-914.838519960672
4182127,2012-01-07 00:54:36,3.886628113,-69.86842002,63.8119740891557,-908.300305187298
4182127,2012-01-07 01:24:36,4.17669523,-69.7840994,77.4163041770769,-902.75845227957
4182127,2012-01-07 01:54:36,4.33043123,-69.64185444,88.0780553900304,-889.449361143702
4182127,2012-01-07 02:24:36,4.420419547,-69.52166564,95.6518666820903,-877.738353367395
4182127,2012-01-07 02:54:36,4.459115428,-69.50829371,97.5679421843056,-876.790574862401
4182127,2012-01-07 03:24:36,4.480681051,-69.48397369,99.2321212843717,-874.465193209715
4182127,2012-01-07 03:54:36,4.470530463,-69.48365949,98.8637194504402,-874.30601045657
4182127,2012-01-07 04:24:36,4.487865147,-69.45522391,100.516195651642,-871.489990369059
4182127,2012-01-07 04:54:36,4.437767516,-69.36616441,101.77732470016,-861.374253382812
4182127,2012-01-07 05:24:36,4.434062709,-69.36807941,101.570588487889,-861.532428441113
4182127,2012-01-07 05:54:36,4.431183312,-69.37005083,101.392922401716,-861.706880247342
4182127,2012-01-07 06:24:36,4.429395654,-69.3715028,101.274602307022,-861.83950587859
4182127,2012-01-07 06:54:36,4.427435963,-69.37262412,101.16146059011,-861.934745641199
4182127,2012-01-07 07:24:36,4.379630175,-69.30154285,101.859212594768,-853.761161191727
4182127,2012-01-07 07:54:36,4.24602001,-69.12135492,103.094264421052,-832.875361086265
4182127,2012-01-07 08:24:36,4.250600818,-68.96812616,108.603553276871,-816.574325791519
4182127,2012-01-07 08:54:36,4.352160545,-68.90650744,114.652671709245,-811.271402593777
4182127,2012-01-07 09:24:36,4.470476944,-68.77058273,123.980107337075,-798.267126401661
4182127,2012-01-07 09:54:36,4.551575843,-68.61769101,132.51002357695,-782.996873675361
4182127,2012-01-07 10:24:36,4.574578415,-68.45181465,139.260011728682,-765.601064987511
4182127,2012-01-07 10:54:36,4.591005644,-68.40767939,141.462316570377,-761.106574278571
4182127,2012-01-07 11:24:36,4.587463188,-68.37978337,142.307606537709,-758.08484400999
4182127,2012-01-07 11:54:36,4.683114723,-68.22698041,151.485485987307,-743.038601877682
4182127,2012-01-07 12:24:36,4.734642779,-68.16221433,155.825513886115,-736.811686515092
4182127,2012-01-07 12:54:36,4.823582463,-68.07811683,162.35434237039,-729.026259110583
4182127,2012-01-07 13:24:36,4.860828404,-68.04377711,165.064154389727,-725.863027405188
4182127,2012-01-07 13:54:36,4.896921304,-67.9507038,169.83220023891,-716.427079772791
4182127,2012-01-07 14:24:36,4.972381501,-67.84929514,176.491792477375,-706.638225298015
4182127,2012-01-07 14:54:36,4.993596938,-67.82053014,178.377576047709,-703.860843211453
4182127,2012-01-07 15:24:36,5.035604889,-67.76781931,181.964519411165,-698.81611222355
4182127,2012-01-07 15:54:36,5.082363396,-67.69665447,186.415436093045,-691.873717899118
4182127,2012-01-07 16:24:36,5.125405235,-67.65551626,189.642081510487,-688.082276191224
4182127,2012-01-07 16:54:36,5.136686765,-67.65519051,190.111061632419,-688.202601296236
4182127,2012-01-07 17:24:36,5.131904721,-67.65980505,189.750625615163,-688.628322944672
4182127,2012-01-07 17:54:36,5.211454383,-67.59515838,195.316493119119,-682.84095210668
4182127,2012-01-07 18:24:36,5.236412832,-67.49622875,199.918640208665,-672.653987939217
4182127,2012-01-07 18:54:36,5.262472528,-67.43532331,203.192538531365,-666.53223251943
4182127,2012-01-07 19:24:36,5.280666313,-67.32850468,207.815765517064,-655.413677257556
4182127,2012-01-07 19:54:36,5.272897954,-67.27283693,209.51653730427,-649.377395877627
4182127,2012-01-07 20:24:36,5.26365294,-67.24899816,210.000207647659,-646.70911824834
4182127,2012-01-07 20:54:36,5.258277173,-67.20217657,211.475540215672,-641.647258562069
4182127,2012-01-07 21:24:36,5.259817201,-67.20463225,211.450161152166,-641.930437275781
4182127,2012-01-07 21:54:36,5.273594633,-67.20635535,211.956722127251,-642.307650510594
4182127,2012-01-07 22:24:36,5.271496945,-67.20848322,211.792928059637,-642.504755854318
4182127,2012-01-07 22:54:36,5.27127665,-67.21024303,211.720015761263,-642.689067565711
4182127,2012-01-07 23:24:36,5.268962571,-67.2107769,211.605104332609,-642.71338663076
4182127,2012-01-07 23:54:36,5.260678924,-67.19080252,211.986959868858,-640.469667187023
4182127,2012-01-08 00:24:36,5.207644066,-67.05172939,214.819599713805,-624.90808519348
4182127,2012-01-08 00:54:36,5.201656728,-66.97310066,217.40881581661,-616.445162724196
4182127,2012-01-08 01:24:36,5.198002899,-66.90754185,219.621334111054,-609.4068811326
4182127,2012-01-08 01:54:36,5.18629351,-66.73223845,225.447039450939,-590.554716529646
4182127,2012-01-08 02:24:36,5.200909137,-66.56861627,231.956181767096,-573.318669738308
4182127,2012-01-08 02:54:36,5.206154121,-66.45531134,236.257172833098,-561.311988059297
4182127,2012-01-08 03:24:36,5.250781251,-66.31384537,243.259286610436,-546.870474888627
4182127,2012-01-08 03:54:36,5.27022048,-66.16258804,249.545318578982,-531.021909582196
4182127,2012-01-08 04:24:36,5.249469294,-66.05035065,252.688223479063,-518.746942050416
4182127,2012-01-08 04:54:36,5.277311429,-65.97320578,256.67307365814,-510.924867132198
4182127,2012-01-08 05:24:36,5.287804993,-65.97664457,257.005510318396,-511.44572146845
4182127,2012-01-08 05:54:36,5.288865025,-65.97809771,256.999252850448,-511.616294506516
4182127,2012-01-08 06:24:36,5.314144484,-65.92428492,260.038665439498,-506.247679426597
4182127,2012-01-08 06:54:36,5.332706913,-65.85940404,263.188135327634,-499.600571470546
4182127,2012-01-08 07:24:36,5.335298797,-65.84460197,263.83531556092,-498.059909097851
4182127,2012-01-08 07:54:36,5.338408145,-65.84593579,263.92307283992,-498.248141877239
4182127,2012-01-08 08:24:36,5.234213446,-65.82533621,260.108293202507,-494.513674697411
4182127,2012-01-08 08:54:36,5.197672488,-65.80704664,259.164511071573,-492.024217962041
4182127,2012-01-08 09:24:36,5.132726045,-65.68547237,260.65906698543,-478.089064365005
4182127,2012-01-08 09:54:36,5.10572749,-65.66854309,260.073631368991,-475.884081477133
4182127,2012-01-08 10:24:36,5.017703021,-65.63629615,257.33847362639,-471.14766033833
4182127,2012-01-08 10:54:36,5.011745658,-65.63800116,257.015115254733,-471.242613217867
4182127,2012-01-08 11:24:36,5.008317231,-65.64087655,256.761893191611,-471.499683468244
4182127,2012-01-08 11:54:36,5.025136007,-65.56378996,260.238175632412,-463.508708968498
4182127,2012-01-08 12:24:36,5.046807243,-65.39604112,267.148827102247,-445.900502118381
4182127,2012-01-08 12:54:36,5.049901302,-65.32107835,269.944579266592,-437.933965733714
4182127,2012-01-08 13:24:36,5.034011124,-65.13600954,275.785628825921,-417.912704714016
4182127,2012-01-08 13:54:36,4.943875787,-64.94046085,278.609890445634,-395.653146436721
4182127,2012-01-08 14:24:36,4.865932519,-64.78832459,280.399865653328,-378.207456373414
4182127,2012-01-08 14:54:36,4.752722674,-64.5689899,282.856516212908,-353.026288591378
4182127,2012-01-08 15:24:36,4.54283215,-64.4103601,278.633587253868,-332.894708053776
4182127,2012-01-08 15:54:36,4.184447591,-64.35678707,263.802970488308,-321.866649254924
4182127,2012-01-08 16:24:36,3.83036691,-64.22913272,251.529658329924,-303.011245143726
4182127,2012-01-08 16:54:36,3.584854118,-64.05541353,245.686512018236,-280.7922368952
4182127,2012-01-08 17:24:36,3.156024893,-63.92122336,229.702067428671,-260.265419013316
4182127,2012-01-08 17:54:36,2.888395686,-63.88391181,218.151850341271,-252.518380156843
4182127,2012-01-08 18:24:36,2.466745061,-63.82090943,199.986558151942,-239.952912371015
4182127,2012-01-08 18:54:36,2.2751097,-63.61561545,197.022781396171,-215.152602484798
4182127,2012-01-08 19:24:36,1.888498573,-63.48519479,182.225658220583,-195.878423622217
4182127,2012-01-08 19:54:36,1.735102243,-63.46102718,175.492934719418,-191.245167409266
4182127,2012-01-08 20:24:36,1.412523494,-63.42336534,160.903043775652,-182.982692360565
4182127,2012-01-08 20:54:36,1.354399028,-63.41855467,158.211513782327,-181.716273613923
4182127,2012-01-08 21:24:36,1.005169485,-63.38587283,142.113625798288,-173.748029795358
4182127,2012-01-08 21:54:36,0.890147143,-63.37211475,136.881639160689,-170.817073790289
4182127,2012-01-08 22:24:36,0.770426451,-63.26713029,133.918139824595,-157.90740401886
4182127,2012-01-08 22:54:36,0.469212813,-63.22657605,120.233881171436,-149.799148624849
4182127,2012-01-08 23:24:36,0.516648939,-63.12111888,125.411768605283,-138.886780344833
4182127,2012-01-08 23:54:36,0.512145761,-63.12040969,125.208772931256,-138.754510664348
4182127,2012-01-09 00:24:36,0.514136167,-63.12266731,125.246050068953,-139.024794893517
4182127,2012-01-09 00:54:36,0.515694735,-63.12248426,125.327862992378,-139.023886807398
4182127,2012-01-09 01:24:36,0.475090401,-63.10522806,123.789308516905,-136.648232044264
4182127,2012-01-09 01:54:36,0.408269061,-63.05181397,121.921305160771,-130.013900121586
4182127,2012-01-09 02:24:36,0.16299396,-63.00913369,110.9093459374,-122.401806958611
4182127,2012-01-09 02:54:36,-0.171357428,-62.96134878,95.5572337060189,-113.226264146239
4182127,2012-01-09 03:24:36,-0.423736224,-62.86205262,85.5205927971051,-99.4438370414409
4182127,2012-01-09 03:54:36,-0.688290801,-62.7780178,74.3970145614107,-87.2266759442482
4182127,2012-01-09 04:24:36,-0.792678161,-62.74165209,70.0625647613115,-82.0667938787155
4182127,2012-01-09 04:54:36,-0.932111277,-62.68309616,64.4928240778895,-74.0922972407852
4182127,2012-01-09 05:24:36,-1.196985092,-62.55404741,54.2504891508825,-57.0219948664899
4182127,2012-01-09 05:54:36,-1.412087141,-62.43170803,46.2480967843251,-41.2636448760441
4182127,2012-01-09 06:24:36,-1.66501903,-62.32239213,35.9152006063027,-26.5494784049024
4182127,2012-01-09 06:54:36,-1.900863037,-62.19818207,26.6879906948752,-10.4171220016533
4182127,2012-01-09 07:24:36,-2.176707171,-62.07932763,15.1711875108765,5.51333372359568
4182127,2012-01-09 07:54:36,-2.446932142,-61.95828128,3.86723116911935,21.5832161308972
4182127,2012-01-09 08:24:36,-2.707193127,-61.83222339,-6.93726681458588,38.0621920365493
4182127,2012-01-09 08:54:36,-2.992618257,-61.71554593,-19.3732930814285,53.7167284136922
4182127,2012-01-09 09:24:36,-3.292285202,-61.60351127,-32.7757573199224,68.9457913731258
4182127,2012-01-09 09:54:36,-3.451347699,-61.519001,-39.4461100730894,79.7640551205141
4182127,2012-01-09 10:24:36,-3.627905829,-61.4060751,-46.5368347964727,93.8619815946267
4182127,2012-01-09 10:54:36,-3.700417952,-61.35675325,-49.4135489507087,99.971579157499
4182127,2012-01-09 11:24:36,-3.720956486,-61.12022646,-45.9424913821852,126.230521322424
4182127,2012-01-09 11:54:36,-3.704781311,-61.06281627,-43.9737329783277,132.407404886987
4182127,2012-01-09 12:24:36,-3.671847174,-60.9555276,-40.1425933921814,143.924212004083
4182127,2012-01-09 12:54:36,-3.695769423,-60.70629055,-36.6293531946662,171.621355071985
4182127,2012-01-09 13:24:36,-3.800791363,-60.47845195,-37.9704752674804,197.727418395208
4182127,2012-01-09 13:54:36,-3.848042842,-60.23481282,-35.9385548532821,225.038217473326
4182127,2012-01-09 14:24:36,-3.952155155,-60.02009456,-37.6386158019732,249.696640499076
4182127,2012-01-09 14:54:36,-4.093090164,-59.90950503,-43.3859024266947,263.207444071283
4182127,2012-01-09 15:24:36,-4.14616776,-59.86901878,-45.5864462742588,268.164704641723
4182127,2012-01-09 15:54:36,-4.191989116,-59.80957029,-47.0462540441736,275.146795687179
4182127,2012-01-09 16:24:36,-4.207451802,-59.8161541,-48.0256931384729,274.561872337899
4182127,2012-01-09 16:54:36,-4.21047303,-59.81720811,-48.2128018232547,274.473206926462
4182127,2012-01-09 17:24:36,-4.211878639,-59.81898542,-48.3232469571976,274.289907657551
4182127,2012-01-09 17:54:36,-4.212103138,-59.8202909,-48.3594595150334,274.147871346861
4182127,2012-01-09 18:24:36,-4.211162729,-59.82180501,-48.3347203034341,273.972142594404
4182127,2012-01-09 18:54:36,-4.296929695,-59.69837166,-50.8768544341933,288.380400101798
4182127,2012-01-09 19:24:36,-4.515584962,-59.52573664,-60.0355278863294,309.41637061081
4182127,2012-01-09 19:54:36,-4.798746319,-59.36933017,-73.2484773816918,329.197955329823
4182127,2012-01-09 20:24:36,-4.942598324,-59.17427246,-78.075325910452,352.003997641436
4182127,2012-01-09 20:54:36,-5.05999555,-59.0610016,-82.8534437479216,365.534590931822
4182127,2012-01-09 21:24:36,-5.262879085,-58.86243865,-91.1784311771717,389.211764277763
4182127,2012-01-09 21:54:36,-5.320291167,-58.70837428,-91.9819042298464,406.733273168104
4182127,2012-01-09 22:24:36,-5.287923198,-58.66448197,-89.4092785329583,411.315790532414
4182127,2012-01-09 22:54:36,-5.290595356,-58.62660897,-88.9511961234036,415.527123877572
4182127,2012-01-09 23:24:36,-5.29501744,-58.62641639,-89.2031804424685,415.585681387476
4182127,2012-01-09 23:54:36,-5.299225295,-58.62856084,-89.4805383512905,415.383933838798
4182127,2012-01-10 00:24:36,-5.279544089,-58.61471489,-88.12130525866,416.749435916888
4182127,2012-01-10 00:54:36,-5.303211384,-58.64772514,-90.0197543618594,413.297836936965
4182127,2012-01-10 01:24:36,-5.30777276,-58.64311241,-90.2083147340777,413.846391780284
4182127,2012-01-10 01:54:36,-5.324552674,-58.61709288,-90.7569058004731,416.86534295926
4182127,2012-01-10 02:24:36,-5.336861077,-58.59129047,-91.0523555002173,419.822670795205
4182127,2012-01-10 02:54:36,-5.320801862,-58.57002045,-89.7825242582319,422.040432645214
4182127,2012-01-10 03:24:36,-5.316427709,-58.55392175,-89.2705236615407,423.784293708562
4182127,2012-01-10 03:54:36,-5.32100581,-58.55961702,-89.6268506592776,423.192862762869
4182127,2012-01-10 04:24:36,-5.327204069,-58.56151208,-90.015599688674,423.035366624599
4182127,2012-01-10 04:54:36,-5.332862438,-58.56280976,-90.3635062088922,422.939375256218
4182127,2012-01-10 05:24:36,-5.33827341,-58.56278111,-90.6757821600011,422.98798463711
4182127,2012-01-10 05:54:36,-5.348937175,-58.56229687,-91.2843481300886,423.131025621835
4182127,2012-01-10 06:24:36,-5.533669491,-58.61157278,-102.738798211451,419.213389358461
4182127,2012-01-10 06:54:36,-5.536734876,-58.60782775,-102.8568078308,419.652927181638
4182127,2012-01-10 07:24:36,-5.539634134,-58.60385536,-102.96168806163,420.116251629311
4182127,2012-01-10 07:54:36,-5.543266443,-58.60002615,-103.111196874167,420.569750093626
4182127,2012-01-10 08:24:36,-5.547901254,-58.5958399,-103.313044388153,421.070973762444
4182127,2012-01-10 08:54:36,-5.551759887,-58.59122943,-103.463458382415,421.612754235764
4182127,2012-01-10 09:24:36,-5.382048583,-58.57551653,-93.4096346053418,421.945887843951
4182127,2012-01-10 09:54:36,-5.226757326,-58.55185875,-84.0534727493232,423.254278390509
4182127,2012-01-10 10:24:36,-5.136842652,-58.53075668,-78.5100867823585,424.820448236977
4182127,2012-01-10 10:54:36,-5.122896127,-58.51805218,-77.4948875255429,426.1056107297
4182127,2012-01-10 11:24:36,-5.143501145,-58.53200007,-78.915553639089,424.740038283801
4182127,2012-01-10 11:54:36,-5.115391123,-58.53488182,-77.3372701551637,424.180115658509
4182127,2012-01-10 12:24:36,-5.117367968,-58.53678286,-77.4828207843461,423.986890100766
4182127,2012-01-10 12:54:36,-5.106198922,-58.53361548,-76.7848974289004,424.241102549762
4182127,2012-01-10 13:24:36,-5.117112826,-58.53659555,-77.4649898029013,424.005410176457
4182127,2012-01-10 13:54:36,-5.074770428,-58.49369699,-74.3088823075436,428.384184331534
4182127,2012-01-10 14:24:36,-4.939600318,-58.47389349,-66.1533635326471,429.398082909318
4182127,2012-01-10 14:54:36,-4.903628503,-58.46285602,-63.8849927849253,430.302626801503
4182127,2012-01-10 15:24:36,-4.923435159,-58.48648391,-65.428053586782,427.864522283239
4182127,2012-01-10 15:54:36,-4.936881148,-58.48599259,-66.1982401314876,428.036685681486
4182127,2012-01-10 16:24:36,-4.948587641,-58.49253882,-66.9853297048203,427.415450572123
4182127,2012-01-10 16:54:36,-4.955702577,-58.49190035,-67.3865033719778,427.548251149369
4182127,2012-01-10 17:24:36,-4.987182444,-58.50500042,-69.4267652912281,426.374656220453
4182127,2012-01-10 17:54:36,-4.98528955,-58.52216461,-69.6030061321405,424.460518407084
4182127,2012-01-10 18:24:36,-4.981421272,-58.53199861,-69.5430971578044,423.339596101287
4182127,2012-01-10 18:54:36,-4.991591227,-58.52971443,-70.0931083328633,423.680691350945
4182127,2012-01-10 19:24:36,-5.068179868,-58.55388595,-74.9212167274995,421.672079128809
4182127,2012-01-10 19:54:36,-5.100434269,-58.58912657,-77.365531905469,418.053356572184
4182127,2012-01-10 20:24:36,-5.17757656,-58.62015525,-82.3265811696981,415.282793300762
4182127,2012-01-10 20:54:36,-5.092934884,-58.61110719,-77.2948982314279,415.558391025392
4182127,2012-01-10 21:24:36,-4.877951026,-58.47602575,-62.619094573304,428.620774287951
4182127,2012-01-10 21:54:36,-4.826619486,-58.44542384,-59.1295448790133,431.549873383162
4182127,2012-01-10 22:24:36,-4.991833805,-58.47004068,-69.1143994339664,430.280330246878
4182127,2012-01-10 22:54:36,-5.102444647,-58.48277966,-75.7314249853414,429.83007710866
4182127,2012-01-10 23:24:36,-5.11351175,-58.48205412,-76.3604236907001,430.005587441322
4182127,2012-01-10 23:54:36,-5.300603332,-58.46570807,-86.9336003735375,433.408129653171
4182127,2012-01-11 00:24:36,-5.390209245,-58.48246353,-92.394654452946,432.30765008063
4182127,2012-01-11 00:54:36,-5.288687807,-58.49996633,-86.7958446439841,429.518263252182
4182127,2012-01-11 01:24:36,-5.256700821,-58.48984598,-84.7800312857762,430.36690085591
4182127,2012-01-11 01:54:36,-5.258930809,-58.49013528,-84.9138584627697,430.353807389525
4182127,2012-01-11 02:24:36,-5.289155009,-58.47425669,-86.4080258448721,432.365870767297
4182127,2012-01-11 02:54:36,-5.291167796,-58.46790442,-86.4221827352851,433.085490423052
4182127,2012-01-11 03:24:36,-5.238279322,-58.45303088,-83.1161043833481,434.282304696864
4182127,2012-01-11 03:54:36,-5.226891859,-58.44512242,-82.3275621231583,435.060119812188
4182127,2012-01-11 04:24:36,-5.376234414,-58.42957524,-90.7395543451623,438.041261247462
4182127,2012-01-11 04:54:36,-5.38386275,-58.42083972,-91.0426833614947,439.071531469146
4182127,2012-01-11 05:24:36,-5.402003759,-58.4114364,-91.9457075808293,440.263611193722
4182127,2012-01-11 05:54:36,-5.423826532,-58.40083383,-93.0440858204859,441.618859848481
4182127,2012-01-11 06:24:36,-5.444474008,-58.39644844,-94.1736298097783,442.276149043987
4182127,2012-01-11 06:54:36,-5.471579073,-58.40133856,-95.8253603693909,441.960521627296
4182127,2012-01-11 07:24:36,-5.47387839,-58.39350482,-95.8350227085261,442.846316931168
4182127,2012-01-11 07:54:36,-5.473400092,-58.38595854,-95.6879112507263,443.677249004751
4182127,2012-01-11 08:24:36,-5.472135705,-58.37859219,-95.4979583025724,444.481745329042
4182127,2012-01-11 08:54:36,-5.471221687,-58.37234436,-95.3460369997142,445.165399306707
4182127,2012-01-11 09:24:36,-5.468890338,-58.36535822,-95.1000279089099,445.918958642475
4182127,2012-01-11 09:54:36,-5.467201765,-58.35855233,-94.8942007110115,446.657911272384
4182127,2012-01-11 10:24:36,-5.46495317,-58.35168369,-94.6547796488844,447.399144626174
4182127,2012-01-11 10:54:36,-5.296570949,-58.34398101,-84.7388179040754,446.838373046144
4182127,2012-01-11 11:24:36,-5.068712291,-58.36516583,-71.838001846246,442.544117620875
4182127,2012-01-11 11:54:36,-4.969660477,-58.41811013,-66.9647121675832,435.828276515822
4182127,2012-01-11 12:24:36,-4.92500103,-58.42171208,-64.4344290775052,435.038842902524
4182127,2012-01-11 12:54:36,-4.84417479,-58.44685778,-60.1711040826913,431.546804435933
4182127,2012-01-11 13:24:36,-4.857300159,-58.44896862,-60.9673016803047,431.429505147907
4182127,2012-01-11 13:54:36,-4.776017524,-58.500224,-57.1283945406524,425.043464394023
4182127,2012-01-11 14:24:36,-4.76792098,-58.50361236,-56.7176095745353,424.59690340977
4182127,2012-01-11 14:54:36,-4.767270673,-58.50362048,-56.6801282183403,424.590215545936
4182127,2012-01-11 15:24:36,-4.766982506,-58.5036649,-56.6642138244522,424.582740090132
4182127,2012-01-11 15:54:36,-4.766793872,-58.50388646,-56.6570710529934,424.556572723066
4182127,2012-01-11 16:24:36,-4.767496452,-58.50390157,-56.6979711854285,424.561158809939
4182127,2012-01-11 16:54:36,-4.769134997,-58.5041161,-56.7964074201454,424.552036768545
4182127,2012-01-11 17:24:36,-4.771471286,-58.50449245,-56.9379575928735,424.531237756639
4182127,2012-01-11 17:54:36,-4.774421584,-58.50316744,-57.0861000385119,424.703939964876
4182127,2012-01-11 18:24:36,-4.745172731,-58.55184768,-56.2242602576043,419.063196923205
4182127,2012-01-11 18:54:36,-4.774419023,-58.56697857,-58.1711237976554,417.651270264968
4182127,2012-01-11 19:24:36,-4.852544908,-58.57983012,-62.899590751708,416.922424388069
4182127,2012-01-11 19:54:36,-5.072230695,-58.5730396,-75.471588182573,419.589214406103
4182127,2012-01-11 20:24:36,-5.132446909,-58.5713903,-78.9226444130811,420.289458599708
4182127,2012-01-11 20:54:36,-4.848352643,-58.57220782,-62.5288425530316,417.727976980782
4182127,2012-01-11 21:24:36,-4.827131778,-58.59201696,-61.6388401696381,415.351046880137
4182127,2012-01-11 21:54:36,-4.734209244,-58.56056138,-55.7397508631191,418.002388049485
4182127,2012-01-11 22:24:36,-4.761710979,-58.54298239,-57.0286523063132,420.190333427512
4182127,2012-01-11 22:54:36,-4.760427167,-58.54276111,-56.9507020276792,420.203359229393
4182127,2012-01-11 23:24:36,-4.729672071,-58.5575421,-55.4261422395386,418.295566471334
4182127,2012-01-11 23:54:36,-4.733048961,-58.55979235,-55.6596090359253,418.077023201738
4182127,2012-01-12 00:24:36,-4.739860907,-58.55386049,-55.9517703002955,418.793374226539
4182127,2012-01-12 00:54:36,-4.705283775,-58.57249047,-54.2736351181029,416.425590004338
4182127,2012-01-12 01:24:36,-4.627505404,-58.59731257,-50.2123402047584,412.984241379647
4182127,2012-01-12 01:54:36,-4.585984189,-58.60757661,-47.9953865957266,411.475249271835
4182127,2012-01-12 02:24:36,-4.655814262,-58.59392375,-51.7868878442409,413.613463718517
4182127,2012-01-12 02:54:36,-4.788373957,-58.57095056,-59.0444149952637,417.336210960456
4182127,2012-01-12 03:24:36,-4.803688144,-58.56448291,-59.8189245137535,418.186873553086
4182127,2012-01-12 03:54:36,-4.804290119,-58.56440088,-59.8522972627159,418.201275055424
4182127,2012-01-12 04:24:36,-4.805703953,-58.56467904,-59.9386637861144,418.183059353416
4182127,2012-01-12 04:54:36,-4.806963698,-58.56481009,-60.0136361075581,418.179736373718
4182127,2012-01-12 05:24:36,-4.80881461,-58.56484198,-60.1210665730875,418.192608691716
4182127,2012-01-12 05:54:36,-4.811467967,-58.56459226,-60.2700652494927,418.243710527685
4182127,2012-01-12 06:24:36,-4.813793273,-58.56489853,-60.409542842493,418.230448905487
4182127,2012-01-12 06:54:36,-4.815764942,-58.56509482,-60.5267327612296,418.226208021119
4182127,2012-01-12 07:24:36,-4.817188198,-58.56516282,-60.6100777784218,418.231289748083
4182127,2012-01-12 07:54:36,-4.818252469,-58.56536825,-60.6750190389978,418.218002684825
4182127,2012-01-12 08:24:36,-4.818914252,-58.56547312,-60.7150130277407,418.212267842392
4182127,2012-01-12 08:54:36,-4.820098138,-58.56583935,-60.7895841344155,418.182264201465
4182127,2012-01-12 09:24:36,-4.820668584,-58.56616638,-60.8280648276411,418.151164731063
4182127,2012-01-12 09:54:36,-4.821516937,-58.56682528,-60.8882130050063,418.0858418437
4182127,2012-01-12 10:24:36,-4.843811527,-58.58990315,-62.5656490267977,415.731980989774
4182127,2012-01-12 10:54:36,-4.818759021,-58.62880416,-61.7790434110264,411.210997990019
4182127,2012-01-12 11:24:36,-4.790327108,-58.66697483,-60.7890301127609,406.74062993094
4182127,2012-01-12 11:54:36,-4.797109613,-58.67363083,-61.2926463055705,406.065049182312
4182127,2012-01-12 12:24:36,-4.837795635,-58.69491185,-63.995073968812,404.072261101587
4182127,2012-01-12 12:54:36,-4.849676628,-58.69500269,-64.6801815425122,404.16684955395
4182127,2012-01-12 13:24:36,-4.848851178,-58.69460855,-64.6260244924285,404.203148581465
4182127,2012-01-12 13:54:36,-4.847922136,-58.69450284,-64.5707836846068,404.20665488271
4182127,2012-01-12 14:24:36,-4.846756576,-58.69453252,-64.504224128236,404.193113538668
4182127,2012-01-12 14:54:36,-4.84567988,-58.69543255,-64.4574992700975,404.084154125449
4182127,2012-01-12 15:24:36,-4.845054251,-58.69544044,-64.4216376969789,404.077773440843
4182127,2012-01-12 15:54:36,-4.844390118,-58.69535526,-64.3819864332343,404.081340317005
4182127,2012-01-12 16:24:36,-4.840760517,-58.69505685,-64.1681108269624,404.082355972261
4182127,2012-01-12 16:54:36,-4.842788593,-58.69494656,-64.2829290864217,404.11240972714
4182127,2012-01-12 17:24:36,-4.839748054,-58.703974,-64.2607850973804,403.087838960607
4182127,2012-01-12 17:54:36,-4.784981463,-58.73686658,-61.6706310886864,398.968881586296
4182127,2012-01-12 18:24:36,-4.687072395,-58.73575853,-56.0261875096248,398.220570597835
4182127,2012-01-12 18:54:36,-4.68739651,-58.73636715,-56.0552693580587,398.156213305483
4182127,2012-01-12 19:24:36,-4.685910018,-58.73599158,-55.9634115942592,398.18443018669
4182127,2012-01-12 19:54:36,-4.543558207,-58.81346134,-49.1365411391344,388.344778590264
4182127,2012-01-12 20:24:36,-4.37562824,-58.8390597,-39.9674818619121,383.985776334625
4182127,2012-01-12 20:54:36,-4.402367064,-58.69621529,-38.9741499464221,400.008725057973
4182127,2012-01-12 21:24:36,-4.366227815,-58.68310026,-36.6640371606625,401.124530994096
4182127,2012-01-12 21:54:36,-4.441121235,-58.6453693,-40.3080520644673,405.980882336918
4182127,2012-01-12 22:24:36,-4.46107105,-58.61497284,-40.9234488414779,409.521413504445
4182127,2012-01-12 22:54:36,-4.569865133,-58.61442802,-47.1849419197272,410.572330449117
4182127,2012-01-12 23:24:36,-4.582444377,-58.60822114,-47.8024611246253,411.372009063215
4182127,2012-01-12 23:54:36,-4.752907369,-58.59569865,-57.4186707020144,414.285774605521
4182127,2012-01-13 00:24:36,-4.75948875,-58.5972571,-57.8249335905689,414.172104482543
4182127,2012-01-13 00:54:36,-4.806647583,-58.64104197,-61.288573245117,409.751293104663
4182127,2012-01-13 01:24:36,-4.867976085,-58.67690138,-65.4275880435823,406.328560962064
4182127,2012-01-13 01:54:36,-4.900898734,-58.6463663,-66.8094104462725,409.992755780111
4182127,2012-01-13 02:24:36,-4.821783828,-58.69092951,-63.0063375874042,404.371210266351
4182127,2012-01-13 02:54:36,-4.716416474,-58.791781,-58.6725442946174,392.291624942201
4182127,2012-01-13 03:24:36,-4.722419987,-58.81778235,-59.4625928077094,389.47176761612
4182127,2012-01-13 03:54:36,-4.719610559,-58.81614127,-59.2734210391709,389.628129180828
4182127,2012-01-13 04:24:36,-4.719468749,-58.81481851,-59.2426105524269,389.773038362383
4182127,2012-01-13 04:54:36,-4.719056873,-58.81434455,-59.2108731374008,389.821749217495
4182127,2012-01-13 05:24:36,-4.713424092,-58.82308695,-59.0379841522331,388.805567442999
4182127,2012-01-13 05:54:36,-4.636810353,-58.86433681,-55.3608572952985,383.563569822211
4182127,2012-01-13 06:24:36,-4.582693719,-58.89547294,-52.8051446220131,379.637604975909
4182127,2012-01-13 06:54:36,-4.579977908,-58.89575487,-52.6547707455295,379.582011349417
4182127,2012-01-13 07:24:36,-4.577252801,-58.89629593,-52.5083775706778,379.497699909606
4182127,2012-01-13 07:54:36,-4.574215495,-58.8966239,-52.3404318275911,379.43411188252
4182127,2012-01-13 08:24:36,-4.590694095,-58.92915025,-53.8479084428473,375.988954038072
4182127,2012-01-13 08:54:36,-4.688835933,-59.0587501,-61.6871888528212,362.547056975879
4182127,2012-01-13 09:24:36,-4.835418606,-59.12355746,-71.1319717997994,356.677409646708
4182127,2012-01-13 09:54:36,-4.843238362,-59.12360519,-71.5770589260051,356.740474427305
4182127,2012-01-13 10:24:36,-4.849427637,-59.12370629,-71.930420069129,356.783354095983
4182127,2012-01-13 10:54:36,-4.871838287,-59.14055751,-73.489269481358,355.116432416961
4182127,2012-01-13 11:24:36,-4.873473821,-59.14324792,-73.6277385978358,354.833335678982
4182127,2012-01-13 11:54:36,-4.919092376,-59.18398322,-76.905532501411,350.727356418693
4182127,2012-01-13 12:24:36,-4.918107316,-59.18527869,-76.8715241103907,350.575644805709
4182127,2012-01-13 12:54:36,-4.91627347,-59.18766597,-76.8078118777175,350.295910140773
4182127,2012-01-13 13:24:36,-4.91178933,-59.18874518,-76.571728666418,350.13778225032
4182127,2012-01-13 13:54:36,-4.83254382,-59.15079363,-71.4320151486627,353.64237074505
4182127,2012-01-13 14:24:36,-4.97992333,-59.11965373,-79.2773564977219,358.363247283408
4182127,2012-01-13 14:54:36,-5.004354297,-59.06330715,-79.7239688480581,364.802172733127
4182127,2012-01-13 15:24:36,-5.001361119,-59.06351984,-79.5571230005237,364.752896907682
4182127,2012-01-13 15:54:36,-4.999559751,-59.06399222,-79.462470336467,364.685169798907
4182127,2012-01-13 16:24:36,-4.961890447,-59.02462649,-76.6575330462158,368.711533633224
4182127,2012-01-13 16:54:36,-4.899675451,-59.00081249,-72.7100226156108,370.803805166946
4182127,2012-01-13 17:24:36,-4.894031951,-58.99614742,-72.3094229566541,371.270264105084
4182127,2012-01-13 17:54:36,-4.822930989,-58.9337266,-67.1933713877843,377.547047168206
4182127,2012-01-13 18:24:36,-4.780594615,-58.90447708,-64.2755938007251,380.406713151973
4182127,2012-01-13 18:54:36,-4.728629906,-58.89327493,-61.1124018327387,381.184720240628
4182127,2012-01-13 19:24:36,-4.72929061,-58.89505588,-61.1807226477645,380.993782981836
4182127,2012-01-13 19:54:36,-4.729053042,-58.85933451,-60.5547990171881,384.939010530886
4182127,2012-01-13 20:24:36,-4.754321042,-58.80983105,-61.1552780717636,390.633684538621
4182127,2012-01-13 20:54:36,-4.569224579,-58.81976124,-50.71712835681,387.880724821656
4182127,2012-01-13 21:24:36,-4.504807901,-58.90162477,-48.460026175105,378.254401788865
4182127,2012-01-13 21:54:36,-4.617128474,-58.89328418,-54.7360921579793,380.188839851669
4182127,2012-01-13 22:24:36,-4.732843528,-58.84670827,-60.5554961503401,386.367923668256
4182127,2012-01-13 22:54:36,-4.690443447,-58.90188463,-59.0766750946289,379.893883600755
4182127,2012-01-13 23:24:36,-4.680787486,-58.90841272,-58.637071317075,379.086533388843
4182127,2012-01-13 23:54:36,-4.518047071,-59.01897959,-51.2717959150618,365.410819778983
4182127,2012-01-14 00:24:36,-4.3046749,-59.12708393,-41.0536696513152,351.525970396921
4182127,2012-01-14 00:54:36,-4.175300363,-59.17984863,-34.6672240632424,344.503252540031
4182127,2012-01-14 01:24:36,-4.09785668,-59.18122287,-30.3045970855521,343.628426159429
4182127,2012-01-14 01:54:36,-3.794499589,-59.30213338,-15.394314233868,327.40675491406
4182127,2012-01-14 02:24:36,-3.509955967,-59.46457381,-2.47806588836215,306.726240178171
4182127,2012-01-14 02:54:36,-3.21608249,-59.64264076,10.4795010079806,284.179811566017
4182127,2012-01-14 03:24:36,-3.00158789,-59.77956197,19.675024029711,266.925339021117
4182127,2012-01-14 03:54:36,-2.741827092,-59.96368947,30.2871423241136,243.979109496782
4182127,2012-01-14 04:24:36,-2.476363811,-60.15432595,40.8973526772677,220.221676955662
4182127,2012-01-14 04:54:36,-2.225059482,-60.34636465,50.5181593159409,196.427094643434
4182127,2012-01-14 05:24:36,-1.972335199,-60.52945036,60.2344563175111,173.571761175841
4182127,2012-01-14 05:54:36,-1.72252559,-60.72502076,69.3391749457301,149.348397425914
4182127,2012-01-14 06:24:36,-1.473908153,-60.91971993,78.2174441116078,125.208222704345
4182127,2012-01-14 06:54:36,-1.233224447,-61.11697907,86.432919507477,100.853222834228
4182127,2012-01-14 07:24:36,-1.001951961,-61.29134385,94.522401984256,79.0944083080531
4182127,2012-01-14 07:54:36,-0.75780069,-61.52051073,101.795934986936,51.1651201960422
4182127,2012-01-14 08:24:36,-0.54124702,-61.72200573,108.113669499863,26.5744133009457
4182127,2012-01-14 08:54:36,-0.291434224,-61.95134303,115.274235658732,-1.46661067607965
4182127,2012-01-14 09:24:36,-0.007355609,-62.17735613,124.051383632918,-29.5714028946895
4182127,2012-01-14 09:54:36,0.227048873,-62.35989373,131.21317781466,-52.3471351052103
4182127,2012-01-14 10:24:36,0.513133549,-62.58990489,139.537758729767,-80.9524337726571
4182127,2012-01-14 10:54:36,0.759923715,-62.8884457,143.778109255837,-116.547356565709
4182127,2012-01-14 11:24:36,0.941418721,-63.14545148,145.675925596174,-146.794559341759
4182127,2012-01-14 11:54:36,1.11763692,-63.42779079,146.422287391498,-179.717722782975
4182127,2012-01-14 12:24:36,1.385262513,-63.73017827,150.801425423828,-215.957445486785
4182127,2012-01-14 12:54:36,1.628564652,-63.95279213,156.031688914869,-243.221142021302
4182127,2012-01-14 13:24:36,1.737739271,-64.08625396,157.325707569995,-259.095500361856
4182127,2012-01-14 13:54:36,1.920395531,-64.29526651,159.787212811768,-284.099600835964
4182127,2012-01-14 14:24:36,2.115995289,-64.49979212,162.838272218082,-308.777826870987
4182127,2012-01-14 14:54:36,2.384060837,-64.74002308,167.992407367601,-338.256811729902
4182127,2012-01-14 15:24:36,2.583715448,-64.89474031,172.418065437331,-357.596200646032
4182127,2012-01-14 15:54:36,2.659511097,-64.94125139,174.447232381696,-363.618734031939
4182127,2012-01-14 16:24:36,2.731783348,-64.98580838,176.362627035186,-369.384885708063
4182127,2012-01-14 16:54:36,2.95186894,-65.14248277,181.451914377417,-389.213869182207
4182127,2012-01-14 17:24:36,3.155284647,-65.29734119,185.712591787051,-408.627854939532
4182127,2012-01-14 17:54:36,3.213910202,-65.33033237,187.29244444649,-412.969686356696
4182127,2012-01-14 18:24:36,3.422100445,-65.49619001,191.252847566042,-433.63440882236
4182127,2012-01-14 18:54:36,3.70654888,-65.70249168,197.117640702983,-459.684211070386
4182127,2012-01-14 19:24:36,4.023785659,-65.90523514,204.308330041928,-485.806193695574
4182127,2012-01-14 19:54:36,4.313742365,-66.1138909,209.856008393559,-512.190899787612
4182127,2012-01-14 20:24:36,4.450306664,-66.25297658,210.974025198592,-528.985547712376
4182127,2012-01-14 20:54:36,4.558689259,-66.36542624,211.735954810173,-542.530354764753
4182127,2012-01-14 21:24:36,4.668411594,-66.43709098,213.935550443532,-551.729149090196
4182127,2012-01-14 21:54:36,4.737496472,-66.50739413,214.419086699188,-560.212011322004
4182127,2012-01-14 22:24:36,4.890158881,-66.64618708,216.006789702211,-577.182042958139
4182127,2012-01-14 22:54:36,5.014321687,-66.69608878,219.484785965767,-584.259379382407
4182127,2012-01-14 23:24:36,5.013592658,-66.69904214,219.3485636561,-584.56419017202
4182127,2012-01-14 23:54:36,5.179521345,-66.84201011,221.208879620357,-602.160276085456
4182127,2012-01-15 00:24:36,5.32643962,-67.05885489,219.499627287808,-627.346291620033
4182127,2012-01-15 00:54:36,5.361896947,-67.27630457,213.054455628876,-650.997887626563
4182127,2012-01-15 01:24:36,5.379472481,-67.50199893,205.541452095567,-675.262369697581
4182127,2012-01-15 01:54:36,5.340616112,-67.67240497,197.743713014427,-692.851101201105
4182127,2012-01-15 02:24:36,5.372033499,-67.93270708,189.49604635987,-720.971790211605
4182127,2012-01-15 02:54:36,5.473044787,-68.19703001,183.806640878162,-750.453395612753
4182127,2012-01-15 03:24:36,5.571158465,-68.44191232,178.613118500986,-777.800466842145
4182127,2012-01-15 03:54:36,5.553561026,-68.7058654,168.146561587469,-805.578774724407
4182127,2012-01-15 04:24:36,5.563009737,-68.97740563,158.431223761295,-834.5176499761
4182127,2012-01-15 04:54:36,5.389757542,-69.20230224,143.539349356635,-856.091716996395
4182127,2012-01-15 05:24:36,5.433293676,-69.35302609,139.608275456359,-872.656507832928
4182127,2012-01-15 05:54:36,5.302014594,-69.54249328,127.723582962523,-891.061748219407
4182127,2012-01-15 06:24:36,5.217152469,-69.74896766,117.002542942869,-911.894646743289
4182127,2012-01-15 06:54:36,5.109388793,-69.96739091,105.064116109066,-933.726882234835
4182127,2012-01-15 07:24:36,4.820264287,-70.16595799,87.3765891826063,-951.246142074218
4182133,2012-01-07 20:36:29,4.521481504,-70.03730279,81.1491045269024,-933.916163957339
4182133,2012-01-07 21:06:29,4.599403814,-69.80171349,92.3722855572853,-909.780195817249
4182133,2012-01-07 21:36:29,4.597972796,-69.55687104,101.025906200731,-883.68721557127
4182133,2012-01-07 22:06:29,4.835698156,-69.34477211,117.495182332908,-864.089688616145
4182133,2012-01-07 22:36:29,4.81773058,-69.14553995,123.966441064356,-842.655559548822
4182133,2012-01-07 23:06:29,4.806105359,-69.13966323,123.736046858312,-841.881473663124
4182133,2012-01-07 23:36:29,4.798475577,-69.1273196,123.888618776431,-840.46990101271
4182133,2012-01-08 00:06:29,4.782098322,-69.08210025,124.884703008747,-835.446001953566
4182133,2012-01-08 00:36:29,4.857830326,-68.97359237,131.661035126937,-824.865446528111
4182133,2012-01-08 01:06:29,4.908785975,-68.8847304,136.805206503533,-816.064932958913
4182133,2012-01-08 01:36:29,4.914752238,-68.8702196,137.556148504127,-814.597787573851
4182133,2012-01-08 02:06:29,4.920091272,-68.81979606,139.575128937247,-809.299962606365
4182133,2012-01-08 02:36:29,4.840230209,-68.67254724,141.773774727921,-792.581964321002
4182133,2012-01-08 03:06:29,4.82353227,-68.4912304,147.608373011854,-773.049537177499
4182133,2012-01-08 03:36:29,4.90348326,-68.37848444,154.77700040036,-762.091980007003
4182133,2012-01-08 04:06:29,4.922124857,-68.31098989,157.930829884235,-755.149876179265
4182133,2012-01-08 04:36:29,4.928920402,-68.29252886,158.860975764047,-753.273770017507
4182133,2012-01-08 05:06:29,4.941431035,-68.2632675,160.404722437632,-750.323449713008
4182133,2012-01-08 05:36:29,4.97475929,-68.15203562,165.718572949949,-738.921073688427
4182133,2012-01-08 06:06:29,5.031940455,-68.00441653,173.303974919847,-723.967671065685
4182133,2012-01-08 06:36:29,5.051111048,-67.83221353,180.272177369643,-705.886579399224
4182133,2012-01-08 07:06:29,5.046663003,-67.79882409,181.294965864223,-702.269497471417
4182133,2012-01-08 07:36:29,5.037639469,-67.78693565,181.359043680612,-700.880265859205
4182133,2012-01-08 08:06:29,5.025598548,-67.73502635,182.739386075516,-695.186146562203
4182133,2012-01-08 08:36:29,5.004525982,-67.64390909,185.158075329359,-685.189814065248
4182133,2012-01-08 09:06:29,5.008039127,-67.57671662,187.71145584764,-678.077272675616
4182133,2012-01-08 09:36:29,5.004552216,-67.52219788,189.524646980512,-672.219017779384
4182133,2012-01-08 10:06:29,4.965988408,-67.3672524,193.493923647083,-655.171275806062
4182133,2012-01-08 10:36:29,4.975312319,-67.30521335,196.095609608501,-648.684918991839
4182133,2012-01-08 11:06:29,4.921357694,-67.22387351,196.773416490899,-639.26510035579
4182133,2012-01-08 11:36:29,4.887559296,-67.09809108,199.850358749381,-625.378706980408
4182133,2012-01-08 12:06:29,4.863111468,-66.96619753,203.516248413719,-610.964317406554
4182133,2012-01-08 12:36:29,4.841392562,-66.80220386,208.418371636164,-593.155627735015
4182133,2012-01-08 13:06:29,4.822139826,-66.70181854,211.158037740354,-582.167533230354
4182133,2012-01-08 13:36:29,4.771679317,-66.55957982,214.038179064496,-566.267510841313
4182133,2012-01-08 14:06:29,4.766636123,-66.4368487,218.14525846179,-553.083436147732
4182133,2012-01-08 14:36:29,4.77759888,-66.36605392,221.10675305781,-545.673140976041
4182133,2012-01-08 15:06:29,4.771933238,-66.35597956,221.218306470626,-544.516529481019
4182133,2012-01-08 15:36:29,4.766062767,-66.22155673,225.693422696706,-530.066926546318
4182133,2012-01-08 16:06:29,4.77095239,-66.12677756,229.235707160759,-520.005247835702
4182133,2012-01-08 16:36:29,4.721673407,-66.11425262,227.540141553351,-517.96536509041
4182133,2012-01-08 17:06:29,4.697128343,-66.11128893,226.579978172234,-517.299947677043
4182133,2012-01-08 17:36:29,4.686240409,-66.0306049,228.929893702988,-508.516626121561
4182133,2012-01-08 18:06:29,4.69543857,-65.94793014,232.221393412053,-499.805071969604
4182133,2012-01-08 18:36:29,4.738526025,-65.81264658,238.839968928849,-485.951882120018
4182133,2012-01-08 19:06:29,4.65995795,-65.66789019,240.437748430939,-469.335883423594
4182133,2012-01-08 19:36:29,4.428463671,-65.60100303,232.515803038895,-458.863168124457
4182133,2012-01-08 20:06:29,4.30643924,-65.49448947,230.749160414022,-445.714026592785
4182133,2012-01-08 20:36:29,4.311454398,-65.38341697,234.76777275839,-433.877112111628
4182133,2012-01-08 21:06:29,4.327773293,-65.23123435,240.697336672636,-417.792384836945
4182133,2012-01-08 21:36:29,4.321532793,-65.07935529,245.599230363339,-401.414503400199
4182133,2012-01-08 22:06:29,4.372293952,-64.9941392,250.809000111637,-393.007143368566
4182133,2012-01-08 22:36:29,4.418124309,-64.89450779,256.300877406665,-382.986897932789
4182133,2012-01-08 23:06:29,4.277444794,-64.87324374,250.612775322102,-378.666750930937
4182133,2012-01-08 23:36:29,4.188013825,-64.76883026,250.062423817513,-366.168610128703
4182133,2012-01-09 00:06:29,4.24599002,-64.69342365,255.27431024919,-358.911911845041
4182133,2012-01-09 00:36:29,4.267302638,-64.61809602,258.807929897133,-351.135233343298
4182133,2012-01-09 01:06:29,4.266664696,-64.56200633,260.679711213841,-345.10454355139
4182133,2012-01-09 01:36:29,4.258850852,-64.56362549,260.264083642978,-345.164518368875
4182133,2012-01-09 02:06:29,4.22187641,-64.52352225,259.912568588748,-340.320134857431
4182133,2012-01-09 02:36:29,4.041640578,-64.41223353,255.299018965801,-325.748739200683
4182133,2012-01-09 03:06:29,3.690363968,-64.33407977,241.527333379559,-312.301707371257
4182133,2012-01-09 03:36:29,3.359673264,-64.21715714,229.84925113786,-295.034684057177
4182133,2012-01-09 04:06:29,3.200880807,-64.10898916,225.845482926344,-281.149760405382
4182133,2012-01-09 04:36:29,3.121158208,-64.06588672,223.454113137728,-275.389214011235
4182133,2012-01-09 05:06:29,2.836078277,-63.92727323,214.306984689995,-256.482175039871
4182133,2012-01-09 05:36:29,2.505744674,-63.80004397,202.489222580931,-238.222704679712
4182133,2012-01-09 06:06:29,2.23404487,-63.75090701,190.969974608782,-229.253276519636
4182133,2012-01-09 06:36:29,1.924900179,-63.64754862,179.19366534872,-213.961025584653
4182133,2012-01-09 07:06:29,1.585187016,-63.52144895,166.465455234307,-195.855164357904
4182133,2012-01-09 07:36:29,1.315220191,-63.39085112,157.092092591604,-178.206198460138
4182133,2012-01-09 08:06:29,1.203498074,-63.33835346,153.128799386671,-171.079743211717
4182133,2012-01-09 08:36:29,1.005482777,-63.1933362,147.495438762395,-152.808960429274
4182133,2012-01-09 09:06:29,0.935321548,-63.04445451,148.174195193674,-135.72785669325
4182133,2012-01-09 09:36:29,0.923376992,-62.9699479,149.645556774813,-127.469157241258
4182133,2012-01-09 10:06:29,0.679671004,-62.8147933,141.793313124854,-107.525356275658
4182133,2012-01-09 10:36:29,0.444098045,-62.63826963,134.774633019953,-85.3724258384573
4182133,2012-01-09 11:06:29,0.268215702,-62.51097041,129.311462956906,-69.3330337414054
4182133,2012-01-09 11:36:29,0.159657833,-62.41687538,126.303494762247,-57.7438086449147
4182133,2012-01-09 12:06:29,-0.002270635,-62.22035564,123.198143706881,-34.3284848782851
4182133,2012-01-09 12:36:29,-0.042378526,-62.13650085,123.317660956091,-24.686377558206
4182133,2012-01-09 13:06:29,-0.153573119,-61.99057334,121.366421700853,-7.4050352739032
4182133,2012-01-09 13:36:29,-0.235167282,-61.91039913,119.211097593642,2.33599206627514
4182133,2012-01-09 14:06:29,-0.342139585,-61.74734728,117.80764231017,21.4403494315284
4182133,2012-01-09 14:36:29,-0.343496128,-61.74593862,117.772808918854,21.6105752543799
4182133,2012-01-09 15:06:29,-0.34906472,-61.74093637,117.610095010943,22.2240287260411
4182133,2012-01-09 15:36:29,-0.459653044,-61.62652297,114.733043415716,36.0539194254507
4182133,2012-01-09 16:06:29,-0.611743471,-61.45981499,110.928352555017,56.095053113494
4182133,2012-01-09 16:36:29,-0.760131671,-61.28353694,107.455350330346,77.1379616266559
4182133,2012-01-09 17:06:29,-0.924545184,-61.11032789,102.959214160817,98.0297737400278
4182133,2012-01-09 17:36:29,-1.086698405,-60.94395578,98.3134222400065,118.141127720883
4182133,2012-01-09 18:06:29,-1.24496529,-60.80713027,93.0817351275582,134.962008374653
4182133,2012-01-09 18:36:29,-1.388911835,-60.62700752,89.5419818787955,156.361951419436
4182133,2012-01-09 19:06:29,-1.451876204,-60.44266571,90.3920069116091,177.30527361322
4182133,2012-01-09 19:36:29,-1.505034754,-60.25768116,91.744195650062,198.212647460958
4182133,2012-01-09 20:06:29,-1.535642782,-60.07551185,94.2283266466227,218.55934394957
4182133,2012-01-09 20:36:29,-1.578271902,-59.90636713,95.7276594190205,237.617105800056
4182133,2012-01-09 21:06:29,-1.645894225,-59.73331031,95.898323875108,257.392994870725
4182133,2012-01-09 21:36:29,-1.696390613,-59.56440993,96.8840379460526,276.521413019105
4182133,2012-01-09 22:06:29,-1.726861299,-59.55530855,95.3885987011445,277.867350450913
4182133,2012-01-09 22:36:29,-1.74550082,-59.56609041,94.1084574633073,276.893931247011
4182133,2012-01-09 23:06:29,-1.749605773,-59.56493109,93.9054531411139,277.067790632751
4182133,2012-01-09 23:36:29,-1.753797062,-59.56435165,93.6846841971098,277.178898208302
4182133,2012-01-10 00:06:29,-1.761043034,-59.56015429,93.3742168981519,277.722086532374
4182133,2012-01-10 00:36:29,-1.800294117,-59.51554732,92.1762973398029,283.067340941134
4182133,2012-01-10 01:06:29,-1.822346147,-59.46130759,92.1471923094814,289.277000731194
4182133,2012-01-10 01:36:29,-1.873238393,-59.39399254,90.7857215261454,297.248996822388
4182133,2012-01-10 02:06:29,-2.012249655,-59.39257539,83.0224938992792,298.960654287767
4182133,2012-01-10 02:36:29,-2.118107706,-59.40474332,76.8220515833325,298.796128869034
4182133,2012-01-10 03:06:29,-2.130453812,-59.40807394,76.0577575790885,298.566058501282
4182133,2012-01-10 03:36:29,-2.131664802,-59.41003193,75.9475160002112,298.364082097637
4182133,2012-01-10 04:06:29,-2.131500772,-59.41188087,75.916722880308,298.158937532346
4182133,2012-01-10 04:36:29,-2.130713153,-59.4133757,75.9285435229049,297.985861118072
4182133,2012-01-10 05:06:29,-2.129873267,-59.415011,75.9402508179883,297.796760535916
4182133,2012-01-10 05:36:29,-2.128218363,-59.41591456,76.0134665332903,297.679145221742
4182133,2012-01-10 06:06:29,-2.126466383,-59.41552446,76.120109747108,297.702725270147
4182133,2012-01-10 06:36:29,-2.125139589,-59.41428659,76.2212673109323,297.824223782081
4182133,2012-01-10 07:06:29,-2.124214187,-59.41366088,76.2866814768261,297.882827164713
4182133,2012-01-10 07:36:29,-2.123301236,-59.41200802,76.3736293978013,298.05452518448
4182133,2012-01-10 08:06:29,-2.12313688,-59.40971829,76.4323978886848,298.304519473236
4182133,2012-01-10 08:36:29,-2.128670941,-59.36488548,77.091785706978,303.29606758669
4182133,2012-01-10 09:06:29,-2.147074788,-59.29681642,77.5278591979622,310.98551432471
4182133,2012-01-10 09:36:29,-2.100167497,-59.26184988,80.9237133594997,314.312353977295
4182133,2012-01-10 10:06:29,-2.107754582,-59.1896911,82.0572269568042,322.332583963595
4182133,2012-01-10 10:36:29,-2.162974316,-59.00999061,82.8060588533394,342.711344429709
4182133,2012-01-10 11:06:29,-2.230682487,-58.82124769,82.9946041342005,364.227106568344
4182133,2012-01-10 11:36:29,-2.275978542,-58.76093803,81.6912464672705,371.364342121834
4182133,2012-01-10 12:06:29,-2.355454257,-58.66340031,79.2050933208341,382.974742827249
4182133,2012-01-10 12:36:29,-2.283308922,-58.49745294,86.8596959717295,400.44422739003
4182133,2012-01-10 13:06:29,-2.192482823,-58.30975473,96.092715332486,420.090903679735
4182133,2012-01-10 13:36:29,-2.046243909,-58.12727483,108.488933725214,438.522623039034
4182133,2012-01-10 14:06:29,-2.215520916,-58.12539658,98.67248144369,440.641713553842
4182133,2012-01-10 14:36:29,-2.500148643,-58.19746029,80.5972487391987,435.863328725597
4182133,2012-01-10 15:06:29,-2.721994957,-58.24563755,66.7129418664279,432.964186164012
4182133,2012-01-10 15:36:29,-2.791518493,-58.25027851,62.5800357691066,433.198065628975
4182133,2012-01-10 16:06:29,-2.868937769,-58.28894341,57.3035654418802,429.762025270709
4182133,2012-01-10 16:36:29,-2.985282492,-58.34153748,49.5013519362535,425.193850804027
4182133,2012-01-10 17:06:29,-3.09448357,-58.33734284,43.2549674840591,426.797514522809
4182133,2012-01-10 17:36:29,-3.095240394,-58.33512436,43.2549764187827,427.049948770104
4182133,2012-01-10 18:06:29,-3.209568939,-58.39165686,35.5181496930591,422.000428742734
4182133,2012-01-10 18:36:29,-3.387911488,-58.43512389,24.3525477564124,419.028013415966
4182133,2012-01-10 19:06:29,-3.338978213,-58.43206376,27.2419766990615,418.868882374214
4182133,2012-01-10 19:36:29,-3.366875386,-58.47431451,24.8108933073206,414.49275408847
4182133,2012-01-10 20:06:29,-3.300068556,-58.50475749,28.0774418028898,410.456607519954
4182133,2012-01-10 20:36:29,-3.31582008,-58.57632582,25.7762082097581,402.725313044475
4182133,2012-01-10 21:06:29,-3.049817581,-58.54760813,41.6644268103958,403.155810110551
4182133,2012-01-10 21:36:29,-2.810997637,-58.52667506,55.8462723545572,402.952585213978
4182133,2012-01-10 22:06:29,-2.729659867,-58.60062118,59.0215796320977,393.940685783421
4182133,2012-01-10 22:36:29,-2.742218019,-58.63593609,57.5780051968968,390.184612986023
4182133,2012-01-10 23:06:29,-2.751905658,-58.63732058,56.9933116318853,390.135292019525
4182133,2012-01-10 23:36:29,-2.800121453,-58.67306823,53.4967584782958,386.709572813576
4182133,2012-01-11 00:06:29,-2.780461184,-58.70076084,54.0604141407937,383.450535790395
4182133,2012-01-11 00:36:29,-2.70128405,-58.70782882,58.4543527981812,381.829324759469
4182133,2012-01-11 01:06:29,-2.71293317,-58.71710706,57.5965182562561,380.931725227923
4182133,2012-01-11 01:36:29,-2.728841833,-58.73990363,56.2181922537027,378.590383320776
4182133,2012-01-11 02:06:29,-2.720032658,-58.73027271,56.9199659519957,379.557326035862
4182133,2012-01-11 02:36:29,-2.829250622,-58.74903079,50.282924315225,378.649502413096
4182133,2012-01-11 03:06:29,-3.102338673,-58.78424879,33.9442742767467,377.618267774962
4182133,2012-01-11 03:36:29,-3.300899422,-58.79640224,22.342708477036,378.308478045994
4182133,2012-01-11 04:06:29,-3.64590804,-58.72758905,3.89797631097463,389.344611942714
4182133,2012-01-11 04:36:29,-3.922253945,-58.71664191,-11.7579511196518,393.240595738953
4182133,2012-01-11 05:06:29,-3.917566835,-58.72395279,-11.6239142931436,392.388657177764
4182133,2012-01-11 05:36:29,-3.916548176,-58.72099064,-11.5107033101688,392.705797742541
4182133,2012-01-11 06:06:29,-3.914061431,-58.71742243,-11.301995084631,393.075713513868
4182133,2012-01-11 06:36:29,-3.911633635,-58.71416298,-11.1023523789972,393.412110740943
4182133,2012-01-11 07:06:29,-3.910490815,-58.71186958,-10.9943342395472,393.6542391278
4182133,2012-01-11 07:36:29,-3.923081227,-58.70751324,-11.6368840067335,394.256083246737
4182133,2012-01-11 08:06:29,-4.052374705,-58.69556919,-18.8452774212246,396.809610568294
4182133,2012-01-11 08:36:29,-3.985119491,-58.69203538,-14.9158710900845,396.558962244688
4182133,2012-01-11 09:06:29,-3.696560044,-58.64388782,2.56887547419706,399.077107825649
4182133,2012-01-11 09:36:29,-3.632533125,-58.62038766,6.69639080435627,401.039300076467
4182133,2012-01-11 10:06:29,-3.624863962,-58.6144585,7.25010140377913,401.617631154933
4182133,2012-01-11 10:36:29,-3.619952887,-58.61073086,7.60344117590171,401.980306418382
4182133,2012-01-11 11:06:29,-3.615826769,-58.6073728,7.90463845035993,402.309949935839
4182133,2012-01-11 11:36:29,-3.611410159,-58.60157523,8.26887677690752,402.905824492325
4182133,2012-01-11 12:06:29,-3.603796316,-58.60031384,8.73122282767235,402.969576037563
4182133,2012-01-11 12:36:29,-3.603714097,-58.59743733,8.79055410476576,403.286093936805
4182133,2012-01-11 13:06:29,-3.70978981,-58.58123757,2.98605509774598,406.119573504292
4182133,2012-01-11 13:36:29,-3.823994102,-58.56237111,-3.24442027659211,409.317167282929
4182133,2012-01-11 14:06:29,-3.78076198,-58.56886121,-0.872692114272695,408.179895988499
4182133,2012-01-11 14:36:29,-3.771461067,-58.56521031,-0.268242399878318,408.491982434918
4182133,2012-01-11 15:06:29,-3.753474646,-58.55150964,1.02526799789371,409.828016380145
4182133,2012-01-11 15:36:29,-3.85097961,-58.53927265,-4.37198577979689,412.128447463641
4182133,2012-01-11 16:06:29,-3.68862609,-58.52399388,5.28339942225512,412.227660601974
4182133,2012-01-11 16:36:29,-3.416805351,-58.52099912,21.0264977054408,409.849042078611
4182133,2012-01-11 17:06:29,-3.199159957,-58.53239007,33.3578338584389,406.377336673411
4182133,2012-01-11 17:36:29,-3.127035289,-58.53890903,37.3871465460722,404.915397653426
4182133,2012-01-11 18:06:29,-3.362531515,-58.55483845,23.5022003805584,405.568660170547
4182133,2012-01-11 18:36:29,-3.555621448,-58.56114236,12.2516096586239,406.812322952453
4182133,2012-01-11 19:06:29,-3.597206632,-58.56989488,9.688277181079,406.260033870012
4182133,2012-01-11 19:36:29,-3.723373669,-58.59047306,2.02987942708114,405.233799954228
4182133,2012-01-11 20:06:29,-3.58521115,-58.65340272,8.79179180265578,396.928868275841
4182133,2012-01-11 20:36:29,-3.518851241,-58.69230176,11.8622411276133,391.978550705456
4182133,2012-01-11 21:06:29,-3.492059138,-58.72829598,12.7098714661806,387.741387336686
4182133,2012-01-11 21:36:29,-3.511965045,-58.7485976,11.1791230102008,385.700740103739
4182133,2012-01-11 22:06:29,-3.567092951,-58.73333162,8.3099535187132,387.932389565958
4182133,2012-01-11 22:36:29,-3.731086967,-58.68785256,-0.242704358232459,394.564560624837
4182133,2012-01-11 23:06:29,-3.901031328,-58.6565874,-9.42856588553195,399.664614773124
4182133,2012-01-11 23:36:29,-4.047344394,-58.58977467,-16.6260987029962,408.441138100354
4182133,2012-01-12 00:06:29,-4.052371049,-58.58427997,-16.8156984914797,409.095595232864
4182133,2012-01-12 00:36:29,-3.984194476,-58.59270304,-13.0399731820348,407.514927633001
4182133,2012-01-12 01:06:29,-3.832857616,-58.61685704,-4.76865638705272,403.390196687233
4182133,2012-01-12 01:36:29,-3.800725787,-58.62878741,-3.14124811394345,401.761404055739
4182133,2012-01-12 02:06:29,-3.795372663,-58.63050836,-2.86528431014085,401.519399102828
4182133,2012-01-12 02:36:29,-3.878288849,-58.60976966,-7.25320750120204,404.612344974238
4182133,2012-01-12 03:06:29,-3.823193041,-58.56396896,-3.22795439404717,409.13304111996
4182133,2012-01-12 03:36:29,-3.801835315,-58.55166182,-1.76701272895775,410.283389457847
4182133,2012-01-12 04:06:29,-3.807310029,-58.54146186,-1.89279584965948,411.462359783585
4182133,2012-01-12 04:36:29,-3.813795014,-58.53101375,-2.07247981745036,412.678550486075
4182133,2012-01-12 05:06:29,-3.810334282,-58.52797749,-1.81619862246134,412.979933323783
4182133,2012-01-12 05:36:29,-3.806808585,-58.52464184,-1.55055858617243,413.31370978928
4182133,2012-01-12 06:06:29,-3.801417931,-58.52163148,-1.18327419746083,413.593395128862
4182133,2012-01-12 06:36:29,-3.796604312,-58.51804301,-0.83847942280795,413.942476180667
4182133,2012-01-12 07:06:29,-3.792493242,-58.51509229,-0.546091366337805,414.228006266234
4182133,2012-01-12 07:36:29,-3.7882466,-58.51141534,-0.23228995444606,414.592338312826
4182133,2012-01-12 08:06:29,-3.783982915,-58.50773914,0.0825298544414181,414.956400391191
4182133,2012-01-12 08:36:29,-3.780959352,-58.50376116,0.331401298859419,415.365860113187
4182133,2012-01-12 09:06:29,-3.777892759,-58.50011782,0.576547496056492,415.737958555538
4182133,2012-01-12 09:36:29,-3.775340275,-58.49668265,0.788139506310927,416.092098558814
4182133,2012-01-12 10:06:29,-3.774015163,-58.49352272,0.923703870167401,416.427857065271
4182133,2012-01-12 10:36:29,-3.772446378,-58.49055526,1.06976549750175,416.739990232631
4182133,2012-01-12 11:06:29,-3.771590968,-58.48766164,1.17323816588168,417.050948628733
4182133,2012-01-12 11:36:29,-3.770291685,-58.48508503,1.29644805235444,417.322580628886
4182133,2012-01-12 12:06:29,-3.768551014,-58.48277074,1.44027721093585,417.560943784545
4182133,2012-01-12 12:36:29,-3.767387955,-58.48080423,1.54423609354285,417.766576359621
4182133,2012-01-12 13:06:29,-3.766657716,-58.47902452,1.61969428106704,417.955828704215
4182133,2012-01-12 13:36:29,-3.766058543,-58.47770645,1.67895456249153,418.095419198442
4182133,2012-01-12 14:06:29,-3.764949943,-58.47678254,1.76029909258023,418.186525913801
4182133,2012-01-12 14:36:29,-3.763361132,-58.47578844,1.8707174072315,418.280675984613
4182133,2012-01-12 15:06:29,-3.76114723,-58.4746948,2.01913594342477,418.379687347504
4182133,2012-01-12 15:36:29,-3.758769274,-58.47376316,2.1740169292093,418.459209698433
4182133,2012-01-12 16:06:29,-3.756407386,-58.47356675,2.31422701768702,418.457749293353
4182133,2012-01-12 16:36:29,-3.753129999,-58.47221251,2.52901961144175,418.575081957832
4182133,2012-01-12 17:06:29,-3.749838258,-58.47143744,2.73381898916728,418.628350770584
4182133,2012-01-12 17:36:29,-3.74704016,-58.46941287,2.93347136014836,418.824332879174
4182133,2012-01-12 18:06:29,-3.743389898,-58.46809178,3.16924190577765,418.934318740608
4182133,2012-01-12 18:36:29,-3.759996807,-58.47666218,2.04885977285539,418.151315878275
4182133,2012-01-12 19:06:29,-3.769349254,-58.50369647,1.00320764560365,415.259519237011
4182133,2012-01-12 19:36:29,-3.700963724,-58.54013343,4.26780011924234,410.5682449034
4182133,2012-01-12 20:06:29,-3.636549272,-58.63139867,6.25681549767251,399.86419497513
4182133,2012-01-12 20:36:29,-3.578094582,-58.68923202,8.51883194569859,392.905959140151
4182133,2012-01-12 21:06:29,-3.52641328,-58.76846549,9.97059451515565,383.653200088321
4182133,2012-01-12 21:36:29,-3.601033358,-58.74710947,6.10131190901643,386.748543161076
4182133,2012-01-12 22:06:29,-3.69402323,-58.66687022,2.28180815463861,396.516499056029
4182133,2012-01-12 22:36:29,-3.714480549,-58.60911069,2.19191865893345,403.090125025799
4182133,2012-01-12 23:06:29,-3.691326328,-58.57643092,4.14048003079051,406.468501789785
4182133,2012-01-12 23:36:29,-3.684045971,-58.57382478,4.60914685822922,406.684425834018
4182133,2012-01-13 00:06:29,-3.607262792,-58.59995866,8.53835628326465,403.043096254585
4182133,2012-01-13 00:36:29,-3.554023268,-58.61526856,11.3119993452508,400.825749887218
4182133,2012-01-13 01:06:29,-3.559122442,-58.62954246,10.7464752764147,399.301922200812
4182133,2012-01-13 01:36:29,-3.704669322,-58.61805451,2.58855325632658,402.007022708095
4182133,2012-01-13 02:06:29,-3.727263341,-58.5847214,1.91375944181164,405.906575203899
4182133,2012-01-13 02:36:29,-3.649657344,-58.55808131,6.88853727288983,408.082427403838
4182133,2012-01-13 03:06:29,-3.645221115,-58.55532176,7.19647781789286,408.343069587722
4182133,2012-01-13 03:36:29,-3.640896251,-58.55306926,7.48844641053415,408.548849438344
4182133,2012-01-13 04:06:29,-3.636572752,-58.55078566,7.78095450061824,408.758054255827
4182133,2012-01-13 04:36:29,-3.6330271,-58.5486283,8.02624481986027,408.961005548815
4182133,2012-01-13 05:06:29,-3.629794304,-58.54632891,8.25620301852814,409.182708308976
4182133,2012-01-13 05:36:29,-3.626295025,-58.54437037,8.49510151343952,409.364157534951
4182133,2012-01-13 06:06:29,-3.622745199,-58.54219544,8.74103454319265,409.568966453907
4182133,2012-01-13 06:36:29,-3.619366037,-58.53999916,8.97755115507857,409.777807497106
4182133,2012-01-13 07:06:29,-3.616090625,-58.53775093,9.20908988020506,409.99339530771
4182133,2012-01-13 07:36:29,-3.612766778,-58.53561485,9.44132003003847,410.1961184678
4182133,2012-01-13 08:06:29,-3.608047405,-58.53320365,9.7593022909407,410.415345087124
4182133,2012-01-13 08:36:29,-3.60276297,-58.53067551,10.1121407627968,410.641843721041
4182133,2012-01-13 09:06:29,-3.596816025,-58.528106,10.504033511068,410.866301185756
4182133,2012-01-13 09:36:29,-3.590096665,-58.52560022,10.9393355793527,411.076019799749
4182133,2012-01-13 10:06:29,-3.584033731,-58.5231941,11.3349133180243,411.281222633605
4182133,2012-01-13 10:36:29,-3.576519979,-58.52013468,11.82668548328,411.5440304883
4182133,2012-01-13 11:06:29,-3.658916912,-58.54258776,6.64714648357108,409.88324336294
4182133,2012-01-13 11:36:29,-3.771221089,-58.57583703,-0.45305893846421,407.316975910404
4182133,2012-01-13 12:06:29,-3.774926777,-58.57467509,-0.644935463473303,407.481375934536
4182133,2012-01-13 12:36:29,-3.768156373,-58.57176584,-0.200284308028358,407.736300251658
4182133,2012-01-13 13:06:29,-3.797121501,-58.59265113,-2.25958526045611,405.714082310768
4182133,2012-01-13 13:36:29,-3.89904076,-58.59463988,-8.16868711267807,406.482621125037
4182133,2012-01-13 14:06:29,-3.90734633,-58.59357525,-8.62758554387074,406.680241479277
4182133,2012-01-13 14:36:29,-4.017260229,-58.60693951,-15.2059430533188,406.259453406384
4182133,2012-01-13 15:06:29,-4.022126483,-58.6080968,-15.5074407012337,406.178127831189
4182133,2012-01-13 15:36:29,-4.017619471,-58.61304412,-15.3382786529151,405.58897900409
4182133,2012-01-13 16:06:29,-4.014545096,-58.60898605,-15.0869629433028,406.007616213433
4182133,2012-01-13 16:36:29,-4.010081068,-58.60938713,-14.8371505963603,405.920719605235
4182133,2012-01-13 17:06:29,-3.968102385,-58.61364714,-12.4973301417579,405.04883659913
4182133,2012-01-13 17:36:29,-3.882046232,-58.61253613,-7.52082474285248,404.343322609102
4182133,2012-01-13 18:06:29,-3.87658291,-58.61232317,-7.20226255123021,404.314031917216
4182133,2012-01-13 18:36:29,-3.825748445,-58.6144299,-4.31417324793165,403.589046205235
4182133,2012-01-13 19:06:29,-3.693768726,-58.59507908,3.64864285645558,404.434962483192
4182133,2012-01-13 19:36:29,-3.676732987,-58.59320304,4.66524662233678,404.474376767607
4182133,2012-01-13 20:06:29,-3.519038919,-58.59655868,13.683155272774,402.540943568149
4182133,2012-01-13 20:36:29,-3.550879359,-58.61614311,11.4762567011921,400.698000580103
4182133,2012-01-13 21:06:29,-3.566819609,-58.58218443,11.2055340131524,404.602543930448
4182133,2012-01-13 21:36:29,-3.568687156,-58.58282239,11.0858030667996,404.550735642061
4182133,2012-01-13 22:06:29,-3.647930749,-58.58887389,6.40607183932639,404.66809563217
4182133,2012-01-13 22:36:29,-3.638961058,-58.58788876,6.94140528437288,404.688210919607
4182133,2012-01-13 23:06:29,-3.618214349,-58.58801482,8.13412725978696,404.469169971252
4182133,2012-01-13 23:36:29,-3.585565379,-58.5915282,9.94799066488804,403.758008019166
4182133,2012-01-14 00:06:29,-3.609328233,-58.58273677,8.74611164183057,404.963468912076
4182133,2012-01-14 00:36:29,-3.590215434,-58.57657566,9.96427072726624,405.453665245358
4182133,2012-01-14 01:06:29,-3.5562793,-58.54803815,12.4633416131815,408.26442559592
4182133,2012-01-14 01:36:29,-3.474743261,-58.51720387,17.7563039241636,410.850520686739
4182133,2012-01-14 02:06:29,-3.459220754,-58.50862058,18.8169273565616,411.641345182604
4182133,2012-01-14 02:36:29,-3.472102522,-58.50706798,18.1031469924219,411.941993075892
4182133,2012-01-14 03:06:29,-3.438371339,-58.50285202,20.1313533022299,412.067834803593
4182133,2012-01-14 03:36:29,-3.431904934,-58.50183038,20.5243185790557,412.115378001924
4182133,2012-01-14 04:06:29,-3.451354923,-58.5028773,19.3813263181219,412.195717883636
4182133,2012-01-14 04:36:29,-3.430095309,-58.51018249,20.4679808902831,411.175977411467
4182133,2012-01-14 05:06:29,-3.268503003,-58.58791957,28.2747371059902,400.965111648884
4182133,2012-01-14 05:36:29,-2.900435519,-58.73946937,46.4000600463239,380.452218284724
4182133,2012-01-14 06:06:29,-2.575368615,-58.89455403,61.7951687421439,359.918003765368
4182133,2012-01-14 06:36:29,-2.190721434,-59.09425137,79.423966683788,333.748931751001
4182133,2012-01-14 07:06:29,-1.8003809,-59.28534764,97.2789881556748,308.36758587775
4182133,2012-01-14 07:36:29,-1.39589583,-59.48463844,115.45844088873,281.825777569858
4182133,2012-01-14 08:06:29,-0.968159627,-59.67013586,134.951702230587,256.418397180921
4182133,2012-01-14 08:36:29,-0.537735713,-59.83324224,154.839599041069,233.315351834244
4182133,2012-01-14 09:06:29,-0.14313225,-59.9903743,172.644581290084,211.196990435211
4182133,2012-01-14 09:36:29,0.178093694,-60.14569663,186.257579438538,190.12201190989
4182133,2012-01-14 10:06:29,0.641155705,-60.31441879,207.011683949241,165.664660822829
4182133,2012-01-14 10:36:29,1.055739658,-60.45484489,225.624337548383,144.812897650165
4182133,2012-01-14 11:06:29,1.467006156,-60.56423677,244.699512430829,127.278062815974
4182133,2012-01-14 11:36:29,1.791544805,-60.64933049,259.657886157988,113.494040036874
4182133,2012-01-14 12:06:29,2.257007258,-60.80364874,279.962953759436,90.0946848405156
4182133,2012-01-14 12:36:29,2.522008309,-60.97538711,288.881849056132,67.6090777026084
4182133,2012-01-14 13:06:29,2.917905498,-61.17481627,303.63215103686,40.1634992157678
4182133,2012-01-14 13:36:29,3.349776653,-61.3439329,320.894772791557,15.3837333208321
4182133,2012-01-14 14:06:29,3.632630695,-61.4658675,331.684559953469,-2.10669900173343
4182133,2012-01-14 14:36:29,3.868079951,-61.68600992,336.709268525237,-29.5042047723618
4182133,2012-01-14 15:06:29,4.239429406,-61.94086526,347.288452415869,-62.7612133428756
4182133,2012-01-14 15:36:29,4.480647008,-62.16763933,351.900005256954,-90.9703178849168
4182133,2012-01-14 16:06:29,4.673243739,-62.35365328,355.259093497459,-114.022399302673
4182133,2012-01-14 16:36:29,4.763304268,-62.56752816,352.435054139651,-138.436996253731
4182133,2012-01-14 17:06:29,4.931027715,-62.83477307,351.501747408414,-169.792746517734
4182133,2012-01-14 17:36:29,5.120880127,-63.00740592,354.775998834562,-191.327505786278
4182133,2012-01-14 18:06:29,5.31275085,-63.14997085,359.082381796558,-209.669041926971
4182133,2012-01-14 18:36:29,5.493396131,-63.29763621,362.557497783522,-228.377622123229
4182133,2012-01-14 19:06:29,5.756489311,-63.46016576,369.333630433626,-250.007711942323
4182133,2012-01-14 19:36:29,6.012211782,-63.61213628,375.976734438695,-270.40126371228
4182133,2012-01-14 20:06:29,6.27773848,-63.77623254,382.475069475415,-292.259620297105
4182133,2012-01-14 20:36:29,6.448413808,-63.88140438,386.57133999017,-306.281820427407
4182133,2012-01-14 21:06:29,6.611129997,-63.98128936,390.423970195846,-319.612546678618
4182133,2012-01-14 21:36:29,6.700673434,-64.07488864,391.046344072014,-331.057067618993
4182133,2012-01-14 22:06:29,6.880859742,-64.20748373,394.338938947074,-348.154651603116
4182133,2012-01-14 22:36:29,6.978431432,-64.2445994,397.420503170301,-353.730620858538
4182133,2012-01-14 23:06:29,7.115306238,-64.33727652,400.140323103789,-365.865721920959
4182133,2012-01-14 23:36:29,7.142930609,-64.35155508,400.855239581095,-367.845525876246
4182133,2012-01-15 00:06:29,7.142006751,-64.37011371,400.0908083254,-369.797932793165
4182133,2012-01-15 00:36:29,7.098526128,-64.45196411,394.914775126797,-377.746540084306
4182133,2012-01-15 01:06:29,7.002511094,-64.59290317,385.063131568726,-391.090223078269
4182133,2012-01-15 01:36:29,6.995957248,-64.60876194,384.150683849842,-392.663356208325
4182133,2012-01-15 02:06:29,6.905150762,-64.79472191,372.842054202198,-410.886853158863
4182133,2012-01-15 02:36:29,6.925207781,-64.99037395,366.186547162318,-431.9656997845
4182133,2012-01-15 03:06:29,7.17864008,-65.17535738,370.312160827058,-455.725195195324
4182133,2012-01-15 03:36:29,7.410443503,-65.33808024,374.177741014317,-476.765971037968
4182133,2012-01-15 04:06:29,7.517477525,-65.39660478,376.573112083865,-484.724756009537
4182133,2012-01-15 04:36:29,7.68932477,-65.62055576,375.144909567314,-511.221413850368
4182133,2012-01-15 05:06:29,7.837422616,-65.8185068,373.589647302123,-534.553880428442
4182133,2012-01-15 05:36:29,8.037591907,-66.0294096,373.617122384976,-560.090734900235
4182133,2012-01-15 06:06:29,8.225100461,-66.22607744,373.526706910501,-583.893649943285
4182133,2012-01-15 06:36:29,8.363666807,-66.35782302,373.92976462865,-600.041362849058
4182133,2012-01-15 07:06:29,8.474210465,-66.3821765,377.570794390959,-604.444594067484
4182133,2012-01-15 07:36:29,8.520714202,-66.55732244,372.197464293523,-623.591737784663
4182133,2012-01-15 08:06:29,8.563731851,-66.79765827,363.905535393799,-649.497760562756
4182133,2012-01-15 08:36:29,8.542742711,-66.99941282,354.56662573694,-670.28819144008
4182133,2012-01-15 09:06:29,8.531128084,-67.15662316,347.486330970981,-686.563795204611
4182133,2012-01-15 09:36:29,8.556766618,-67.35291879,340.266483444795,-707.533094324058
4182133,2012-01-15 10:06:29,8.577608107,-67.61091402,330.224042582587,-734.866412758419
4182133,2012-01-15 10:36:29,8.471756868,-67.8017721,317.976092419465,-753.140256741822
4182133,2012-01-15 11:06:29,8.400234476,-67.86662707,312.424814756731,-758.792467651574
4182133,2012-01-15 11:36:29,8.155831453,-68.08255253,293.800244080508,-777.571787353447
4182133,2012-01-15 12:06:29,7.760790735,-68.31155533,268.954698049702,-795.528494050048
4182133,2012-01-15 12:36:29,7.394972215,-68.52916967,245.969142545347,-812.918081415444
4182133,2012-01-15 13:06:29,7.149752036,-68.77463412,226.722021194132,-835.151923789058
4182133,2012-01-15 13:36:29,6.888071566,-69.02059307,207.022919395242,-857.302712261151
4182133,2012-01-15 14:06:29,6.565077864,-69.26153774,185.430650379096,-878.183866597228
4182133,2012-01-15 14:36:29,6.246513918,-69.52064755,163.548167692387,-901.188659121375
4182133,2012-01-15 15:06:29,5.952779642,-69.74842288,144.026006243408,-921.351862748129
4182133,2012-01-15 15:36:29,5.623621952,-69.96832174,123.725579567735,-940.346289509574
4182133,2012-01-15 16:06:29,5.083715271,-70.13961898,97.8433104093822,-951.695256349744
4182135,2012-01-09 01:45:27,4.082653827,-70.24874533,57.8234477061883,-951.21663478801
4182135,2012-01-09 02:15:27,4.163748407,-70.0608208,67.3015960957177,-932.126524969642
4182135,2012-01-09 02:45:27,4.237120628,-69.99143405,72.399281215324,-925.601329977354
4182135,2012-01-09 03:15:27,4.321740701,-69.93259012,77.5552561711788,-920.34369394634
4182135,2012-01-09 03:45:27,4.314207517,-69.93324813,77.2563700293119,-920.323037205562
4182135,2012-01-09 04:15:27,4.629820254,-69.83633817,92.2572786830658,-913.840782682716
4182135,2012-01-09 04:45:27,4.956151387,-69.69784528,109.248636352708,-903.164755431855
4182135,2012-01-09 05:15:27,5.286566048,-69.53958114,127.257023937857,-890.553864439525
4182135,2012-01-09 05:45:27,5.592397001,-69.38489313,144.375335286667,-878.11975703676
4182135,2012-01-09 06:15:27,5.690790952,-69.25449518,152.932633805327,-865.597573824775
4182135,2012-01-09 06:45:27,5.754729507,-69.16128505,158.833150220799,-856.571900592471
4182135,2012-01-09 07:15:27,5.870549468,-69.01078895,168.877528619468,-842.185703479543
4182135,2012-01-09 07:45:27,5.956306535,-68.88520326,176.885633022297,-830.050665274355
4182135,2012-01-09 08:15:27,6.105543546,-68.73562405,188.277138228474,-816.265651182507
4182135,2012-01-09 08:45:27,6.270008211,-68.64437224,198.091760446986,-808.89767030495
4182135,2012-01-09 09:15:27,6.541474703,-68.5153722,213.554301664144,-799.091420185485
4182135,2012-01-09 09:45:27,6.584846867,-68.48323127,216.482769948232,-796.314831707276
4182135,2012-01-09 10:15:27,6.686819967,-68.41064627,223.268710365853,-790.111827628826
4182135,2012-01-09 10:45:27,6.751541526,-68.36167802,227.70113543312,-785.876261840345
4182135,2012-01-09 11:15:27,6.747300482,-68.36300525,227.484013655257,-785.955067814828
4182135,2012-01-09 11:45:27,6.78607952,-68.33785804,229.979908762804,-783.862294809082
4182135,2012-01-09 12:15:27,6.973352505,-68.25430941,240.57867496694,-777.778517498171
4182135,2012-01-09 12:45:27,6.977242157,-68.2552024,240.695445679876,-777.929650139002
4182135,2012-01-09 13:15:27,6.977651328,-68.25526229,240.709073929865,-777.941959545415
4182135,2012-01-09 13:45:27,7.043812672,-68.22183293,244.61979036901,-775.389970992615
4182135,2012-01-09 14:15:27,7.039803336,-68.22137599,244.480981657204,-775.282817182608
4182135,2012-01-09 14:45:27,7.081917742,-68.18817279,247.446982306843,-772.404483841206
4182135,2012-01-09 15:15:27,7.094829864,-68.18047234,248.258758902468,-771.783768958131
4182135,2012-01-09 15:45:27,7.09024162,-68.17980354,248.105453562403,-771.64552213269
4182135,2012-01-09 16:15:27,7.080190869,-68.17863025,247.758000059699,-771.373465073349
4182135,2012-01-09 16:45:27,7.070308843,-68.17814111,247.389961449931,-771.176047064092
4182135,2012-01-09 17:15:27,7.061565666,-68.17769793,247.064718569988,-771.000332459019
4182135,2012-01-09 17:45:27,7.054808989,-68.17651856,246.846524722369,-770.77637460894
4182135,2012-01-09 18:15:27,7.047743916,-68.17569981,246.601908293881,-770.585897197378
4182135,2012-01-09 18:45:27,7.039442988,-68.17584702,246.270527505356,-770.479039387994
4182135,2012-01-09 19:15:27,7.031730301,-68.17626818,245.951360108229,-770.409770481681
4182135,2012-01-09 19:45:27,7.025391677,-68.17627965,245.702301299007,-770.3175996105
4182135,2012-01-09 20:15:27,7.02505288,-68.17509388,245.73595193243,-770.187622083043
4182135,2012-01-09 20:45:27,7.02067714,-68.17477793,245.576822715742,-770.089868943955
4182135,2012-01-09 21:15:27,7.016463627,-68.17424423,245.432664377787,-769.971562410515
4182135,2012-01-09 21:45:27,7.014929705,-68.17470272,245.354352391924,-769.997306401223
4182135,2012-01-09 22:15:27,7.00951521,-68.1741013,245.165749379226,-769.854195744852
4182135,2012-01-09 22:45:27,7.078616288,-68.1412599,249.179000942186,-767.412192328179
4182135,2012-01-09 23:15:27,7.32183077,-67.98867462,264.841175423312,-754.967007231626
4182135,2012-01-09 23:45:27,7.524001611,-67.81651727,279.777953804999,-739.9140311633
4182135,2012-01-10 00:15:27,7.756746272,-67.69269734,294.075263741835,-730.476389691014
4182135,2012-01-10 00:45:27,8.052991656,-67.53623867,312.351780885905,-718.680610456626
4182135,2012-01-10 01:15:27,8.295294184,-67.36955121,329.016916329022,-705.055154625096
4182135,2012-01-10 01:45:27,8.524183912,-67.21592271,344.711804998076,-692.660464171743
4182135,2012-01-10 02:15:27,8.606973994,-67.17092391,349.969411908447,-689.30150833384
4182135,2012-01-10 02:45:27,8.691421848,-67.12714876,355.25387938392,-686.106582979665
4182135,2012-01-10 03:15:27,8.757250312,-67.05467485,361.007210715342,-679.610472960059
4182135,2012-01-10 03:45:27,8.760936118,-67.05302883,361.227491393761,-679.499280649289
4182135,2012-01-10 04:15:27,8.765955664,-67.04985951,361.566861461574,-679.250835984473
4182135,2012-01-10 04:45:27,8.76268428,-67.05066493,361.399124028392,-679.280929904453
4182135,2012-01-10 05:15:27,8.762761044,-67.04377129,361.694632655778,-678.561052285298
4182135,2012-01-10 05:45:27,8.757512167,-67.04205793,361.552898371961,-678.294905235693
4182135,2012-01-10 06:15:27,8.750850649,-67.04098125,361.326427652948,-678.071991516506
4182135,2012-01-10 06:45:27,8.72402631,-67.04181364,360.195301325904,-677.71533974708
4182135,2012-01-10 07:15:27,8.682813821,-67.03672219,358.726554515841,-676.501688970159
4182135,2012-01-10 07:45:27,8.798026929,-66.98421144,365.664176467923,-672.915678226286
4182135,2012-01-10 08:15:27,9.050200541,-66.8615586,381.241502177797,-664.31542048545
4182135,2012-01-10 08:45:27,9.205710042,-66.77084882,391.543021151553,-657.477082599475
4182135,2012-01-10 09:15:27,9.201895927,-66.7742722,391.23816857258,-657.769559162999
4182135,2012-01-10 09:45:27,9.374322628,-66.70643358,401.286938847715,-653.63914353085
4182135,2012-01-10 10:15:27,9.639692945,-66.58273173,417.663089784884,-645.338334974905
4182135,2012-01-10 10:45:27,9.700847656,-66.5533941,421.486965829763,-643.35109410707
4182135,2012-01-10 11:15:27,9.712095985,-66.53027811,422.969981673971,-641.140595426308
4182135,2012-01-10 11:45:27,9.755834236,-66.48109472,426.951830749493,-636.786552974254
4182135,2012-01-10 12:15:27,9.827839284,-66.41448323,432.887512539542,-631.120828518665
4182135,2012-01-10 12:45:27,10.09126665,-66.33867479,447.2445774241,-627.922629820667
4182135,2012-01-10 13:15:27,10.37643065,-66.27395656,462.062783976733,-626.342698236064
4182135,2012-01-10 13:45:27,10.63112352,-66.12902186,479.298757100568,-615.966611743159
4182135,2012-01-10 14:15:27,10.80399376,-66.0369662,490.770044125627,-609.628216293637
4182135,2012-01-10 14:45:27,10.88496973,-65.95871743,497.771612155333,-603.035170638979
4182135,2012-01-10 15:15:27,11.08764338,-65.81440579,512.998024203827,-591.91508922231
4182135,2012-01-10 15:45:27,11.35823234,-65.73162108,528.335554019115,-588.518711959028
4182135,2012-01-10 16:15:27,11.41158988,-65.70862133,531.678908220399,-587.168948828265
4182135,2012-01-10 16:45:27,11.51205817,-65.65427531,538.501465355601,-583.49735413061
4182135,2012-01-10 17:15:27,11.60285155,-65.5929724,545.254321341623,-578.933101598743
4182135,2012-01-10 17:45:27,11.60885747,-65.59216552,545.548688176903,-578.966790170174
4182135,2012-01-10 18:15:27,11.76401912,-65.56231137,553.582551798917,-578.919607565782
4182135,2012-01-10 18:45:27,12.1153405,-65.50768253,571.186598346118,-580.23309733412
4182135,2012-01-10 19:15:27,12.29056107,-65.46507285,580.720032731785,-579.351953906995
4182135,2012-01-10 19:45:27,12.55776455,-65.42000446,594.321840298234,-580.112464589534
4182135,2012-01-10 20:15:27,12.8750286,-65.40302309,608.701306210059,-584.844370183306
4182135,2012-01-10 20:45:27,13.0067615,-65.29031855,619.895176884708,-576.021460858413
4182135,2012-01-10 21:15:27,13.0380311,-65.23735051,623.856276567233,-571.248703918942
4182135,2012-01-10 21:45:27,13.05019702,-65.14734137,628.83405692492,-562.289360967575
4182135,2012-01-10 22:15:27,13.04708046,-65.14413204,628.858637701301,-561.895954066547
4182135,2012-01-10 22:45:27,13.03641916,-65.14647713,628.283359241907,-561.914034577435
4182135,2012-01-10 23:15:27,13.03947981,-65.13048002,629.206577250136,-560.340163449621
4182135,2012-01-10 23:45:27,13.04810392,-65.12125971,630.034533518459,-559.575979445814
4182135,2012-01-11 00:15:27,13.05506086,-65.11621311,630.584257158755,-559.204405215633
4182135,2012-01-11 00:45:27,13.16679882,-65.01743464,640.307859059408,-551.433459470214
4182135,2012-01-11 01:15:27,13.33484887,-64.88794855,654.04104011536,-541.736517202945
4182135,2012-01-11 01:45:27,13.47722989,-64.76370068,666.455530289881,-532.070645936824
4182135,2012-01-11 02:15:27,13.72563682,-64.65107913,682.976280378741,-525.919735500594
4182135,2012-01-11 02:45:27,14.03019983,-64.54668057,701.616711268716,-521.920196799925
4182135,2012-01-11 03:15:27,14.19570294,-64.52047322,710.213163726967,-522.899570243098
4182135,2012-01-11 03:45:27,14.13875408,-64.45303487,711.171197406512,-514.775256094861
4182135,2012-01-11 04:15:27,13.95407064,-64.41742712,704.858050124468,-507.073088241516
4182135,2012-01-11 04:45:27,13.99049629,-64.39763068,707.472284765266,-505.856849747417
4182135,2012-01-11 05:15:27,14.00227141,-64.3553055,710.148558181727,-501.801541581288
4182135,2012-01-11 05:45:27,14.03230424,-64.36214604,711.126353327004,-503.16229047742
4182135,2012-01-11 06:15:27,14.03285387,-64.37133219,710.682027612726,-504.110768958103
4182135,2012-01-11 06:45:27,14.02513189,-64.39527937,709.119793006379,-506.381095986015
4182135,2012-01-11 07:15:27,14.02599838,-64.40397802,708.714308432256,-507.28680945399
4182135,2012-01-11 07:45:27,14.04274882,-64.39643414,709.837774804965,-506.88770721636
4182135,2012-01-11 08:15:27,13.98670563,-64.40334095,707.014201819294,-506.355460044748
4182135,2012-01-11 08:45:27,14.03588852,-64.38446825,710.145789413837,-505.516681593335
4182135,2012-01-11 09:15:27,14.13218816,-64.31671831,717.86054707309,-500.745693773181
4182135,2012-01-11 09:45:27,14.29692149,-64.26053573,728.029880530216,-498.696296304024
4182135,2012-01-11 10:15:27,14.49252334,-64.24218422,737.631237835923,-501.221173710815
4182135,2012-01-11 10:45:27,14.65290645,-64.148895,749.576951118752,-495.370993545672
4182135,2012-01-11 11:15:27,14.6783393,-64.12414033,751.993903785028,-493.435124472354
4182135,2012-01-11 11:45:27,14.8588224,-64.10269901,761.121978850823,-495.379978158345
4182135,2012-01-11 12:15:27,14.87478848,-64.09948752,761.998548789464,-495.420132451062
4182135,2012-01-11 12:45:27,14.87149281,-64.10075659,761.785832811853,-495.473305819432
4182135,2012-01-11 13:15:27,14.86897877,-64.10176459,761.621481994039,-495.517925868298
4182135,2012-01-11 13:45:27,14.86600154,-64.10256321,761.447562948611,-495.530701270657
4182135,2012-01-11 14:15:27,14.86288295,-64.10329358,761.270954744431,-495.53332461455
4182135,2012-01-11 14:45:27,14.86021643,-64.10353014,761.140275832938,-495.496224789911
4182135,2012-01-11 15:15:27,14.85742796,-64.10309634,761.039304820399,-495.388336553881
4182135,2012-01-11 15:45:27,14.95166531,-64.08631108,766.100437753687,-495.849024797296
4182135,2012-01-11 16:15:27,15.09496278,-64.05356667,774.182746380876,-495.835362745328
4182135,2012-01-11 16:45:27,15.33354213,-64.02321082,786.37542102695,-498.30508458409
4182135,2012-01-11 17:15:27,15.6113167,-63.95792765,802.187013811792,-498.226101409857
4182135,2012-01-11 17:45:27,15.72253566,-63.88364937,811.120673262637,-493.361489790214
4182135,2012-01-11 18:15:27,16.02930781,-63.85481547,826.315908530968,-497.77531167932
4182135,2012-01-11 18:45:27,16.3251341,-63.93874245,834.835308725867,-513.335939088083
4182135,2012-01-11 19:15:27,16.67275502,-64.02735223,845.252203359114,-530.653477653203
4182135,2012-01-11 19:45:27,17.02974571,-64.10607764,856.483298795749,-547.256979847086
4182135,2012-01-11 20:15:27,17.17794807,-64.16739487,859.487294138034,-557.019630359987
4182135,2012-01-11 20:45:27,17.33133338,-64.2767701,859.948572062913,-571.694701575475
4182135,2012-01-11 21:15:27,17.61967404,-64.40812454,864.882124764527,-591.877168107992
4182135,2012-01-11 21:45:27,17.94318346,-64.54365875,870.906597867644,-613.34410838834
4182135,2012-01-11 22:15:27,18.15484681,-64.66075039,873.087532500256,-630.19427418428
4182135,2012-01-11 22:45:27,18.3885116,-64.80643718,874.408616139795,-650.398029811112
4182135,2012-01-11 23:15:27,18.58209521,-64.96812162,872.973148473904,-671.143834216849
4182135,2012-01-11 23:45:27,18.71951211,-65.08281064,871.881505496283,-685.840504120627
4182135,2012-01-12 00:15:27,19.01269057,-65.20713007,876.548726352645,-705.369737928666
4182135,2012-01-12 00:45:27,19.35963631,-65.21348056,890.382862478561,-714.756871911979
4182135,2012-01-12 01:15:27,19.51076421,-65.30507373,890.99495617498,-727.515583713159
4182135,2012-01-12 01:45:27,19.66607133,-65.42907256,889.739196014975,-743.51620530074
4182135,2012-01-12 02:15:27,19.84596249,-65.54488239,889.894701934824,-759.325497010946
4182135,2012-01-12 02:45:27,19.87624723,-65.55697672,890.367345118516,-761.268100268774
4182135,2012-01-12 03:15:27,19.87360543,-65.5586683,890.157376336874,-761.36468522104
4182135,2012-01-12 03:45:27,19.93636189,-65.59727164,890.297784923236,-766.700490200367
4182135,2012-01-12 04:15:27,20.14764392,-65.68426646,893.358762773041,-780.499565057121
4182135,2012-01-12 04:45:27,20.38374372,-65.70423257,901.501379090447,-788.473194586207
4182135,2012-01-12 05:15:27,20.69038761,-65.76908671,909.573085676089,-802.613091157404
4182135,2012-01-12 05:45:27,20.82044579,-65.79856135,912.840752992578,-808.807442812892
4182135,2012-01-12 06:15:27,20.97159258,-65.89602509,912.605434368423,-822.062673415409
4182135,2012-01-12 06:45:27,21.09948905,-66.01281289,910.174281488159,-836.545613657092
4182135,2012-01-12 07:15:27,21.30401709,-66.09651289,912.761207865091,-849.83815799969
4182135,2012-01-12 07:45:27,21.30824288,-66.09748689,912.862221425185,-850.040740163393
4182135,2012-01-12 08:15:27,21.51923174,-66.21978375,913.134328623486,-867.16406641187
4182135,2012-01-12 08:45:27,21.7624626,-66.31028747,916.587781903897,-882.088532948391
4182135,2012-01-12 09:15:27,22.01108174,-66.43289375,918.050059323537,-900.18166212526
4182135,2012-01-12 09:45:27,22.29712711,-66.54345098,921.578413150215,-918.096493314192
4182135,2012-01-12 10:15:27,22.45262098,-66.71563234,916.030795849177,-938.359355990239
4182135,2012-01-12 10:45:27,22.62080223,-66.85033016,913.333860677966,-955.391157979542
4182135,2012-01-12 11:15:27,22.91500254,-66.96951299,916.1907497777,-974.235051979786
4182135,2012-01-12 11:45:27,23.04721411,-67.01352823,918.065067323316,-981.807372264869
4182135,2012-01-12 12:15:27,23.16859656,-67.02245547,921.882594327167,-985.828878056457
4182135,2012-01-12 12:45:27,23.38523297,-67.02432509,929.62444351604,-991.719154687567
4182135,2012-01-12 13:15:27,23.45652298,-67.02327682,932.28052866487,-993.50974660559
4182135,2012-01-12 13:45:27,23.5572011,-67.00355229,937.269043667409,-994.353860168097
4182135,2012-01-12 14:15:27,23.58115747,-66.973178,940.203598340696,-992.176925741064
4182135,2012-01-12 14:45:27,23.58165146,-66.97338342,940.207545541618,-992.20911861679
4182135,2012-01-12 15:15:27,23.58105412,-66.97298566,940.212933896315,-992.156350986472
4182135,2012-01-12 15:45:27,23.66373467,-67.01673957,940.228458342219,-998.411034613247
4182135,2012-01-12 16:15:27,23.90683198,-67.03789295,947.559600059632,-1006.86072565233
4182135,2012-01-12 16:45:27,23.88665854,-66.93107837,954.154108901814,-996.457891989726
4182135,2012-01-12 17:15:27,23.84259598,-66.83833508,958.906282939799,-986.70196543175
4182135,2012-01-12 17:45:27,23.88697806,-66.84722411,959.912310621777,-988.720105523822
4182135,2012-01-12 18:15:27,23.87541395,-66.84648903,959.542079972795,-988.340326089646
4182135,2012-01-12 18:45:27,24.0243442,-66.80663894,967.694417021034,-988.686599006194
4182135,2012-01-12 19:15:27,24.1508495,-66.74406995,976.607739210212,-986.354436800983
4182135,2012-01-12 19:45:27,24.3021679,-66.68833081,985.972889266957,-985.356342265945
4182135,2012-01-12 20:15:27,24.5557611,-66.75443586,990.603495134499,-998.394659559172
4182135,2012-01-12 20:45:27,24.62658147,-66.74269564,993.98820667174,-999.268339245207
4182135,2012-01-12 21:15:27,24.66508164,-66.74884853,994.953432279969,-1000.89400991842
4182135,2012-01-12 21:45:27,24.85876583,-66.78803292,999.210381858195,-1009.8315200402
4182135,2012-01-12 22:15:27,24.97996508,-66.82489345,1000.98504820764,-1016.55427575059
4182135,2012-01-12 22:45:27,24.99410645,-66.82201106,1001.69621065814,-1016.68325987868
4182135,2012-01-12 23:15:27,25.04315376,-66.79746727,1005.18795082287,-1015.80571309384
4182135,2012-01-12 23:45:27,25.11148513,-66.80065236,1007.41996140813,-1017.99601267767
4182135,2012-01-13 00:15:27,25.12943751,-66.80834588,1007.52188623081,-1019.19654521384
4182135,2012-01-13 00:45:27,25.11488639,-66.73650603,1012.06853018961,-1012.24466774193
4182135,2012-01-13 01:15:27,25.0767019,-66.63311574,1017.97981222719,-1001.74882189995
4182135,2012-01-13 01:45:27,24.93497664,-66.71481848,1007.10158229048,-1005.25520345935
4182135,2012-01-13 02:15:27,24.85133951,-66.81471789,997.071176930506,-1012.06509881305
4182135,2012-01-13 02:45:27,24.70470299,-66.9531431,982.109269237618,-1020.68765754234
4182135,2012-01-13 03:15:27,24.614939,-67.06500112,971.085598733976,-1028.47213977046
4182135,2012-01-13 03:45:27,24.61504067,-67.06376915,971.175187239566,-1028.36214916052
4182135,2012-01-13 04:15:27,24.61327314,-67.06172062,971.255002953699,-1028.12653984004
4182135,2012-01-13 04:45:27,24.60497577,-67.06138845,970.981866997762,-1027.87030203642
4182135,2012-01-13 05:15:27,24.57080677,-67.05699138,970.067809679419,-1026.53810877707
4182135,2012-01-13 05:45:27,24.38921053,-67.20700655,953.159557887086,-1035.37144284299
4182135,2012-01-13 06:15:27,24.1881315,-67.37915939,934.10581313408,-1045.78731408877
4182135,2012-01-13 06:45:27,24.09787938,-67.49653422,922.818240480548,-1054.17506692259
4182135,2012-01-13 07:15:27,24.09118916,-67.63653675,912.926144551481,-1066.85685784394
4182135,2012-01-13 07:45:27,24.09385562,-67.72167619,907.145150938393,-1074.74187714666
4182135,2012-01-13 08:15:27,23.89400074,-67.8312924,892.649137146144,-1079.60140731668
4182135,2012-01-13 08:45:27,23.60814243,-67.65167385,894.956435563081,-1055.63717792604
4182135,2012-01-13 09:15:27,23.46714677,-67.55889679,896.301793877973,-1043.40425593193
4182135,2012-01-13 09:45:27,23.36318823,-67.46369609,899.075082860784,-1031.89039194243
4182135,2012-01-13 10:15:27,23.05944191,-67.26725162,901.464505993898,-1005.75383573245
4182135,2012-01-13 10:45:27,22.80773172,-67.06760068,905.720922144991,-980.5918289396
4182135,2012-01-13 11:15:27,22.39447564,-66.9395186,899.090448134208,-957.868784824333
4182135,2012-01-13 11:45:27,21.94407241,-66.82193444,890.145121187174,-935.18099771843
4182135,2012-01-13 12:15:27,21.34137513,-66.91343221,861.788076020827,-928.495221729017
4182135,2012-01-13 12:45:27,20.74229854,-66.99346483,834.339799695924,-921.149194341538
4182135,2012-01-13 13:15:27,20.15793541,-67.04113429,809.486306804192,-911.381125285561
4182135,2012-01-13 13:45:27,19.57190802,-67.12934655,782.057427270046,-905.763743381663
4182135,2012-01-13 14:15:27,19.23777014,-67.18956739,765.83949781895,-903.664409953815
4182135,2012-01-13 14:45:27,19.22249176,-67.19129979,765.160595774036,-903.472201325319
4182135,2012-01-13 15:15:27,18.88807519,-67.10954179,757.49591613659,-887.696573948808
4182135,2012-01-13 15:45:27,18.66109091,-66.96296152,757.653434722533,-868.135014393338
4182135,2012-01-13 16:15:27,18.43159027,-66.75055561,761.477040778556,-842.055715368189
4182135,2012-01-13 16:45:27,18.21634376,-66.5444864,765.288748483344,-816.864844286204
4182135,2012-01-13 17:15:27,17.91019862,-66.34970393,764.678294628718,-790.592438202641
4182135,2012-01-13 17:45:27,17.50921846,-66.20449294,757.185518967953,-766.949528885204
4182135,2012-01-13 18:15:27,17.11785976,-66.04999064,750.347341688516,-742.616464898501
4182135,2012-01-13 18:45:27,16.76435051,-65.9118967,743.859563767747,-720.782708262779
4182135,2012-01-13 19:15:27,16.34471437,-65.74855366,735.846889844056,-694.927418976087
4182135,2012-01-13 19:45:27,15.88793323,-65.59483731,725.46787317026,-669.205694167116
4182135,2012-01-13 20:15:27,15.55868685,-65.47241848,718.417244788629,-649.519104442581
4182135,2012-01-13 20:45:27,15.1468486,-65.43107286,703.398152908996,-636.178363685251
4182135,2012-01-13 21:15:27,14.98963559,-65.4987657,693.21404149135,-639.532560096923
4182135,2012-01-13 21:45:27,14.86364711,-65.51919865,686.857292310483,-638.830198027273
4182135,2012-01-13 22:15:27,14.86291443,-65.51723235,686.930340144376,-638.615653229312
4182135,2012-01-13 22:45:27,14.59760152,-65.48567895,677.456464227892,-629.642070912831
4182135,2012-01-13 23:15:27,14.26371738,-65.50278662,662.524470385716,-624.165577104825
4182135,2012-01-13 23:45:27,14.24763983,-65.50778608,661.589315155574,-624.327563927922
4182135,2012-01-14 00:15:27,14.2476894,-65.50783012,661.589125597466,-624.333093156791
4182135,2012-01-14 00:45:27,14.24947306,-65.51037757,661.532540658417,-624.629678969404
4182135,2012-01-14 01:15:27,14.24800362,-65.5099206,661.49431621141,-624.551822513075
4182135,2012-01-14 01:45:27,14.24392596,-65.51080041,661.277241645815,-624.55359268738
4182135,2012-01-14 02:15:27,14.24211446,-65.5112226,661.1791896203,-624.557562189809
4182135,2012-01-14 02:45:27,14.23876099,-65.51135073,661.031437799093,-624.498653082614
4182135,2012-01-14 03:15:27,14.23407241,-65.51176175,660.812880923061,-624.439821518567
4182135,2012-01-14 03:45:27,14.10184223,-65.51102977,655.28282578309,-621.53732137592
4182135,2012-01-14 04:15:27,14.09349867,-65.51030791,654.96843618002,-621.286005523252
4182135,2012-01-14 04:45:27,14.0846369,-65.50930659,654.646532593368,-620.995306163634
4182135,2012-01-14 05:15:27,14.07629108,-65.50843153,654.339829156934,-620.728472259303
4182135,2012-01-14 05:45:27,14.05125786,-65.4939182,654.029873353262,-618.721043977122
4182135,2012-01-14 06:15:27,13.87519603,-65.37659938,652.584694508967,-603.048334022046
4182135,2012-01-14 06:45:27,13.77877722,-65.29753724,652.509910637924,-592.952559917283
4182135,2012-01-14 07:15:27,13.71733175,-65.26534605,651.52390781311,-588.368931261371
4182135,2012-01-14 07:45:27,13.72980554,-65.26329449,652.160187292967,-588.424906146344
4182135,2012-01-14 08:15:27,13.76596824,-65.25982267,653.879356980407,-588.840136446792
4182135,2012-01-14 08:45:27,13.70258836,-65.24187387,652.0838920787,-585.664712175194
4182135,2012-01-14 09:15:27,13.73485342,-65.25625744,652.732492645702,-587.815430700036
4182135,2012-01-14 09:45:27,13.76667707,-65.27280375,653.250465980999,-590.177030154534
4182135,2012-01-14 10:15:27,13.80899065,-65.28019789,654.678569182112,-591.830177659406
4182135,2012-01-14 10:45:27,13.65928695,-65.27067414,648.777062045488,-587.68055177048
4182135,2012-01-14 11:15:27,13.65512628,-65.27044916,648.610869016232,-587.569474877344
4182135,2012-01-14 11:45:27,13.61381186,-65.27085369,646.82688899958,-586.736076765566
4182135,2012-01-14 12:15:27,13.43189072,-65.35112791,635.025724711778,-591.091387652909
4182135,2012-01-14 12:45:27,13.38173765,-65.45852099,627.504263655922,-601.000520660124
4182135,2012-01-14 13:15:27,13.34482273,-65.53930804,621.890644385295,-608.475445887507
4182135,2012-01-14 13:45:27,13.35129356,-65.62171398,618.033518995136,-617.016946294081
4182135,2012-01-14 14:15:27,13.38846703,-65.6460783,618.377054728373,-620.272264453075
4182135,2012-01-14 14:45:27,13.3882834,-65.64739109,618.303409997142,-620.402329233191
4182135,2012-01-14 15:15:27,13.44901726,-65.68248896,619.093493397425,-625.239932132688
4182135,2012-01-14 15:45:27,13.49831654,-65.52997836,628.849885569994,-610.721291780134
4182135,2012-01-14 16:15:27,13.70015467,-65.48447268,639.683965880673,-610.319956847201
4182135,2012-01-14 16:45:27,13.95561605,-65.59587267,644.777398679465,-627.044741214904
4182135,2012-01-14 17:15:27,14.0200502,-65.68468652,642.927115307109,-637.427811993767
4182135,2012-01-14 17:45:27,14.06897291,-65.58372009,650.163455495353,-628.216031231211
4182135,2012-01-14 18:15:27,14.0873572,-65.51261054,654.591332489962,-621.388755310283
4182135,2012-01-14 18:45:27,14.28192234,-65.6314514,656.631930152017,-637.598442008642
4182135,2012-01-14 19:15:27,14.3850126,-65.71487307,656.611445131053,-648.253719276904
4182135,2012-01-14 19:45:27,14.4444385,-65.70681304,659.507853880453,-648.710928617255
4182135,2012-01-14 20:15:27,14.45606932,-65.71625157,659.500952028617,-649.915520201141
4182135,2012-01-14 20:45:27,14.5394626,-65.78068169,659.6079374189,-658.221745918524
4182135,2012-01-14 21:15:27,14.60005651,-65.82448732,659.829566011964,-663.95031625766
4182135,2012-01-14 21:45:27,14.61319815,-65.80452949,661.419638037388,-662.215963472075
4182135,2012-01-14 22:15:27,14.58264867,-65.81021787,659.855178164258,-662.134503490236
4182135,2012-01-14 22:45:27,14.58332363,-65.80997671,659.895784099039,-662.124622152965
4182135,2012-01-14 23:15:27,14.46339104,-65.89547621,650.463220967313,-668.20218473163
4182135,2012-01-14 23:45:27,14.47609068,-65.94056936,648.635407915755,-673.032426139302
4182135,2012-01-15 00:15:27,14.47143899,-65.94173968,648.382393026612,-673.051688006114
4182135,2012-01-15 00:45:27,14.468114,-65.94336978,648.160146971037,-673.145706526444
4182135,2012-01-15 01:15:27,14.46652246,-65.944613,648.029620498163,-673.237523921673
4182135,2012-01-15 01:45:27,14.46438822,-65.94552363,647.894058132347,-673.284165170719
4182135,2012-01-15 02:15:27,14.46348639,-65.94604598,647.829601827203,-673.317784203526
4182135,2012-01-15 02:45:27,14.46202986,-65.94653892,647.743795035176,-673.336624457663
4182135,2012-01-15 03:15:27,14.46003127,-65.94652828,647.66189110269,-673.293012293856
4182135,2012-01-15 03:45:27,14.45768584,-65.94590452,647.597651441046,-673.1800261177
4182135,2012-01-15 04:15:27,14.45478139,-65.9450839,647.520604126467,-673.035239710872
4182135,2012-01-15 04:45:27,14.45096938,-65.94476478,647.379946380807,-672.921856568421
4182135,2012-01-15 05:15:27,14.447528,-65.94467907,647.242405750498,-672.839970261179
4182135,2012-01-15 05:45:27,14.44374823,-65.94427648,647.107414540468,-672.718848782432
4182135,2012-01-15 06:15:27,14.4391956,-65.94370685,646.949224184819,-672.564403912966
4182135,2012-01-15 06:45:27,14.43466036,-65.94340857,646.777595616649,-672.437782190529
4182135,2012-01-15 07:15:27,14.43037944,-65.94309512,646.617243299785,-672.315046673099
4182135,2012-01-15 07:45:27,14.42551609,-65.94265441,646.43947032093,-672.167068209618
4182135,2012-01-15 08:15:27,14.41902987,-65.94235246,646.18746595084,-671.998640940228
4182135,2012-01-15 08:45:27,14.33921948,-65.9545077,642.260642668861,-671.534565213607
4182135,2012-01-15 09:15:27,14.39226646,-65.98681732,642.768518448058,-675.927956027985
4182135,2012-01-15 09:45:27,14.44918985,-65.99559563,644.655996987193,-678.023696552392
4182135,2012-01-15 10:15:27,14.34087589,-65.99725717,640.107927295006,-675.895550717405
4182135,2012-01-15 10:45:27,14.33095667,-65.99831051,639.644467621686,-675.792280790778
4182135,2012-01-15 11:15:27,14.38083473,-66.00358079,641.425199270848,-677.381325205953
4182135,2012-01-15 11:45:27,14.60816314,-66.01048928,650.417283960076,-682.913111276644
4182135,2012-01-15 12:15:27,14.60869444,-66.01174279,650.373397343709,-683.051032939883
4182135,2012-01-15 12:45:27,14.7194645,-66.02691596,654.125694045728,-686.950182857222
4182135,2012-01-15 13:15:27,14.76982202,-66.04008058,655.49797287398,-689.356844553163
4182135,2012-01-15 13:45:27,14.83126181,-66.07505132,656.168987680789,-694.200184317207
4182135,2012-01-15 14:15:27,14.77846824,-66.07977823,653.75880736403,-693.545343689441
4182135,2012-01-15 14:45:27,14.78356414,-66.08097493,653.904248580297,-693.775119877489
4182135,2012-01-15 15:15:27,14.71890124,-66.06314726,652.195622844538,-690.59351208179
4182135,2012-01-15 15:45:27,14.39991238,-65.98702144,643.072961830508,-676.110751147995
4182135,2012-01-15 16:15:27,14.36059307,-65.95799044,642.96184628675,-672.340040197535
4182135,2012-01-15 16:45:27,14.35938747,-65.95916229,642.851174964017,-672.433049961413
4182135,2012-01-15 17:15:27,14.32018382,-65.93570925,642.450649614379,-669.228608135673
4182135,2012-01-15 17:45:27,14.08354774,-65.8372608,637.733193134055,-654.250754945087
4182135,2012-01-15 18:15:27,14.17819331,-65.80935343,643.106512180042,-653.421691409973
4182135,2012-01-15 18:45:27,14.35133908,-65.82329656,649.577773077087,-658.51138017199
4182135,2012-01-15 19:15:27,14.3893528,-65.77256122,653.793492299583,-654.186354473272
4182135,2012-01-15 19:45:27,14.30165401,-65.78603958,649.446761968954,-653.681044584972
4182135,2012-01-15 20:15:27,14.56479516,-65.85161363,656.949426995099,-665.935299849236
4182135,2012-01-15 20:45:27,14.65740115,-65.8659145,660.030864189184,-669.366975890453
4182135,2012-01-15 21:15:27,14.64359188,-65.87067603,659.210174384928,-669.551311853885
4182135,2012-01-15 21:45:27,14.65853785,-65.91948338,657.265986432963,-674.801004715593
4182135,2012-01-15 22:15:27,14.64958832,-65.92714628,656.49467147434,-675.382926889392
4182135,2012-01-15 22:45:27,14.52841769,-66.01701638,646.79726095144,-681.873058276016
4182135,2012-01-15 23:15:27,14.59867912,-66.24041697,637.96953565158,-705.922872751412
4182135,2012-01-15 23:45:27,14.50718678,-66.47719285,621.851770020214,-727.89167719958
4182135,2012-01-16 00:15:27,14.35889757,-66.68808473,604.875499457243,-746.094539981173
4182135,2012-01-16 00:45:27,14.16620684,-66.70626512,596.221325454341,-743.963963551265
4182135,2012-01-16 01:15:27,13.78203098,-66.65082756,583.660778657365,-730.512917716527
4182135,2012-01-16 01:45:27,13.37242402,-66.61332967,569.049585554179,-718.446761214029
4182135,2012-01-16 02:15:27,13.32280259,-66.81046066,557.11804883292,-737.503218199678
4182135,2012-01-16 02:45:27,13.21958916,-66.93916881,546.517327731432,-748.551448148307
4182135,2012-01-16 03:15:27,13.2189952,-66.93981188,546.461340667672,-748.605161955787
4182135,2012-01-16 03:45:27,13.24814868,-66.9784767,545.67992407854,-753.111402568945
4182135,2012-01-16 04:15:27,13.1966379,-66.99973554,542.561923698674,-754.260740510025
4182135,2012-01-16 04:45:27,12.96707267,-66.93402018,536.693240028009,-743.075702428146
4182135,2012-01-16 05:15:27,12.77946821,-66.94313891,528.739956060793,-740.355361968504
4182135,2012-01-16 05:45:27,12.67326482,-66.88227683,527.488427019888,-732.085362943311
4182135,2012-01-16 06:15:27,12.93599329,-66.84833971,539.710823727852,-733.735643648596
4182135,2012-01-16 06:45:27,13.00181982,-66.89861886,539.846044831864,-740.147893954887
4182135,2012-01-16 07:15:27,13.08674471,-66.95286355,540.531783978856,-747.335555232373
4182135,2012-01-16 07:45:27,13.10691368,-66.9603066,540.964034984202,-748.488505509265
4182135,2012-01-16 08:15:27,13.14706317,-66.98382039,541.38676365783,-751.668782608785
4182135,2012-01-16 08:45:27,12.98287527,-66.92224346,537.911313004415,-742.184406585159
4182135,2012-01-16 09:15:27,12.77819855,-66.85189614,533.200407242786,-731.020163448623
4182135,2012-01-16 09:45:27,12.55598084,-66.74228113,529.643591528248,-715.509166469833
4182135,2012-01-16 10:15:27,12.49614382,-66.68956468,529.802971250856,-708.958749331475
4182135,2012-01-16 10:45:27,12.41658159,-66.63916387,529.035254903222,-702.260884727964
4182135,2012-01-16 11:15:27,12.33520479,-66.60936882,527.175868105414,-697.636812547247
4182135,2012-01-16 11:45:27,12.13767788,-66.48731615,525.017209924644,-681.315270506943
4182135,2012-01-16 12:15:27,11.80309202,-66.34257403,518.184704862203,-660.025323859099
4182135,2012-01-16 12:45:27,11.70900463,-66.29766935,516.425707525368,-653.607426112946
4182135,2012-01-16 13:15:27,11.71225369,-66.2930218,516.780721186736,-653.191050678993
4182135,2012-01-16 13:45:27,11.72096681,-66.30180059,516.725191428468,-654.260980068664
4182135,2012-01-16 14:15:27,11.700478,-66.24318927,518.654979315882,-647.836152225997
4182135,2012-01-16 14:45:27,11.69023441,-66.24009687,518.376149759772,-647.321989841786
4182135,2012-01-16 15:15:27,11.70011259,-66.25092045,518.273380065739,-648.625120656084
4182135,2012-01-16 15:45:27,11.72382703,-66.16372987,523.392909808633,-640.102350348676
4182135,2012-01-16 16:15:27,11.79044441,-66.06701598,530.763318264451,-631.427254134491
4182135,2012-01-16 16:45:27,11.87557814,-66.04193644,535.516699641137,-630.492093103385
4182135,2012-01-16 17:15:27,11.87478611,-66.04435491,535.368323489347,-630.725591408652
4182135,2012-01-16 17:45:27,11.87476015,-66.04690789,535.245579104024,-630.98776845288
4182135,2012-01-16 18:15:27,11.87395022,-66.04937989,535.093910862289,-631.226429015671
4182135,2012-01-16 18:45:27,12.03696996,-65.98301167,545.088080522683,-627.570892017519
4182135,2012-01-16 19:15:27,12.26051503,-65.97978352,554.600943687703,-631.622502896219
4182135,2012-01-16 19:45:27,12.39635894,-66.07127873,555.837655714628,-643.686296672601
4182135,2012-01-16 20:15:27,12.36522101,-66.07277333,554.468602028664,-643.225758999914
4182135,2012-01-16 20:45:27,12.37517533,-66.12973343,552.117939193458,-649.262630323297
4182135,2012-01-16 21:15:27,12.34526552,-66.12211614,551.244869362973,-647.893461433446
4182135,2012-01-16 21:45:27,12.31177603,-66.10185432,550.834341680036,-645.157216135764
4182135,2012-01-16 22:15:27,12.29721182,-66.10048009,550.294911159441,-644.730219537199
4182135,2012-01-16 22:45:27,12.27184817,-66.08256462,550.105860175731,-642.394103490015
4182135,2012-01-16 23:15:27,12.24084734,-66.079085,548.982671039519,-641.428834542278
4182135,2012-01-16 23:45:27,12.21379945,-66.18356576,542.812428827466,-651.622809990013
4182135,2012-01-17 00:15:27,12.06141275,-66.37762564,527.164837325663,-668.587388640153
4182135,2012-01-17 00:45:27,11.94110473,-66.57053335,512.972385083564,-686.09095185454
4182135,2012-01-17 01:15:27,11.90749794,-66.76157868,502.454759060752,-705.071897260839
4182135,2012-01-17 01:45:27,11.84699214,-66.80913041,497.728266918363,-708.813092513653
4182135,2012-01-17 02:15:27,11.81889106,-66.85183964,494.551284114792,-712.671145945493
4182135,2012-01-17 02:45:27,11.77367988,-66.99462791,485.914467323646,-726.490709190271
4182135,2012-01-17 03:15:27,11.73692839,-67.15762811,476.669320061113,-742.547675982492
4182135,2012-01-17 03:45:27,11.66754395,-67.34251495,465.103642371385,-760.254811698922
4182135,2012-01-17 04:15:27,11.38374622,-67.52653801,445.183771310898,-774.002376940044
4182135,2012-01-17 04:45:27,10.99057647,-67.6935179,421.933380380295,-784.175359914591
4182135,2012-01-17 05:15:27,10.48727178,-67.85850962,394.666672123893,-792.426999131127
4182135,2012-01-17 05:45:27,9.819195641,-67.895431,366.920332214097,-784.904653738455
4182135,2012-01-17 06:15:27,9.536219528,-68.06211228,348.517100402016,-797.516931646633
4182135,2012-01-17 06:45:27,9.381530099,-68.18496947,337.127847282978,-807.757655087974
4182135,2012-01-17 07:15:27,9.073843659,-68.36403196,317.472579482212,-821.433907805457
4182135,2012-01-17 07:45:27,8.758339267,-68.5585648,297.02364683299,-836.725696756319
4182135,2012-01-17 08:15:27,8.492847251,-68.75755748,278.467456831392,-853.38298929569
4182135,2012-01-17 08:45:27,8.105503937,-68.92229025,256.921128468862,-864.728587871797
4182135,2012-01-17 09:15:27,7.684955693,-69.08916559,234.23117259491,-875.980898744829
4182135,2012-01-17 09:45:27,7.386386015,-69.28347245,215.179843789479,-892.049365189244
4182135,2012-01-17 10:15:27,7.28768086,-69.30701814,210.560611878925,-893.1124989548
4182135,2012-01-17 10:45:27,6.920913956,-69.41372143,192.688496912425,-899.161962486959
4182135,2012-01-17 11:15:27,6.553628899,-69.60751352,171.507742054618,-914.515627445973
4182135,2012-01-17 11:45:27,6.067629016,-69.78439882,146.858182225242,-926.670078076109
4182135,2012-01-17 12:15:27,5.559097634,-69.96123553,121.646991897029,-938.768440380546
4182135,2012-01-17 12:45:27,5.427090507,-70.08358519,112.309090502169,-950.054439381304
4182135,2012-01-17 13:15:27,5.245714408,-70.08561603,105.676635551493,-947.984743710653
4182403,2011-12-13 17:14:53,4.620002812,-70.18760297,79.3705757736702,-951.110659570842
4182403,2011-12-13 17:44:53,4.46646187,-70.03706687,79.1552168534497,-933.224821850104
4182403,2011-12-13 18:14:53,4.330700022,-69.95368629,77.1421650334541,-922.700676730964
4182403,2011-12-13 18:44:53,4.127571311,-69.866802,72.7300356373194,-910.993768351246
4182403,2011-12-13 19:14:53,3.747595333,-69.77039317,62.0325900499133,-896.182408877735
4182403,2011-12-13 19:44:53,3.345388614,-69.66387632,50.6860028256713,-880.082895301657
4182403,2011-12-13 20:14:53,2.891458912,-69.53595861,37.9104684567017,-861.156235946632
4182403,2011-12-13 20:44:53,2.496601676,-69.41275613,26.9765841773901,-843.468876179547
4182403,2011-12-13 21:14:53,2.200136872,-69.2992855,19.2880148844304,-827.965171561535
4182403,2011-12-13 21:44:53,1.920555534,-69.20111808,11.6405473772597,-814.320191817151
4182403,2011-12-13 22:14:53,1.66132032,-69.12346852,4.04534014539217,-803.13420478536
4182403,2011-12-13 22:44:53,1.308702014,-69.00928224,-6.16730458240863,-787.033238375272
4182403,2011-12-13 23:14:53,0.857174808,-68.85450493,-19.240873019045,-765.554731686475
4182403,2011-12-13 23:44:53,0.336760733,-68.73656124,-36.3392848053372,-747.45120172841
4182403,2011-12-14 00:14:53,-0.23534775,-68.6454307,-56.4662790048371,-731.887071535843
4182403,2011-12-14 00:44:53,-0.714307479,-68.57880355,-73.7456131340616,-720.04435388985
4182403,2011-12-14 01:14:53,-1.141738791,-68.52557512,-89.4452195767856,-710.263040368763
4182403,2011-12-14 01:44:53,-1.474417325,-68.53035042,-102.867160726018,-707.768060105587
4182403,2011-12-14 02:14:53,-1.756202464,-68.56730534,-115.030142129126,-709.309794806996
4182403,2011-12-14 02:44:53,-2.212553429,-68.59017493,-133.81417198118,-707.884846125126
4182403,2011-12-14 03:14:53,-2.751002794,-68.60505395,-155.69250765272,-705.061567558103
4182403,2011-12-14 03:44:53,-3.311837638,-68.60556947,-178.167658159431,-700.68424567272
4182403,2011-12-14 04:14:53,-3.884317586,-68.59718342,-200.964031384925,-695.44992895396
4182403,2011-12-14 04:44:53,-4.465159925,-68.59800119,-224.323143638174,-691.384089244436
4182403,2011-12-14 05:14:53,-5.052263622,-68.60434854,-248.064893921788,-688.10946450829
4182403,2011-12-14 05:44:53,-5.665058057,-68.65079613,-273.537786981054,-689.332738730148
4182403,2011-12-14 06:14:53,-6.29410502,-68.71627116,-299.893575601435,-692.826816391231
4182403,2011-12-14 06:44:53,-6.987950364,-68.75459618,-328.336161177239,-693.251216354134
4182403,2011-12-14 07:14:53,-7.706352898,-68.78070124,-357.541665426577,-692.530180599813
4182403,2011-12-14 07:44:53,-8.27702658,-68.65502414,-378.933560232853,-675.96130477548
4182403,2011-12-14 08:14:53,-8.793964871,-68.48147752,-397.883034911848,-654.488718421523
4182403,2011-12-14 08:44:53,-9.208400498,-68.35052295,-413.407748012606,-638.290381623782
4182403,2011-12-14 09:14:53,-9.607471278,-68.22343126,-428.542384440776,-622.675880332646
4182403,2011-12-14 09:44:53,-10.1200677,-68.08849074,-448.513518252404,-605.904155620399
4182403,2011-12-14 10:14:53,-10.64078491,-67.951009,-469.066624719465,-588.986261666189
4182403,2011-12-14 10:44:53,-11.06613286,-67.78672275,-485.687458730462,-569.505926625729
4182403,2011-12-14 11:14:53,-11.47880317,-67.61958803,-502.011950003123,-549.849138716758
4182403,2011-12-14 11:44:53,-11.58975823,-67.50051576,-505.990092770431,-536.327358459041
4182403,2011-12-14 12:14:53,-11.69993739,-67.38114402,-509.981711049632,-522.780438861636
4182403,2011-12-14 12:44:53,-11.85185837,-67.24005125,-515.697387584348,-506.729215246267
4182403,2011-12-14 13:14:53,-11.99678615,-67.10098163,-521.198971756294,-490.930974305861
4182403,2011-12-14 13:44:53,-12.00748346,-67.01731308,-521.214416546027,-481.590239574307
4182403,2011-12-14 14:14:53,-12.02137927,-66.93398836,-521.374896199481,-472.28113140277
4182403,2011-12-14 14:44:53,-12.10730394,-66.8577385,-524.73345050271,-463.611534607492
4182403,2011-12-14 15:14:53,-12.18867275,-66.783307,-527.924748188606,-455.157867636931
4182403,2011-12-14 15:44:53,-12.24584552,-66.71990683,-530.12561223444,-447.983783422063
4182403,2011-12-14 16:14:53,-12.30263304,-66.63370218,-532.212776134993,-438.272191568612
4182403,2011-12-14 16:44:53,-12.35823495,-66.40559076,-533.596441005859,-412.757728750807
4182403,2011-12-14 17:14:53,-12.40578421,-66.18183473,-534.684716241124,-387.74466834025
4182403,2011-12-14 17:44:53,-12.39631604,-65.9923482,-533.38094075944,-366.656070568794
4182403,2011-12-14 18:14:53,-12.39892972,-65.79947786,-532.608685599356,-345.168330621131
4182403,2011-12-14 18:44:53,-12.51778051,-65.57214713,-537.041333498226,-319.626196079751
4182403,2011-12-14 19:14:53,-12.64484627,-65.34572925,-541.957820190275,-294.17941730363
4182403,2011-12-14 19:44:53,-12.83128549,-65.12421528,-549.782922742757,-269.191456534549
4182403,2011-12-14 20:14:53,-12.97442407,-64.92401832,-555.783561096772,-246.665699763165
4182403,2011-12-14 20:44:53,-13.01619612,-64.777348,-557.245897289213,-230.263569015367
4182403,2011-12-14 21:14:53,-13.07459413,-64.62762037,-559.514655378137,-213.497678384276
4182403,2011-12-14 21:44:53,-13.16725112,-64.47150813,-563.440771234796,-195.97467803228
4182403,2011-12-14 22:14:53,-13.24034824,-64.3410575,-566.551988950633,-181.342249403955
4182403,2011-12-14 22:44:53,-13.27762949,-64.25977306,-568.107351166691,-172.237340277087
4182403,2011-12-14 23:14:53,-13.3109082,-64.13165019,-569.340570911091,-157.920476184776
4182403,2011-12-14 23:44:53,-13.33739089,-63.92367533,-570.024862629254,-134.71725867986
4182403,2011-12-15 00:14:53,-13.34108238,-63.71620882,-569.605171985983,-111.600476576006
4182403,2011-12-15 00:44:53,-13.30528675,-63.50951604,-567.226792501281,-88.6218783824643
4182403,2011-12-15 01:14:53,-13.28146113,-63.38788479,-565.677722520572,-75.1044896957956
4182403,2011-12-15 01:44:53,-13.27368427,-63.38462102,-565.279349112479,-74.7513758937957
4182403,2011-12-15 02:14:53,-13.26730866,-63.37977934,-564.94616546422,-74.2206490276221
4182403,2011-12-15 02:44:53,-13.26227681,-63.37342529,-564.675478715038,-73.5196674698091
4182403,2011-12-15 03:14:53,-13.2591217,-63.36685503,-564.497868094666,-72.792073532707
4182403,2011-12-15 03:44:53,-13.25746049,-63.36011272,-564.394380661277,-72.0432918669949
4182403,2011-12-15 04:14:53,-13.25927182,-63.35289029,-564.463118343054,-71.2363089656383
4182403,2011-12-15 04:44:53,-13.26290118,-63.34541627,-564.622115661834,-70.3988362994614
4182403,2011-12-15 05:14:53,-13.27804346,-63.31999144,-565.303742831994,-67.5462583894487
4182403,2011-12-15 05:44:53,-13.29831427,-63.28650278,-566.219974845777,-63.7887595143811
4182403,2011-12-15 06:14:53,-13.31378331,-63.10770331,-566.472302895148,-43.8515148145525
4182403,2011-12-15 06:44:53,-13.32629161,-62.84520312,-566.34228507438,-14.5954273627567
4182403,2011-12-15 07:14:53,-13.34932329,-62.59419572,-566.798693850549,13.3935076747184
4182403,2011-12-15 07:44:53,-13.37629801,-62.34802964,-567.494411776906,40.8473668270872
4182403,2011-12-15 08:14:53,-13.43596996,-62.13811088,-570.018533579008,64.304558580463
4182403,2011-12-15 08:44:53,-13.5050948,-61.93963171,-573.112411068036,86.4963064602862
4182403,2011-12-15 09:14:53,-13.60354846,-61.76664625,-577.86428919707,105.878520419118
4182403,2011-12-15 09:44:53,-13.70693086,-61.59887413,-582.948398196783,124.677844987533
4182403,2011-12-15 10:14:53,-13.75561719,-61.47872928,-585.276027672484,138.109796528021
4182403,2011-12-15 10:44:53,-13.79748683,-61.36434142,-587.271297318734,150.891960276864
4182403,2011-12-15 11:14:53,-13.88335138,-61.18076102,-591.512071186955,171.420268457088
4182403,2011-12-15 11:44:53,-13.97306162,-60.98938497,-596.001630892053,192.814122065954
4182403,2011-12-15 12:14:53,-13.9786966,-60.96937692,-596.271741587055,195.047281100708
4182403,2011-12-15 12:44:53,-13.97661263,-60.96540627,-596.15202226716,195.487750444246
4182403,2011-12-15 13:14:53,-13.97553221,-60.961541,-596.086797654573,195.917328967977
4182403,2011-12-15 13:44:53,-13.98216969,-60.923003,-596.37953758219,200.215072457412
4182403,2011-12-15 14:14:53,-14.03077874,-60.6939482,-598.637984610365,225.765531854988
4182403,2011-12-15 14:44:53,-14.0876432,-60.4883257,-601.425182981206,248.710252694368
4182403,2011-12-15 15:14:53,-14.16885867,-60.34739115,-605.689982577044,264.465058895092
4182403,2011-12-15 15:44:53,-14.2463309,-60.21622079,-609.798719819653,279.124578795146
4182403,2011-12-15 16:14:53,-14.31562344,-60.11009317,-613.515828919047,290.985459821658
4182403,2011-12-15 16:44:53,-14.39195975,-59.98138115,-617.627597488324,305.361016388774
4182403,2011-12-15 17:14:53,-14.48475591,-59.80069194,-622.649794014214,325.527180070942
4182403,2011-12-15 17:44:53,-14.57960132,-59.6109148,-627.837857757276,346.698554681502
4182403,2011-12-15 18:14:53,-14.68044969,-59.40019595,-633.416037334215,370.195577165206
4182403,2011-12-15 18:44:53,-14.77117764,-59.23235839,-638.503734092322,388.906451032113
4182403,2011-12-15 19:14:53,-14.8420685,-59.15875467,-642.529688176667,397.114232764835
4182403,2011-12-15 19:44:53,-14.88788146,-59.10866584,-645.140250574564,402.697064370213
4182403,2011-12-15 20:14:53,-14.88952086,-59.10051112,-645.232638394779,403.605267548101
4182403,2011-12-15 20:44:53,-14.8888435,-59.08927606,-645.191753514747,404.856250803186
4182403,2011-12-15 21:14:53,-14.88418841,-59.07274611,-644.921808945829,406.696438223496
4182403,2011-12-15 21:44:53,-14.82474747,-58.98765951,-641.48915246694,416.163477952261
4182403,2011-12-15 22:14:53,-14.68855316,-58.80503355,-633.567063030115,436.470021176279
4182403,2011-12-15 22:44:53,-14.51265642,-58.6706836,-623.295670038509,451.368504444112
4182403,2011-12-15 23:14:53,-14.28971445,-58.59245093,-610.273174097041,459.963511281258
4182403,2011-12-15 23:44:53,-14.19570716,-58.55772704,-604.762458919304,463.767960517639
4182403,2011-12-16 00:14:53,-14.19320622,-58.55429444,-604.612350892798,464.148393148178
4182403,2011-12-16 00:44:53,-14.19765506,-58.54788753,-604.862708320069,464.86482597691
4182403,2011-12-16 01:14:53,-14.20698464,-58.5393895,-605.39452828012,465.817427131708
4182403,2011-12-16 01:44:53,-14.20907956,-58.534328,-605.509848620335,466.382400878784
4182403,2011-12-16 02:14:53,-14.20696836,-58.53126577,-605.382901725376,466.721892865395
4182403,2011-12-16 02:44:53,-14.20037277,-58.5270292,-604.993234508122,467.18902876035
4182403,2011-12-16 03:14:53,-14.1915484,-58.52220788,-604.472881730358,467.719670331466
4182403,2011-12-16 03:44:53,-14.17825627,-58.52136498,-603.697553220505,467.804122829781
4182403,2011-12-16 04:14:53,-14.16322057,-58.52207189,-602.822781774364,467.714607203566
4182403,2011-12-16 04:44:53,-14.14864011,-58.52139681,-601.972611337829,467.779098112997
4182403,2011-12-16 05:14:53,-14.13420803,-58.52027336,-601.130408861086,467.893435748397
4182403,2011-12-16 05:44:53,-14.12054201,-58.47930022,-600.274706069304,472.444878208214
4182403,2011-12-16 06:14:53,-14.10713776,-58.42687864,-599.415533637433,478.270925175843
4182403,2011-12-16 06:44:53,-13.98751377,-58.45168828,-592.471031605495,475.409820316218
4182403,2011-12-16 07:14:53,-13.84629447,-58.49178303,-584.306336267793,470.813244868369
4182403,2011-12-16 07:44:53,-13.81454104,-58.49403373,-582.459814151468,470.530455012222
4182403,2011-12-16 08:14:53,-13.80231569,-58.48956453,-581.738364409782,471.015377509055
4182403,2011-12-16 08:44:53,-13.75172785,-58.48656734,-578.783184346272,471.295381270115
4182403,2011-12-16 09:14:53,-13.69405264,-58.48381459,-575.414838837656,471.537936667082
4182403,2011-12-16 09:44:53,-13.65267666,-58.47796187,-572.989442127832,472.141880941077
4182403,2011-12-16 10:14:53,-13.61520657,-58.47136174,-570.789345143021,472.832236085535
4182403,2011-12-16 10:44:53,-13.53577742,-58.42179016,-566.036651169191,478.252575019026
4182403,2011-12-16 11:14:53,-13.44829897,-58.36361043,-560.778191338126,484.614655972477
4182403,2011-12-16 11:44:53,-13.1265053,-58.37227783,-541.981082838842,483.170676496772
4182403,2011-12-16 12:14:53,-12.75484955,-58.39386983,-520.327838539042,480.102046491125
4182403,2011-12-16 12:44:53,-12.49522202,-58.42380722,-505.280366514273,476.234340881251
4182403,2011-12-16 13:14:53,-12.3023405,-58.45897542,-494.176689262666,471.884798788443
4182403,2011-12-16 13:44:53,-12.20279835,-58.46663409,-488.406822893659,470.795099970775
4182403,2011-12-16 14:14:53,-12.15032844,-58.46056058,-485.318828701101,471.34235254348
4182403,2011-12-16 14:44:53,-11.95483141,-58.44351711,-473.832762910762,472.738518722932
4182403,2011-12-16 15:14:53,-11.70583683,-58.4218648,-459.189244766122,474.462066012597
4182403,2011-12-16 15:44:53,-11.52462514,-58.41536876,-448.575191057161,474.651814423156
4182403,2011-12-16 16:14:53,-11.38468543,-58.41823312,-440.423690932183,473.902046593635
4182403,2011-12-16 16:44:53,-11.23913446,-58.41676893,-431.91967291766,473.598441277104
4182403,2011-12-16 17:14:53,-11.09004976,-58.41245933,-423.190929539714,473.58085753627
4182403,2011-12-16 17:44:53,-11.08996243,-58.40809325,-423.157559544372,474.066170088454
4182403,2011-12-16 18:14:53,-11.17589316,-58.40371962,-428.146076946559,474.841466478669
4182403,2011-12-16 18:44:53,-11.20058398,-58.3995576,-429.561441535032,475.38621396547
4182403,2011-12-16 19:14:53,-11.20419527,-58.39548299,-429.746699512714,475.85135369612
4182403,2011-12-16 19:44:53,-11.23962675,-58.39498193,-431.812733549747,476.023460654225
4182403,2011-12-16 20:14:53,-11.28702978,-58.39580729,-434.58618385167,476.08563824791
4182403,2011-12-16 20:44:53,-11.25204755,-58.43947181,-432.814276040043,471.115264828629
4182403,2011-12-16 21:14:53,-11.20281323,-58.49045967,-430.263462068635,465.282518749409
4182403,2011-12-16 21:44:53,-11.15240805,-58.51404513,-427.478307028281,462.491945067824
4182403,2011-12-16 22:14:53,-11.10184409,-58.5353354,-424.673143026475,459.954047238502
4182403,2011-12-16 22:44:53,-11.07949352,-58.5426674,-423.420845903075,459.062780954065
4182403,2011-12-16 23:14:53,-11.05853407,-58.54930443,-422.245445133142,458.253151470798
4182403,2011-12-16 23:44:53,-11.0351668,-58.54946914,-420.887999414915,458.154742840822
4182403,2011-12-17 00:14:53,-11.0117421,-58.54947432,-419.526189932105,458.073405086997
4182403,2011-12-17 00:44:53,-11.00578418,-58.54327641,-419.138756546126,458.742115164989
4182403,2011-12-17 01:14:53,-11.0007477,-58.53675213,-418.802627873365,459.450284122888
4182403,2011-12-17 01:44:53,-11.07271048,-58.51307054,-422.833664296052,462.33156081293
4182403,2011-12-17 02:14:53,-11.15004869,-58.4881134,-427.175490557422,465.368392425803
4182403,2011-12-17 02:44:53,-11.07723704,-58.52290667,-423.161082631571,461.252966649506
4182403,2011-12-17 03:14:53,-11.00003281,-58.55901543,-418.908757503188,456.97170340477
4182403,2011-12-17 03:44:53,-10.99758309,-58.55354878,-418.730084719384,457.571201242802
4182403,2011-12-17 04:14:53,-10.9951237,-58.5480327,-418.550479245354,458.17615590159
4182403,2011-12-17 04:44:53,-10.99249821,-58.54173343,-418.35596722353,458.867631336696
4182403,2011-12-17 05:14:53,-10.98467344,-58.53666707,-417.867227441223,459.403883284342
4182403,2011-12-17 05:44:53,-10.89989872,-58.54979865,-413.026395022588,457.645166338267
4182403,2011-12-17 06:14:53,-10.81721694,-58.56575196,-408.330708250318,455.574144649789
4182403,2011-12-17 06:44:53,-10.74487694,-58.59558127,-404.338225585676,451.992488271032
4182403,2011-12-17 07:14:53,-10.68512555,-58.61762075,-401.027493524211,449.319898086062
4182403,2011-12-17 07:44:53,-10.67642863,-58.60854964,-400.457862643546,450.296060959909
4182403,2011-12-17 08:14:53,-10.66783757,-58.5990605,-399.891117196981,451.319028339077
4182403,2011-12-17 08:44:53,-10.65965183,-58.5879118,-399.335688893439,452.527982928336
4182403,2011-12-17 09:14:53,-10.65039813,-58.57779312,-398.725377100581,453.618306085454
4182403,2011-12-17 09:44:53,-10.63896989,-58.56976514,-398.00356532606,454.467846463711
4182403,2011-12-17 10:14:53,-10.62877702,-58.55929197,-397.335504985999,455.593835422791
4182403,2011-12-17 10:44:53,-10.62093676,-58.54415533,-396.76997143056,457.247205870892
4182403,2011-12-17 11:14:53,-10.61187004,-58.53118684,-396.148515507795,458.654753073293
4182403,2011-12-17 11:44:53,-10.6004841,-58.52230309,-395.421566888658,459.599168138495
4182403,2011-12-17 12:14:53,-10.5887329,-58.51380929,-394.675893970496,460.498698973722
4182403,2011-12-17 12:44:53,-10.57660197,-58.50572031,-393.910770845177,461.351625768581
4182403,2011-12-17 13:14:53,-10.5646445,-58.49802175,-393.158299990693,462.161667704186
4182403,2011-12-17 13:44:53,-10.55283267,-58.4906497,-392.41641959666,462.935830155522
4182403,2011-12-17 14:14:53,-10.5611818,-58.49930383,-392.966182611235,462.005778429096
4182403,2011-12-17 14:44:53,-10.58208187,-58.5179187,-394.319033440426,460.016291654193
4182403,2011-12-17 15:14:53,-10.67056461,-58.56244756,-399.786369829175,455.400542819205
4182403,2011-12-17 15:44:53,-10.79424974,-58.6202246,-407.376444866244,449.432947376234
4182403,2011-12-17 16:14:53,-10.84930199,-58.64532157,-410.743128723135,446.841097852311
4182403,2011-12-17 16:44:53,-10.86138714,-58.65010851,-411.476628839893,446.352091989172
4182403,2011-12-17 17:14:53,-10.9822268,-58.67309403,-418.63465248379,444.222177878292
4182403,2011-12-17 17:44:53,-11.16943908,-58.70687564,-429.695439732987,441.100158379479
4182403,2011-12-17 18:14:53,-11.13364,-58.71102295,-427.650044541171,440.519751123582
4182403,2011-12-17 18:44:53,-10.96681651,-58.69768665,-417.906691736462,441.433367875507
4182403,2011-12-17 19:14:53,-10.87530062,-58.6701615,-412.420480632304,444.171710568345
4182403,2011-12-17 19:44:53,-10.81655802,-58.63652377,-408.783800063678,447.701381282973
4182403,2011-12-17 20:14:53,-10.82027933,-58.5819938,-408.621278797313,453.779024903443
4182403,2011-12-17 20:44:53,-10.84255421,-58.52123955,-409.495953783222,460.615909487158
4182403,2011-12-17 21:14:53,-10.8666095,-58.49450258,-410.712221138669,463.675838747998
4182403,2011-12-17 21:44:53,-10.8910185,-58.47486573,-411.999656523492,465.946988748028
4182403,2011-12-17 22:14:53,-10.85837069,-58.4396178,-409.855817570867,469.749953784851
4182403,2011-12-17 22:44:53,-10.80439651,-58.39848257,-406.422541120534,474.128949129723
4182403,2011-12-17 23:14:53,-10.78185659,-58.40516265,-405.153326600506,473.303660021267
4182403,2011-12-17 23:44:53,-10.77034463,-58.42869663,-404.646271909076,470.644335016853
4182403,2011-12-18 00:14:53,-10.79852239,-58.44116643,-406.376666432524,469.360844458023
4182403,2011-12-18 00:44:53,-10.83918244,-58.45015027,-408.809490992371,468.509459656032
4182403,2011-12-18 01:14:53,-10.84000371,-58.44604836,-408.829093962976,468.968592697429
4182403,2011-12-18 01:44:53,-10.80831251,-58.43126632,-406.87877267214,470.497486868875
4182403,2011-12-18 02:14:53,-10.74389447,-58.36015815,-402.620400258466,478.168389904442
4182403,2011-12-18 02:44:53,-10.65213869,-58.24106593,-396.401542299253,491.067380780524
4182403,2011-12-18 03:14:53,-10.46242955,-58.10089699,-384.227606059624,505.916660964685
4182403,2011-12-18 03:44:53,-10.19731991,-57.94371782,-367.379015927995,522.306760974976
4182403,2011-12-18 04:14:53,-9.939846035,-57.91854086,-351.950822477098,523.992110488874
4182403,2011-12-18 04:44:53,-9.687473609,-58.05447515,-338.217218834807,507.738941116082
4182403,2011-12-18 05:14:53,-9.400745141,-58.10837555,-321.82687785451,500.381865226247
4182403,2011-12-18 05:44:53,-9.080096127,-58.07544609,-302.651276317993,502.424782589103
4182403,2011-12-18 06:14:53,-8.858211712,-58.06819519,-289.522025169726,502.059306936043
4182403,2011-12-18 06:44:53,-8.758153912,-58.09367244,-283.896832855161,498.688151897903
4182403,2011-12-18 07:14:53,-8.695055047,-58.10964005,-280.353055287658,496.568941689664
4182403,2011-12-18 07:44:53,-8.678002704,-58.11388501,-279.395234925356,496.003463900123
4182403,2011-12-18 08:14:53,-8.660485974,-58.1179707,-278.408718204802,495.452855306392
4182403,2011-12-18 08:44:53,-8.642203985,-58.12179423,-277.374745541466,494.926845890197
4182403,2011-12-18 09:14:53,-8.623587361,-58.12561397,-276.321326875727,494.399112441832
4182403,2011-12-18 09:44:53,-8.604648923,-58.12942977,-275.249220661843,493.869727319106
4182403,2011-12-18 10:14:53,-8.586348693,-58.13289257,-274.2111114683,493.382811946815
4182403,2011-12-18 10:44:53,-8.568701983,-58.13599479,-273.207772591902,492.939322181104
4182403,2011-12-18 11:14:53,-8.550820101,-58.13896347,-272.189401141433,492.509070397577
4182403,2011-12-18 11:44:53,-8.532743597,-58.14182128,-271.158612239438,492.089757467604
4182403,2011-12-18 12:14:53,-8.515184115,-58.14482541,-270.159931430142,491.656854553324
4182403,2011-12-18 12:44:53,-8.498066443,-58.14795456,-269.188718973111,491.212323148709
4182403,2011-12-18 13:14:53,-8.478764275,-58.15268669,-268.106771680626,490.577144483967
4182403,2011-12-18 13:44:53,-8.457405234,-58.15892387,-266.920733385732,489.762821200022
4182403,2011-12-18 14:14:53,-8.440585015,-58.16413162,-265.990270382625,489.088423299678
4182403,2011-12-18 14:44:53,-8.428139028,-58.16835,-265.305945700203,488.548747200936
4182403,2011-12-18 15:14:53,-8.368339279,-58.1807366,-261.934079114999,486.828884695917
4182403,2011-12-18 15:44:53,-8.271825032,-58.19937544,-256.482602496951,484.196940206149
4182403,2011-12-18 16:14:53,-8.251611734,-58.22780771,-255.615545261909,480.922271889743
4182403,2011-12-18 16:44:53,-8.275770112,-58.26195705,-257.41004777042,477.273959949472
4182403,2011-12-18 17:14:53,-8.386668111,-58.2875141,-264.177174327625,475.08209559081
4182403,2011-12-18 17:44:53,-8.541098144,-58.30859427,-273.431041316138,473.62176636636
4182403,2011-12-18 18:14:53,-8.682957605,-58.31893058,-281.828825716699,473.26378020306
4182403,2011-12-18 18:44:53,-8.817884901,-58.32332527,-289.757035394503,473.510419492988
4182403,2011-12-18 19:14:53,-8.886183458,-58.34330216,-293.949529591497,471.657706085231
4182403,2011-12-18 19:44:53,-8.923491328,-58.37058076,-296.402604039383,468.826254873649
4182403,2011-12-18 20:14:53,-9.063316063,-58.371011,-304.565889899902,469.509449905916
4182403,2011-12-18 20:44:53,-9.237110755,-58.36227796,-314.624983746932,471.364352448527
4182403,2011-12-18 21:14:53,-9.29317453,-58.36361825,-317.910582928556,471.495304170674
4182403,2011-12-18 21:44:53,-9.315407835,-58.36789986,-319.248837761059,471.129867816115
4182403,2011-12-18 22:14:53,-9.322702572,-58.37986632,-319.787177112203,469.836546399977
4182403,2011-12-18 22:44:53,-9.32610759,-58.39383615,-320.117178415451,468.301410565447
4182403,2011-12-18 23:14:53,-9.372472676,-58.40191188,-322.896959149725,467.632123468831
4182403,2011-12-18 23:44:53,-9.427349604,-58.40879772,-326.160911596834,467.134376418066
4182403,2011-12-19 00:14:53,-9.448453106,-58.4113454,-327.414879372901,466.953394965873
4182403,2011-12-19 00:44:53,-9.465382783,-58.41335631,-328.420423140918,466.811575193988
4182403,2011-12-19 01:14:53,-9.476750299,-58.42060782,-329.149556304487,466.060538754382
4182403,2011-12-19 01:44:53,-9.487725813,-58.42823295,-329.858993956716,465.26598546282
4182403,2011-12-19 02:14:53,-9.512945178,-58.41730986,-331.229452952637,466.600210249888
4182403,2011-12-19 02:44:53,-9.538067461,-58.40563922,-332.588439957042,468.016527527927
4182403,2011-12-19 03:14:53,-9.529763743,-58.40306051,-332.080804668039,468.263577814774
4182403,2011-12-19 03:44:53,-9.521337504,-58.40037865,-331.565019436402,468.521441583651
4182403,2011-12-19 04:14:53,-9.510248974,-58.39549093,-330.873806603549,469.011621543857
4182403,2011-12-19 04:44:53,-9.499235687,-58.39050231,-330.185892030023,469.513255969889
4182403,2011-12-19 05:14:53,-9.489220412,-58.38412674,-329.543376251019,470.173660350999
4182403,2011-12-19 05:44:53,-9.479526271,-58.37766107,-328.918575363574,470.845519604293
4182403,2011-12-19 06:14:53,-9.473593097,-58.37013533,-328.50341183748,471.653158665691
4182403,2011-12-19 06:44:53,-9.467808328,-58.36268364,-328.097450682876,472.453246563456
4182403,2011-12-19 07:14:53,-9.464282046,-58.35638163,-327.833787088028,473.136447402707
4182403,2011-12-19 07:44:53,-9.460985012,-58.35008315,-327.583476484101,473.820346768899
4182403,2011-12-19 08:14:53,-9.461403019,-58.34384119,-327.550645930018,474.51587316888
4182403,2011-12-19 08:44:53,-9.461743781,-58.33775364,-327.514730447967,475.193871649051
4182403,2011-12-19 09:14:53,-9.461555767,-58.3327243,-327.45762776411,475.751748180428
4182403,2011-12-19 09:44:53,-9.461923039,-58.32760778,-327.432178867142,476.321988795038
4182403,2011-12-19 10:14:53,-9.464877252,-58.32208443,-327.554227506946,476.94990424184
4182403,2011-12-19 10:44:53,-9.467684982,-58.31673487,-327.669361240766,477.557799976169
4182403,2011-12-19 11:14:53,-9.469551367,-58.31250916,-327.739793039781,478.036291002157
4182403,2011-12-19 11:44:53,-9.472150126,-58.30809978,-327.851399990065,478.53871409321
4182403,2011-12-19 12:14:53,-9.478150007,-58.30283731,-328.154167191392,479.15228357995
4182403,2011-12-19 12:44:53,-9.46151124,-58.3108179,-327.254179068633,478.18543640477
4182403,2011-12-19 13:14:53,-9.347376084,-58.37560748,-321.187067025306,470.43129855391
4182403,2011-12-19 13:44:53,-9.26112703,-58.42733143,-316.645552602674,464.257950372295
4182403,2011-12-19 14:14:53,-9.277622327,-58.43198475,-317.650882525019,463.823199935499
4182403,2011-12-19 14:44:53,-9.293753918,-58.43687235,-318.636999927309,463.360368719126
4182403,2011-12-19 15:14:53,-9.308800689,-58.44245743,-319.566260396774,462.81444724127
4182403,2011-12-19 15:44:53,-9.320370588,-58.44651385,-320.278373278672,462.420980452795
4182403,2011-12-19 16:14:53,-9.319058557,-58.44492094,-320.186957971451,462.591463805573
4182403,2011-12-19 16:44:53,-9.322625382,-58.44294645,-320.376122123207,462.82842019417
4182403,2011-12-19 17:14:53,-9.332928305,-58.44044437,-320.952739208432,463.157177311135
4182403,2011-12-19 17:44:53,-9.399385588,-58.42787205,-324.707408691296,464.879372761172
4182403,2011-12-19 18:14:53,-9.519661506,-58.40552678,-331.514007822739,467.941447254855
4182403,2011-12-19 18:44:53,-9.551388331,-58.4175485,-333.472822569995,466.756454095927
4182403,2011-12-19 19:14:53,-9.509869689,-58.45807783,-331.421125854594,462.055848485064
4182403,2011-12-19 19:44:53,-9.490185145,-58.46486292,-330.336867142583,461.207911832152
4182403,2011-12-19 20:14:53,-9.480553768,-58.4561725,-329.696622438964,462.127332210623
4182403,2011-12-19 20:44:53,-9.488289185,-58.45512317,-330.137489537568,462.280990726867
4182403,2011-12-19 21:14:53,-9.503706484,-58.45745188,-331.05653505676,462.095981845516
4182403,2011-12-19 21:44:53,-9.509408355,-58.47430935,-331.542018860985,460.250181064643
4182403,2011-12-19 22:14:53,-9.51080292,-58.49761259,-331.835310089984,457.667629445717
4182403,2011-12-19 22:44:53,-9.544640937,-58.48885398,-333.724287423945,458.801583466328
4182403,2011-12-19 23:14:53,-9.589857835,-58.46878267,-336.175052359245,461.245130456705
4182403,2011-12-19 23:44:53,-9.610393287,-58.45978999,-337.290213236105,462.340696058069
4182403,2011-12-20 00:14:53,-9.623447288,-58.45416048,-338.000207690459,463.027287913023
4182403,2011-12-20 00:44:53,-9.622905338,-58.43845612,-337.828675831301,464.769799940806
4182403,2011-12-20 01:14:53,-9.618645146,-58.41999394,-337.41579459043,466.801364451803
4182403,2011-12-20 01:44:53,-9.597910437,-58.41557569,-336.167445693051,467.195110052657
4182403,2011-12-20 02:14:53,-9.575550405,-58.41254199,-334.836482362103,467.426957281327
4182403,2011-12-20 02:44:53,-9.463596052,-58.38432037,-328.049917719465,470.029011131824
4182403,2011-12-20 03:14:53,-9.342047906,-58.35321028,-320.666231805966,472.893282625975
4182403,2011-12-20 03:44:53,-9.290777876,-58.3509484,-317.650875126358,472.890890342139
4182403,2011-12-20 04:14:53,-9.245058701,-58.35095655,-314.981060656104,472.661840795657
4182403,2011-12-20 04:44:53,-9.244835006,-58.35143037,-314.9725135567,472.608085334705
4182403,2011-12-20 05:14:53,-9.247118169,-58.35193035,-315.110604126834,472.563981382239
4182403,2011-12-20 05:44:53,-9.244032555,-58.3526124,-314.936921282058,472.472757838287
4182403,2011-12-20 06:14:53,-9.240923878,-58.35328698,-314.761827961877,472.382240544051
4182403,2011-12-20 06:44:53,-9.234087046,-58.35276109,-314.357587593091,472.406362390964
4182403,2011-12-20 07:14:53,-9.227250452,-58.35223476,-313.953347187987,472.430492893086
4182403,2011-12-20 07:44:53,-9.218864597,-58.35059459,-313.447965410698,472.570515159355
4182403,2011-12-20 08:14:53,-9.210336685,-58.34875101,-312.932295383604,472.732352945988
4182403,2011-12-20 08:44:53,-9.200732389,-58.34534938,-312.338751942669,473.061761471355
4182403,2011-12-20 09:14:53,-9.191505889,-58.34113966,-311.759399743692,473.482758046156
4182403,2011-12-20 09:44:53,-9.18328662,-58.33477111,-311.217971159295,474.148579411939
4182403,2011-12-20 10:14:53,-9.176564855,-58.32791783,-310.759202849131,474.875772279066
4182403,2011-12-20 10:44:53,-9.173119622,-58.32000318,-310.481539395599,475.737448695101
4182403,2011-12-20 11:14:53,-9.171671303,-58.31224209,-310.322008879187,476.592193770071
4182403,2011-12-20 11:44:53,-9.173264602,-58.30471503,-310.342548794185,477.436385006465
4182403,2011-12-20 12:14:53,-9.175624624,-58.29812513,-310.417008804426,478.180368425439
4182403,2011-12-20 12:44:53,-9.17878064,-58.29250831,-310.547459518479,478.82029853642
4182403,2011-12-20 13:14:53,-9.183652213,-58.28684008,-310.77783793634,479.474631829447
4182403,2011-12-20 13:44:53,-9.190185771,-58.28112177,-311.105073247254,480.142930027683
4182403,2011-12-20 14:14:53,-9.219598653,-58.26434455,-312.665568816165,482.155178803954
4182403,2011-12-20 14:44:53,-9.270730766,-58.23702084,-315.399891962777,485.447080505272
4182403,2011-12-20 15:14:53,-9.294820576,-58.22218443,-316.671259232197,487.215400139009
4182403,2011-12-20 15:44:53,-9.291209092,-58.22018857,-316.44073940208,487.419136809746
4182403,2011-12-20 16:14:53,-9.307147474,-58.21395643,-317.316314426682,488.190755075487
4182403,2011-12-20 16:44:53,-9.343189543,-58.2033554,-319.33021535987,489.546953269301
4182403,2011-12-20 17:14:53,-9.356482925,-58.19601371,-320.041320744155,490.428137576881
4182403,2011-12-20 17:44:53,-9.349258382,-58.19162169,-319.57651132737,490.880456232731
4182403,2011-12-20 18:14:53,-9.352585536,-58.19591451,-319.811779472844,490.419952164556
4182403,2011-12-20 18:44:53,-9.366057589,-58.2085512,-320.719742516264,489.082394553361
4182403,2011-12-20 19:14:53,-9.373518711,-58.2199635,-321.263426126755,487.851182141441
4182403,2011-12-20 19:44:53,-9.374825816,-58.23012496,-321.434575045552,486.728689000151
4182403,2011-12-20 20:14:53,-9.380552103,-58.23914288,-321.853965069881,485.754905258382
4182403,2011-12-20 20:44:53,-9.39070088,-58.24701644,-322.521617064137,484.929863305446
4182403,2011-12-20 21:14:53,-9.39154856,-58.26328233,-322.722181919216,483.126891932743
4182403,2011-12-20 21:44:53,-9.384281959,-58.28686089,-322.515820937701,480.471805564441
4182403,2011-12-20 22:14:53,-9.387612307,-58.29979434,-322.830805172567,479.051215424502
4182403,2011-12-20 22:44:53,-9.397902009,-58.30574366,-323.487793808598,478.440522229713
4182403,2011-12-20 23:14:53,-9.453633814,-58.33159933,-326.984366354536,475.838503861432
4182403,2011-12-20 23:44:53,-9.535213112,-58.36866215,-332.087241204133,472.111524731267
4182403,2011-12-21 00:14:53,-9.560632296,-58.38114292,-333.683677254252,470.845346176785
4182403,2011-12-21 00:44:53,-9.552513155,-58.37900091,-333.190511912281,471.044899484526
4182403,2011-12-21 01:14:53,-9.539394678,-58.36822866,-332.32744246716,472.179568044417
4182403,2011-12-21 01:44:53,-9.520279551,-58.3470723,-331.019503661433,474.43925268175
4182403,2011-12-21 02:14:53,-9.5070913,-58.33480767,-330.1375663057,475.738969932213
4182403,2011-12-21 02:44:53,-9.500120432,-58.3319018,-329.703763442115,476.028473382858
4182403,2011-12-21 03:14:53,-9.493851742,-58.32888467,-329.309920478969,476.333659891949
4182403,2011-12-21 03:44:53,-9.48830563,-58.32575315,-328.957207814969,476.654987020142
4182403,2011-12-21 04:14:53,-9.482013982,-58.3226902,-328.561486366651,476.965083170235
4182403,2011-12-21 04:44:53,-9.474978641,-58.31969552,-328.122852482037,477.263977788826
4182403,2011-12-21 05:14:53,-9.467634958,-58.31647586,-327.664064718145,477.586336270493
4182403,2011-12-21 05:44:53,-9.460000585,-58.31304376,-327.186257529819,477.930843938055
4182403,2011-12-21 06:14:53,-9.453030174,-58.31009322,-326.751613474407,478.225001625838
4182403,2011-12-21 06:44:53,-9.446750219,-58.30764401,-326.361888987632,478.466754466377
4182403,2011-12-21 07:14:53,-9.440190406,-58.30573758,-325.960744094001,478.646810341689
4182403,2011-12-21 07:44:53,-9.433378887,-58.30431886,-325.549332816482,478.771420147888
4182403,2011-12-21 08:14:53,-9.425967853,-58.30358088,-325.109109558857,478.817445193569
4182403,2011-12-21 08:44:53,-9.417629071,-58.30389538,-324.624336219142,478.741978034031
4182403,2011-12-21 09:14:53,-9.408736791,-58.30417391,-324.106872375494,478.667750775946
4182403,2011-12-21 09:44:53,-9.396029396,-58.30420772,-323.364039741254,478.602022667481
4182403,2011-12-21 10:14:53,-9.383225903,-58.30416282,-322.614864250203,478.544427916503
4182403,2011-12-21 10:44:53,-9.37002317,-58.30379528,-321.839340227158,478.520575979564
4182403,2011-12-21 11:14:53,-9.357015799,-58.30428056,-321.08319820601,478.402786912998
4182403,2011-12-21 11:44:53,-9.344645751,-58.30756307,-320.39053809248,477.977234427912
4182403,2011-12-21 12:14:53,-9.3315289,-58.30953038,-319.642016991174,477.693977965778
4182403,2011-12-21 12:44:53,-9.316619236,-58.3083307,-318.758978597993,477.753528647589
4182403,2011-12-21 13:14:53,-9.311377415,-58.32675932,-318.626029671706,475.680295391842
4182403,2011-12-21 13:44:53,-9.325602666,-58.38465435,-320.001411462021,469.318952028074
4182403,2011-12-21 14:14:53,-9.362659759,-58.44640871,-322.740412027826,462.640621250232
4182403,2011-12-21 14:44:53,-9.42090048,-58.51169991,-326.736667522152,455.670534788794
4182403,2011-12-21 15:14:53,-9.469270502,-58.58452836,-330.217245941156,447.812114573237
4182403,2011-12-21 15:44:53,-9.507935048,-58.66476549,-333.192388723113,439.081770131763
4182403,2011-12-21 16:14:53,-9.53393063,-58.69353382,-334.958512099495,436.008571195039
4182403,2011-12-21 16:44:53,-9.547618216,-58.67294976,-335.563706229161,438.36036550652
4182403,2011-12-21 17:14:53,-9.554711069,-58.6108161,-335.412221050389,445.297676266917
4182403,2011-12-21 17:44:53,-9.558182591,-58.52595275,-334.847016108248,454.743491674568
4182403,2011-12-21 18:14:53,-9.553296273,-58.48946274,-334.233365342227,458.774911289046
4182403,2011-12-21 18:44:53,-9.542464773,-58.48742819,-333.584771906629,458.949694701549
4182403,2011-12-21 19:14:53,-9.55558018,-58.51284615,-334.577391142426,456.187512370462
4182403,2011-12-21 19:44:53,-9.584951189,-58.55682297,-336.680190011705,451.439428481072
4182403,2011-12-21 20:14:53,-9.635576747,-58.58724958,-339.890978333727,448.295071530676
4182403,2011-12-21 20:44:53,-9.714081245,-58.59983532,-344.556511605466,447.258818568007
4182403,2011-12-21 21:14:53,-9.74221176,-58.59252244,-346.124383050221,448.200000091237
4182403,2011-12-21 21:44:53,-9.715020489,-58.56340716,-344.29142942736,451.311250340917
4182403,2011-12-21 22:14:53,-9.675979845,-58.52670717,-341.700375895123,455.209889141799
4182403,2011-12-21 22:44:53,-9.623617914,-58.48142616,-338.253178568327,459.998362476041
4182403,2011-12-21 23:14:53,-9.59314524,-58.46459317,-336.328879071272,461.726095245771
4182403,2011-12-21 23:44:53,-9.583913038,-58.47553214,-335.889577252107,460.467208808594
4182403,2011-12-22 00:14:53,-9.594208111,-58.47800945,-336.511009523628,460.240322429431
4182403,2011-12-22 00:44:53,-9.621625133,-58.47306124,-338.062608640009,460.918552857162
4182403,2011-12-22 01:14:53,-9.610121728,-58.47228135,-337.386019646409,460.951416930746
4182403,2011-12-22 01:44:53,-9.568037652,-58.47476778,-334.958670921997,460.477351214258
4182403,2011-12-22 02:14:53,-9.53878666,-58.45747927,-333.09958281354,462.259925031596
4182403,2011-12-22 02:44:53,-9.518368158,-58.4266455,-331.63040966579,465.588789843036
4182403,2011-12-22 03:14:53,-9.506904106,-58.4110805,-330.820567055697,467.263509469496
4182403,2011-12-22 03:44:53,-9.500861221,-58.4047854,-330.410856914284,467.934066031405
4182403,2011-12-22 04:14:53,-9.494156407,-58.40310329,-330.004496040358,468.088876712301
4182403,2011-12-22 04:44:53,-9.487157945,-58.4034612,-329.599606434535,468.015578035966
4182403,2011-12-22 05:14:53,-9.47890433,-58.40142431,-329.099620971609,468.202288300799
4182403,2011-12-22 05:44:53,-9.470326236,-58.39876517,-328.574956745555,468.456511219531
4182403,2011-12-22 06:14:53,-9.461505393,-58.39632557,-328.038075303462,468.685104783323
4182403,2011-12-22 06:44:53,-9.452562292,-58.39399674,-327.495012611753,468.900729930023
4182403,2011-12-22 07:14:53,-9.449365711,-58.38700301,-327.244231723636,469.662330089401
4182403,2011-12-22 07:44:53,-9.44819429,-58.37836599,-327.096453386672,470.616276943693
4182403,2011-12-22 08:14:53,-9.444645816,-58.37337163,-326.843406647112,471.154020287547
4182403,2011-12-22 08:44:53,-9.440599884,-58.36914096,-326.56829606767,471.604494809189
4182403,2011-12-22 09:14:53,-9.438048204,-58.36565544,-326.387232962576,471.979397844645
4182403,2011-12-22 09:44:53,-9.435636792,-58.36223964,-326.214974109796,472.347226905807
4182403,2011-12-22 10:14:53,-9.436636231,-58.35912926,-326.244670375115,472.697637836736
4182403,2011-12-22 10:44:53,-9.437761177,-58.35603018,-326.281811278286,473.047400609058
4182403,2011-12-22 11:14:53,-9.438992483,-58.35464851,-326.340991926469,473.206868712827
4182403,2011-12-22 11:44:53,-9.440263798,-58.35391281,-326.40846238836,473.294760281874
4182403,2011-12-22 12:14:53,-9.441215679,-58.35444702,-326.468970373525,473.240014219367
4182403,2011-12-22 12:44:53,-9.44205409,-58.3554326,-326.527004622861,473.134569754798
4182403,2011-12-22 13:14:53,-9.44199961,-58.35690005,-326.537329762158,472.971268043454
4182403,2011-12-22 13:44:53,-9.441663982,-58.35851923,-326.532634898818,472.789748545121
4182403,2011-12-22 14:14:53,-9.439567612,-58.35676484,-326.394066592863,472.974522278178
4182403,2011-12-22 14:44:53,-9.436831452,-58.35378367,-326.206821918509,473.29249202676
4182403,2011-12-22 15:14:53,-9.447877242,-58.35316848,-326.846249813672,473.414278105005
4182403,2011-12-22 15:44:53,-9.462214266,-58.35311662,-327.683092103875,473.489240364325
4182403,2011-12-22 16:14:53,-9.45648733,-58.3550626,-327.36648716237,473.245413020411
4182403,2011-12-22 16:44:53,-9.448194689,-58.35726349,-326.902438125297,472.960842073026
4182403,2011-12-22 17:14:53,-9.440680215,-58.35758326,-326.46657274781,472.888977754066
4182403,2011-12-22 17:44:53,-9.433309965,-58.35763185,-326.036639715703,472.847892125172
4182403,2011-12-22 18:14:53,-9.428032528,-58.35492187,-325.703463153688,473.123393148448
4182403,2011-12-22 18:44:53,-9.423173036,-58.35254931,-325.397766287037,473.363408601477
4182403,2011-12-22 19:14:53,-9.430620851,-58.36013967,-325.902741922257,472.556235523234
4182403,2011-12-22 19:44:53,-9.438253865,-58.36732364,-326.414606144317,471.79505175307
4182403,2011-12-22 20:14:53,-9.452507678,-58.35968193,-327.176515329347,472.712977492764
4182403,2011-12-22 20:44:53,-9.464669751,-58.34961848,-327.79443541923,473.889734959089
4182403,2011-12-22 21:14:53,-9.450508403,-58.30897563,-326.593890382852,478.336981751228
4182403,2011-12-22 21:44:53,-9.445649358,-58.2717186,-325.967303739381,482.452858565221
4182403,2011-12-22 22:14:53,-9.576604924,-58.28390154,-333.742771714433,481.725733885714
4182403,2011-12-22 22:44:53,-9.69407915,-58.29486893,-340.714275074419,481.056203132804
4182403,2011-12-22 23:14:53,-9.687795579,-58.29611996,-340.357623726265,480.888118458884
4182403,2011-12-22 23:44:53,-9.679079959,-58.29725786,-339.857717349781,480.7212998608
4182403,2011-12-23 00:14:53,-9.650690597,-58.297479,-338.198771464887,480.564765727388
4182403,2011-12-23 00:44:53,-9.626512501,-58.30266458,-336.830395470667,479.875612114112
4182403,2011-12-23 01:14:53,-9.627507646,-58.33756578,-337.198978871133,476.002100134809
4182403,2011-12-23 01:44:53,-9.627075832,-58.37532017,-337.509650736668,471.804866092279
4182403,2011-12-23 02:14:53,-9.617845924,-58.43057593,-337.463582085478,465.621775844559
4182403,2011-12-23 02:44:53,-9.6100741,-58.47818479,-337.436004602713,460.295218906285
4182403,2011-12-23 03:14:53,-9.610892618,-58.48162097,-337.514348913278,459.917230425515
4182403,2011-12-23 03:44:53,-9.614703031,-58.48716044,-337.785567489711,459.31952328127
4182403,2011-12-23 04:14:53,-9.634232502,-58.50374067,-339.069478389287,457.568296633393
4182403,2011-12-23 04:44:53,-9.647445784,-58.51907289,-339.974092650635,455.92604160755
4182403,2011-12-23 05:14:53,-9.631898166,-58.52874907,-339.156397204854,454.778504279791
4182403,2011-12-23 05:44:53,-9.618894199,-58.53746131,-338.478406441464,453.749770623309
4182403,2011-12-23 06:14:53,-9.614096576,-58.54307902,-338.249848808328,453.103134970163
4182403,2011-12-23 06:44:53,-9.608945609,-58.54868614,-338.000766237397,452.456008256457
4182403,2011-12-23 07:14:53,-9.60294792,-58.55426785,-337.702382901184,451.807723634889
4182403,2011-12-23 07:44:53,-9.596457595,-58.55964213,-337.373650176797,451.180153780389
4182403,2011-12-23 08:14:53,-9.588898442,-58.56456539,-336.978935184028,450.597653933319
4182403,2011-12-23 08:44:53,-9.581179049,-58.56903978,-336.57101002283,450.064234064615
4182403,2011-12-23 09:14:53,-9.573234092,-58.57287861,-336.14438743493,449.600326895723
4182403,2011-12-23 09:44:53,-9.565457271,-58.57653295,-335.725964224372,449.157661626648
4182403,2011-12-23 10:14:53,-9.558004152,-58.57983489,-335.323240556342,448.755632121761
4182403,2011-12-23 10:44:53,-9.551636808,-58.5828964,-334.981429567353,448.38540203157
4182403,2011-12-23 11:14:53,-9.547670082,-58.58542768,-334.774170448089,448.085403562694
4182403,2011-12-23 11:44:53,-9.54308268,-58.58781427,-334.529625936314,447.798534251841
4182403,2011-12-23 12:14:53,-9.537674514,-58.59000944,-334.23576900624,447.529031821007
4182403,2011-12-23 12:44:53,-9.532327683,-58.59265521,-333.949601520875,447.209730023652
4182403,2011-12-23 13:14:53,-9.527025773,-58.59563398,-333.669114382664,446.853619041178
4182403,2011-12-23 13:44:53,-9.531944345,-58.60302433,-334.02150004574,446.055789408524
4182403,2011-12-23 14:14:53,-9.545442296,-58.61411356,-334.904696405886,444.887520578612
4182403,2011-12-23 14:44:53,-9.547793011,-58.622664,-335.118390474967,443.948566830624
4182403,2011-12-23 15:14:53,-9.541859545,-58.62932988,-334.834918295278,443.179868755603
4182403,2011-12-23 15:44:53,-9.534589494,-58.63539523,-334.468695658646,442.471546784482
4182403,2011-12-23 16:14:53,-9.526489184,-58.64108786,-334.051142927114,441.800664566991
4182403,2011-12-23 16:44:53,-9.516811938,-58.64646918,-333.539582257884,441.156836934704
4182403,2011-12-23 17:14:53,-9.506320353,-58.65168956,-332.979576049908,440.526945724907
4182403,2011-12-23 17:44:53,-9.478884613,-58.63702986,-331.256377862559,442.024909829744
4182403,2011-12-23 18:14:53,-9.446538209,-58.61655515,-329.193669310988,444.144605867353
4182403,2011-12-23 18:44:53,-9.456197979,-58.63921586,-329.962240319664,441.673333960895
4182403,2011-12-23 19:14:53,-9.47507511,-58.67131218,-331.350347827843,438.197708011599
4182403,2011-12-23 19:44:53,-9.48580686,-58.64592524,-331.738874093403,441.069647871914
4182403,2011-12-23 20:14:53,-9.494877677,-58.60900067,-331.926633643002,445.215535931608
4182403,2011-12-23 20:44:53,-9.557919081,-58.56824147,-335.213581432993,450.043413112209
4182403,2011-12-23 21:14:53,-9.624618507,-58.5271656,-338.719193109081,454.920526649899
4182403,2011-12-23 21:44:53,-9.670936288,-58.48694879,-341.055815134046,459.604630961362
4182403,2011-12-23 22:14:53,-9.716557118,-58.4472201,-343.3625433909,464.229730296091
4182403,2011-12-23 22:44:53,-9.708410217,-58.45435156,-342.950474719881,463.399812232263
4182403,2011-12-23 23:14:53,-9.700476936,-58.46103129,-342.547077918141,462.621027689921
4182403,2011-12-23 23:44:53,-9.699442423,-58.45339074,-342.419699577032,463.465318901711
4182403,2011-12-24 00:14:53,-9.698876647,-58.4455394,-342.317756828011,464.335191031433
4182403,2011-12-24 00:44:53,-9.729034951,-58.42382534,-343.885115456919,466.886740498901
4182403,2011-12-24 01:14:53,-9.758740045,-58.40351058,-345.440443770493,469.280034054173
4182403,2011-12-24 01:44:53,-9.764265393,-58.46611874,-346.305991419462,462.347559921758
4182403,2011-12-24 02:14:53,-9.767588827,-58.52494347,-347.009931359873,455.825451610564
4182403,2011-12-24 02:44:53,-9.738013636,-58.52754571,-345.313432628116,455.401610780926
4182403,2011-12-24 03:14:53,-9.709058383,-58.53000917,-343.652040225486,454.995290355146
4182403,2011-12-24 03:44:53,-9.688476127,-58.53071374,-342.462017657998,454.822324441245
4182403,2011-12-24 04:14:53,-9.668720126,-58.53155252,-341.321267201302,454.637901216979
4182403,2011-12-24 04:44:53,-9.658925404,-58.53405199,-340.774190415188,454.314807470942
4182403,2011-12-24 05:14:53,-9.649314504,-58.53678187,-340.239926464052,453.966884371144
4182403,2011-12-24 05:44:53,-9.640695721,-58.54075067,-339.774414175941,453.485829509982
4182403,2011-12-24 06:14:53,-9.632171214,-58.54501335,-339.317114532953,452.972498962718
4182403,2011-12-24 06:44:53,-9.623810551,-58.5497829,-338.873979150789,452.403552590044
4182403,2011-12-24 07:14:53,-9.615343981,-58.5545024,-338.424383795909,451.839618964585
4182403,2011-12-24 07:44:53,-9.606682998,-58.55912936,-337.962809329315,451.285003201768
4182403,2011-12-24 08:14:53,-9.597782551,-58.56366228,-337.486627282441,450.73965658858
4182403,2011-12-24 08:44:53,-9.588441787,-58.5680218,-336.98346649322,450.211449350279
4182403,2011-12-24 09:14:53,-9.579319426,-58.57236138,-336.492944348938,449.68641527725
4182403,2011-12-24 09:44:53,-9.570469012,-58.57667644,-336.018121163564,449.165320244366
4182403,2011-12-24 10:14:53,-9.561515843,-58.58136366,-335.540827228921,448.602327140618
4182403,2011-12-24 10:44:53,-9.552475729,-58.58636288,-335.061455464917,448.004193750477
4182403,2011-12-24 11:14:53,-9.542037589,-58.59139516,-334.501439177759,447.395710903613
4182403,2011-12-24 11:44:53,-9.530402059,-58.59645525,-333.872406758963,446.778376929804
4182403,2011-12-24 12:14:53,-9.518378699,-58.60152021,-333.221131736927,446.158552045638
4182403,2011-12-24 12:44:53,-9.506181436,-58.6065866,-332.5599977758,445.537625298314
4182403,2011-12-24 13:14:53,-9.494903699,-58.61157844,-331.951706414359,444.929249440334
4182403,2011-12-24 13:44:53,-9.484473073,-58.61650177,-331.392086765901,444.332432995642
4182403,2011-12-24 14:14:53,-9.490563771,-58.62033019,-331.78016980332,443.936154975538
4182403,2011-12-24 14:44:53,-9.50538184,-58.62357918,-332.668679328978,443.645793170089
4182403,2011-12-24 15:14:53,-9.525394329,-58.62503999,-333.841802099693,443.578562301542
4182403,2011-12-24 15:44:53,-9.546910707,-58.62597991,-335.097282325434,443.575960696695
4182403,2011-12-24 16:14:53,-9.55120642,-58.627802,-335.36272184097,443.393786035892
4182403,2011-12-24 16:44:53,-9.552698827,-58.6297681,-335.466994613056,443.18236961004
4182403,2011-12-24 17:14:53,-9.567571368,-58.6281823,-336.314514894649,443.428649341943
4182403,2011-12-24 17:44:53,-9.584324073,-58.62609442,-337.266570785894,443.739351375249
4182403,2011-12-24 18:14:53,-9.603431021,-58.62285882,-338.344919692211,444.188354768006
4182403,2011-12-24 18:44:53,-9.62286181,-58.61946043,-339.440809954475,444.65664931865
4182403,2011-12-24 19:14:53,-9.627749251,-58.61821148,-339.712981200016,444.818187655176
4182403,2011-12-24 19:44:53,-9.630849501,-58.61722684,-339.88392337291,444.942024719707
4182403,2011-12-24 20:14:53,-9.757177928,-58.63256273,-347.341244567738,443.818425232679
4182403,2011-12-24 20:44:53,-9.892926062,-58.64896661,-355.347581628438,442.603652359666
4182403,2011-12-24 21:14:53,-9.955471103,-58.64832262,-358.965498352716,442.950071481026
4182403,2011-12-24 21:44:53,-10.01491322,-58.6469302,-362.397738776194,443.362906079604
4182403,2011-12-24 22:14:53,-10.02528687,-58.6440013,-362.974574144701,443.733181670461
4182403,2011-12-24 22:44:53,-10.01452349,-58.64041859,-362.321242760148,444.084993590159
4182403,2011-12-24 23:14:53,-9.981947289,-58.63901303,-360.421786659407,444.100138548342
4182403,2011-12-24 23:44:53,-9.941574654,-58.63837307,-358.076842110368,443.995140335991
4182403,2011-12-25 00:14:53,-9.83544089,-58.62556063,-351.816778207277,444.949309113673
4182403,2011-12-25 00:44:53,-9.705591806,-58.60820582,-344.137669063976,446.289723209408
4182403,2011-12-25 01:14:53,-9.598479302,-58.56211744,-337.513231526543,450.914577806198
4182403,2011-12-25 01:44:53,-9.50253263,-58.5022562,-331.396608651103,457.112240982348
4182403,2011-12-25 02:14:53,-9.383001495,-58.51762692,-324.588568821496,454.827893257278
4182403,2011-12-25 02:44:53,-9.251344986,-58.56995319,-317.435468491043,448.365756615643
4182403,2011-12-25 03:14:53,-9.192679628,-58.5869432,-314.194821810642,446.184539779751
4182403,2011-12-25 03:44:53,-9.176457414,-58.58353099,-313.220916710698,446.481781700001
4182403,2011-12-25 04:14:53,-9.159998496,-58.57479111,-312.18145700014,447.369374344672
4182403,2011-12-25 04:44:53,-9.143439201,-58.56358142,-311.111704170039,448.530533871813
4182403,2011-12-25 05:14:53,-9.130938995,-58.55638595,-310.31611899509,449.266212790813
4182403,2011-12-25 05:44:53,-9.119100196,-58.54984012,-309.564990219674,449.932955646709
4182403,2011-12-25 06:14:53,-9.107502282,-58.54368913,-308.831464253334,450.556937794955
4182403,2011-12-25 06:44:53,-9.095940236,-58.53758938,-308.100296608036,451.175282314141
4182403,2011-12-25 07:14:53,-9.087625472,-58.53179595,-307.560541632712,451.776140272068
4182403,2011-12-25 07:44:53,-9.079714605,-58.52604006,-307.044467619405,452.37483507101
4182403,2011-12-25 08:14:53,-9.072268165,-58.52120732,-306.564314467146,452.873322332122
4182403,2011-12-25 08:44:53,-9.064889328,-58.51650479,-306.089257559651,453.357640675367
4182403,2011-12-25 09:14:53,-9.060229463,-58.53874675,-306.037673847917,450.86322939501
4182403,2011-12-25 09:44:53,-9.055896604,-58.56430284,-306.038166771808,448.00240912122
4182403,2011-12-25 10:14:53,-9.07327596,-58.69717643,-308.354893060501,433.333584422909
4182403,2011-12-25 10:44:53,-9.093449305,-58.84303019,-310.954327577741,417.236601503714
4182403,2011-12-25 11:14:53,-9.109343835,-58.95860525,-313.003522759962,404.48020349648
4182403,2011-12-25 11:44:53,-9.124935341,-59.07135702,-315.002960106096,392.035318215576
4182403,2011-12-25 12:14:53,-9.080784141,-59.02470019,-312.017194121266,396.99379124417
4182403,2011-12-25 12:44:53,-9.031431347,-58.96364981,-308.583370891509,403.522113197953
4182403,2011-12-25 13:14:53,-9.006608547,-58.94823846,-307.005435570256,405.105920364652
4182403,2011-12-25 13:44:53,-8.983196551,-58.9354227,-305.533305404524,406.408167074941
4182403,2011-12-25 14:14:53,-9.006613966,-58.92940857,-306.817665248272,407.197261469199
4182403,2011-12-25 14:44:53,-9.033365908,-58.92387432,-308.298810587475,407.949759300526
4182403,2011-12-25 15:14:53,-9.044623632,-58.92496938,-308.956241243333,407.88595702151
4182403,2011-12-25 15:44:53,-9.054656677,-58.92658846,-309.548495126678,407.757568226558
4182403,2011-12-25 16:14:53,-9.038126189,-58.92043536,-308.538043736632,408.3561761328
4182403,2011-12-25 16:44:53,-9.01965239,-58.91371281,-307.409956667509,409.007760546242
4182403,2011-12-25 17:14:53,-9.010441864,-58.91096548,-306.853407587126,409.265382374307
4182403,2011-12-25 17:44:53,-9.001233045,-58.90821742,-306.296869780049,409.523015998016
4182403,2011-12-25 18:14:53,-8.993693106,-58.83998029,-305.181056666995,417.062582381724
4182403,2011-12-25 18:44:53,-8.98614474,-58.77255839,-304.071690454526,424.511423879025
4182403,2011-12-25 19:14:53,-8.976223483,-58.77142949,-303.488093706916,424.585202966847
4182403,2011-12-25 19:44:53,-8.968160833,-58.76847972,-302.993407547693,424.870809546021
4182403,2011-12-25 20:14:53,-8.995361727,-58.73094971,-304.187786066071,429.18045424664
4182403,2011-12-25 20:44:53,-9.021911978,-58.69345146,-305.348450483864,433.482760522352
4182403,2011-12-25 21:14:53,-9.041606514,-58.6563261,-306.119497886704,437.707878524297
4182403,2011-12-25 21:44:53,-9.060531784,-58.62200506,-306.876236635232,441.617366900226
4182403,2011-12-25 22:14:53,-9.07075877,-58.62142259,-307.463026480779,441.734645218096
4182403,2011-12-25 22:44:53,-9.079937598,-58.62071756,-307.987905690858,441.860070786513
4182403,2011-12-25 23:14:53,-9.080132263,-58.61896941,-307.981996040896,442.055237721515
4182403,2011-12-25 23:44:53,-9.08506869,-58.61664854,-308.245229066342,442.338329721023
4182403,2011-12-26 00:14:53,-9.118466905,-58.6108833,-310.124279839178,443.149390409996
4182403,2011-12-26 00:44:53,-9.125033294,-58.60815843,-310.478273859168,443.48550406269
4182403,2011-12-26 01:14:53,-9.006075341,-58.61962443,-303.697550191419,441.600244535932
4182403,2011-12-26 01:44:53,-8.887026596,-58.6309621,-296.915513970682,439.716722662844
4182403,2011-12-26 02:14:53,-8.897151512,-58.63078436,-297.500086942773,439.790037282458
4182403,2011-12-26 02:44:53,-8.911824016,-58.63023056,-298.344243559018,439.929021301357
4182403,2011-12-26 03:14:53,-8.88983953,-58.63578441,-297.12737175597,439.196084978163
4182403,2011-12-26 03:44:53,-8.86796304,-58.64114287,-295.915195952357,438.485024300209
4182403,2011-12-26 04:14:53,-8.848791566,-58.64203944,-294.814418481254,438.283472987395
4182403,2011-12-26 04:44:53,-8.829962964,-58.64282208,-293.732398110308,438.09608992733
4182403,2011-12-26 05:14:53,-8.8185309,-58.64122476,-293.054180583529,438.212312732056
4182403,2011-12-26 05:44:53,-8.806378388,-58.63919889,-292.329788618261,438.372141714947
4182403,2011-12-26 06:14:53,-8.78385205,-58.6310228,-290.941178319626,439.158958882804
4182403,2011-12-26 06:44:53,-8.762216528,-58.62311163,-289.60632979434,439.920698025448
4182403,2011-12-26 07:14:53,-8.749655634,-58.61797638,-288.825481687144,440.422951703875
4182403,2011-12-26 07:44:53,-8.734901017,-58.61450839,-287.934683923323,440.728017409218
4182403,2011-12-26 08:14:53,-8.698779153,-58.62724263,-285.975347381654,439.117385316889
4182403,2011-12-26 08:44:53,-8.66497604,-58.63637017,-284.113891653537,437.918893690714
4182403,2011-12-26 09:14:53,-8.641555577,-58.62959182,-282.686406136892,438.542709531522
4182403,2011-12-26 09:44:53,-8.615529539,-58.62209961,-281.099955943546,439.230861959292
4182403,2011-12-26 10:14:53,-8.579843075,-58.61197539,-278.925242884376,440.156885831698
4182403,2011-12-26 10:44:53,-8.542285321,-58.61170707,-276.746693597905,439.977067307628
4182403,2011-12-26 11:14:53,-8.499490109,-58.63848364,-274.556880319243,436.764154728464
4182403,2011-12-26 11:44:53,-8.461293578,-58.66123025,-272.593229878797,434.023302927084
4182403,2011-12-26 12:14:53,-8.436135912,-58.67273226,-271.26358486171,432.603761605656
4182403,2011-12-26 12:44:53,-8.415417688,-58.68038833,-270.149455255126,431.635964484726
4182403,2011-12-26 13:14:53,-8.407131207,-58.67732833,-269.636903591601,431.928371850645
4182403,2011-12-26 13:44:53,-8.398864594,-58.67445932,-269.127516675635,432.199627360896
4182403,2011-12-26 14:14:53,-8.390638661,-58.67200311,-268.624942785953,432.425229517486
4182403,2011-12-26 14:44:53,-8.373337508,-58.65384671,-267.424622511432,434.341467146662
4182403,2011-12-26 15:14:53,-8.343152598,-58.6133041,-265.230027583249,438.667967959448
4182403,2011-12-26 15:44:53,-8.323897375,-58.59309987,-263.890813072927,440.799293114473
4182403,2011-12-26 16:14:53,-8.315778921,-58.59373726,-263.427448195431,440.681519080012
4182403,2011-12-26 16:44:53,-8.288925202,-58.56106705,-261.507292936809,444.151714491807
4182403,2011-12-26 17:14:53,-8.245071887,-58.49792535,-258.255933384159,450.903521701421
4182403,2011-12-26 17:44:53,-8.217735873,-58.46732375,-256.323350797681,454.139140987945
4182403,2011-12-26 18:14:53,-8.206814127,-58.46933277,-255.710883720862,453.851738174548
4182403,2011-12-26 18:44:53,-8.233742973,-58.47439239,-257.33352600826,453.448855092718
4182403,2011-12-26 19:14:53,-8.373306594,-58.48841501,-265.602450502914,452.704460560979
4182403,2011-12-26 19:44:53,-8.517938391,-58.49949855,-274.128833194051,452.297523426408
4182403,2011-12-26 20:14:53,-8.674018226,-58.50401555,-283.247244669626,452.664082504071
4182403,2011-12-26 20:44:53,-8.810134011,-58.51028458,-291.222367449097,452.707614796702
4182403,2011-12-26 21:14:53,-8.905166854,-58.52048406,-296.848167967679,452.081725092259
4182403,2011-12-26 21:44:53,-8.95257131,-58.52647945,-299.662515254249,451.665706411048
4182403,2011-12-26 22:14:53,-8.886939683,-58.52264801,-295.811153709149,451.744833918499
4182403,2011-12-26 22:44:53,-8.83983994,-58.51790629,-293.026525597715,452.02050247666
4182403,2011-12-26 23:14:53,-8.834717206,-58.51117648,-292.660054497763,452.740426793589
4182403,2011-12-26 23:44:53,-8.823463981,-58.50138728,-291.905813227409,453.767193883743
4182403,2011-12-27 00:14:53,-8.798858516,-58.48492519,-290.306262062796,455.462980263728
4182403,2011-12-27 00:44:53,-8.77997789,-58.47178148,-289.07271901534,456.820635217663
4182403,2011-12-27 01:14:53,-8.770405518,-58.46405718,-288.436062298767,457.626583162591
4182403,2011-12-27 01:44:53,-8.727937475,-58.49954728,-286.334300849818,453.455165145414
4182403,2011-12-27 02:14:53,-8.640772409,-58.59321981,-282.256858321421,442.576726098593
4182403,2011-12-27 02:44:53,-8.567272968,-58.65034156,-278.607111079118,435.827415536291
4182403,2011-12-27 03:14:53,-8.508436747,-58.66925104,-275.406653283037,433.398861910411
4182403,2011-12-27 03:44:53,-8.382780858,-58.70412098,-268.523960414671,428.815091068133
4182403,2011-12-27 04:14:53,-8.196653637,-58.75312396,-258.327725751777,422.29580307499
4182403,2011-12-27 04:44:53,-8.108442723,-58.77726788,-253.517400741425,419.09422776409
4182403,2011-12-27 05:14:53,-8.10070653,-58.78125236,-253.117332891718,418.605960246446
4182403,2011-12-27 05:44:53,-7.992223941,-58.8628658,-247.819151953456,408.898295564485
4182403,2011-12-27 06:14:53,-7.800607172,-59.00724646,-238.53944398282,391.706594405135
4182403,2011-12-27 06:44:53,-7.570309834,-59.16244783,-227.287836815907,373.04367938283
4182403,2011-12-27 07:14:53,-7.308808932,-59.32579006,-214.49883071556,353.236477718218
4182403,2011-12-27 07:44:53,-7.031868011,-59.50523825,-201.206248687852,331.491849392278
4182403,2011-12-27 08:14:53,-6.742732349,-59.69553636,-187.558014445013,308.407744961554
4182403,2011-12-27 08:44:53,-6.483174078,-59.85151428,-175.26034783435,289.282980539158
4182403,2011-12-27 09:14:53,-6.243604649,-59.98428437,-163.873313279671,272.830596377128
4182403,2011-12-27 09:44:53,-6.038012635,-60.10813927,-154.342663406046,257.583360770757
4182403,2011-12-27 10:14:53,-5.850572591,-60.22707106,-145.826558420029,242.993168353405
4182403,2011-12-27 10:44:53,-5.579967544,-60.37278682,-133.259693210963,224.764305789399
4182403,2011-12-27 11:14:53,-5.258868972,-60.53347858,-118.332180537579,204.422035970392
4182403,2011-12-27 11:44:53,-4.994800695,-60.67623405,-106.377518863553,186.470337454602
4182403,2011-12-27 12:14:53,-4.74561677,-60.81357466,-95.2692077092252,169.199468410471
4182403,2011-12-27 12:44:53,-4.395714773,-60.9532746,-78.9228913516536,150.749299349043
4182403,2011-12-27 13:14:53,-4.026510879,-61.09240433,-61.7174559428884,132.1051830366
4182403,2011-12-27 13:44:53,-3.709027277,-61.23022633,-47.4271340884659,113.995819026807
4182403,2011-12-27 14:14:53,-3.396164903,-61.36726042,-33.5292689937044,95.9532467686195
4182403,2011-12-27 14:44:53,-3.048382838,-61.52524809,-18.3851438844797,75.2025361279166
4182403,2011-12-27 15:14:53,-2.690624761,-61.68630445,-2.9916552066145,53.9412594877795
4182403,2011-12-27 15:44:53,-2.419206979,-61.81058848,8.49610789627945,37.5299173635385
4182403,2011-12-27 16:14:53,-2.158525791,-61.92915197,19.4267683402484,21.8157938510994
4182403,2011-12-27 16:44:53,-1.988770092,-61.99510881,26.7336103152627,12.7968463419356
4182403,2011-12-27 17:14:53,-1.828260265,-62.05524419,33.653459073284,4.49765813889098
4182403,2011-12-27 17:44:53,-1.374212099,-62.14046239,55.0208901845654,-9.75986833649495
4182403,2011-12-27 18:14:53,-0.918710484,-62.22338282,76.3567973189488,-23.9281006343681
4182403,2011-12-27 18:44:53,-0.798771344,-62.25741641,81.6493090496726,-29.0181286473917
4182403,2011-12-27 19:14:53,-0.677176949,-62.29181098,87.0009022386571,-34.1759293596215
4182403,2011-12-27 19:44:53,-0.531496206,-62.33437877,93.3565486595974,-40.5165909317502
4182403,2011-12-27 20:14:53,-0.394294243,-62.37446585,99.3197091851634,-46.5001039830067
4182403,2011-12-27 20:44:53,-0.3969989,-62.37820031,99.0882045579974,-46.8765984625115
4182403,2011-12-27 21:14:53,-0.396936916,-62.39050785,98.780787061278,-48.2225634142906
4182403,2011-12-27 21:44:53,-0.36538371,-62.49996015,97.612083742076,-60.5542791332855
4182403,2011-12-27 22:14:53,-0.335144445,-62.6067198,96.4309360652001,-72.5741435816162
4182403,2011-12-27 22:44:53,-0.31733047,-62.69164138,95.168385542398,-82.0608176825754
4182403,2011-12-27 23:14:53,-0.298056613,-62.76967269,94.1476857069003,-90.8105766396984
4182403,2011-12-27 23:44:53,-0.267885358,-62.79206252,95.0859843532346,-93.6089172897382
4182403,2011-12-28 00:14:53,-0.244131047,-62.82501215,95.430815172301,-97.4857187506568
4182403,2011-12-28 00:44:53,-0.243664697,-62.89604417,93.6356812954041,-105.248962072395
4182403,2011-12-28 01:14:53,-0.289256181,-62.97534617,89.3387519472585,-113.378710999213
4182403,2011-12-28 01:44:53,-0.46236906,-63.07721835,78.1611738230356,-122.509840843264
4182403,2011-12-28 02:14:53,-0.625730011,-63.16837807,67.7883194207736,-130.613663100201
4182403,2011-12-28 02:44:53,-0.764030634,-63.2347814,59.3100336450291,-136.319412402202
4182403,2011-12-28 03:14:53,-0.850340002,-63.27911174,53.9623185555081,-140.206488144675
4182403,2011-12-28 03:44:53,-0.856892232,-63.29010917,53.3689546728333,-141.336580222363
4182403,2011-12-28 04:14:53,-0.842282675,-63.31438724,53.4897214146533,-144.153561656951
4182403,2011-12-28 04:44:53,-0.797935974,-63.35725233,54.6104647770826,-149.33289054264
4182403,2011-12-28 05:14:53,-0.775265348,-63.38082,55.1395999741533,-152.161623557625
4182403,2011-12-28 05:44:53,-0.779227797,-63.38080952,54.9454854539435,-152.116432671685
4182403,2011-12-28 06:14:53,-0.779114559,-63.39613136,54.5714700530527,-153.792879866879
4182403,2011-12-28 06:44:53,-0.775282422,-63.4254209,54.0334290397532,-157.037699074825
4182403,2011-12-28 07:14:53,-0.774831027,-63.43695712,53.7695636340254,-158.303952120902
4182403,2011-12-28 07:44:53,-0.776871493,-63.43542913,53.707544777285,-158.11424952172
4182403,2011-12-28 08:14:53,-0.720885704,-63.47555924,55.4495457073797,-163.123543934774
4182403,2011-12-28 08:44:53,-0.628359852,-63.54160605,58.3165261748284,-171.374322001001
4182403,2011-12-28 09:14:53,-0.491135814,-63.60056995,63.5127193140866,-179.357048549758
4182403,2011-12-28 09:44:53,-0.328973381,-63.65550569,69.9901675222468,-187.192983502919
4182403,2011-12-28 10:14:53,-0.277027438,-63.67270085,72.0679588336552,-189.66225094496
4182403,2011-12-28 10:44:53,-0.281397259,-63.67075897,71.9060388468658,-189.400396941473
4182403,2011-12-28 11:14:53,-0.208308862,-63.72157888,74.1360384701848,-195.78283693347
4182403,2011-12-28 11:44:53,-0.098126392,-63.79723175,77.4957947108157,-205.302843433783
4182403,2011-12-28 12:14:53,0.107912441,-63.89798122,84.7686575086414,-218.675659745792
4182403,2011-12-28 12:44:53,0.341008537,-64.00506003,93.0843144546302,-233.075026755928
4182403,2011-12-28 13:14:53,0.432766575,-64.04999242,96.2557448153302,-239.05281521543
4182403,2011-12-28 13:44:53,0.491100694,-64.0803267,98.2155471678188,-243.047556361859
4182403,2011-12-28 14:14:53,0.66065969,-64.14211901,104.59704631549,-251.796285208045
4182403,2011-12-28 14:44:53,0.842106644,-64.20680078,111.419627469401,-261.017594332418
4182403,2011-12-28 15:14:53,1.178991351,-64.29490089,124.870275851441,-274.707838007339
4182403,2011-12-28 15:44:53,1.594694519,-64.39352782,141.591418543156,-290.59649610929
4182403,2011-12-28 16:14:53,1.929673039,-64.47536957,154.868620725459,-303.729279440137
4182403,2011-12-28 16:44:53,2.224965661,-64.54877504,166.438301979832,-315.495445482197
4182403,2011-12-28 17:14:53,2.576453317,-64.64169886,179.918177327387,-330.163852082077
4182403,2011-12-28 17:44:53,2.954986891,-64.74259448,194.255032840132,-346.123956011945
4182403,2011-12-28 18:14:53,3.385115613,-64.85616643,210.384531071161,-364.235352342739
4182403,2011-12-28 18:44:53,3.863283683,-64.9805762,228.132581955915,-384.284032906594
4182403,2011-12-28 19:14:53,4.275469494,-65.07942007,243.512536942891,-400.759481511845
4182403,2011-12-28 19:44:53,4.605277436,-65.14853211,256.036105545806,-412.937592604756
4182403,2011-12-28 20:14:53,4.84595876,-65.19455024,265.265637427601,-421.389614524659
4182403,2011-12-28 20:44:53,4.973020716,-65.21225326,270.350258471684,-425.159893839461
4182403,2011-12-28 21:14:53,5.215951611,-65.24647474,280.027125809818,-432.435724574179
4182403,2011-12-28 21:44:53,5.605467,-65.30076146,295.478106644997,-444.113919245779
4182403,2011-12-28 22:14:53,5.996316147,-65.35196774,310.996826868364,-455.576182101245
4182403,2011-12-28 22:44:53,6.388316528,-65.39983564,326.590135037411,-466.794447441155
4182403,2011-12-28 23:14:53,6.731569215,-65.448553,339.901521818367,-477.416022122668
4182403,2011-12-28 23:44:53,7.020028271,-65.49872863,350.66263220113,-487.373273916991
4182403,2011-12-29 00:14:53,7.301364566,-65.55582279,360.768844439062,-497.990895730271
4182403,2011-12-29 00:44:53,7.574868846,-65.62071695,370.146611733501,-509.342759908797
4182403,2011-12-29 01:14:53,7.73477059,-65.66121783,375.48892489817,-516.265732003355
4182403,2011-12-29 01:44:53,7.750575286,-65.67160317,375.75818859214,-517.623710783478
4182403,2011-12-29 02:14:53,7.760492012,-65.67921206,375.882750531644,-518.590989853278
4182403,2011-12-29 02:44:53,7.756002982,-65.68004458,375.653998252513,-518.604167524061
4182403,2011-12-29 03:14:53,7.755192008,-65.68133827,375.566587294477,-518.727120900726
4182403,2011-12-29 03:44:53,7.763267314,-65.68374594,375.82059725134,-519.115250114418
4182403,2011-12-29 04:14:53,7.780425685,-65.68805027,376.392783729063,-519.854463206359
4182403,2011-12-29 04:44:53,7.82469154,-65.69800359,377.913953579991,-521.640761664681
4182403,2011-12-29 05:14:53,7.853022479,-65.704019,378.900838707003,-522.747103492032
4182403,2011-12-29 05:44:53,7.859003359,-65.7045364,379.139552313602,-522.901398630765
4182403,2011-12-29 06:14:53,7.877067357,-65.70789742,379.787532408075,-523.557073003383
4182403,2011-12-29 06:44:53,7.908175593,-65.7143205,380.876971382085,-524.753525016303
4182403,2011-12-29 07:14:53,7.935740654,-65.71778817,381.93191708854,-525.579812817728
4182403,2011-12-29 07:44:53,7.961221041,-65.71951907,382.966612931849,-526.188681729538
4182403,2011-12-29 08:14:53,7.988213524,-65.72260952,384.011187952486,-526.966518313198
4182403,2011-12-29 08:44:53,8.016036263,-65.7264382,385.061180036379,-527.836466793737
4182403,2011-12-29 09:14:53,8.058053561,-65.74012816,386.322699013267,-529.983651477106
4182403,2011-12-29 09:44:53,8.10672641,-65.75838815,387.682606134025,-532.72447473289
4182403,2011-12-29 10:14:53,8.116816366,-65.76271053,387.942044703239,-533.349257173461
4182403,2011-12-29 10:44:53,8.114670299,-65.76262123,387.852877016514,-533.303726635552
4182403,2011-12-29 11:14:53,8.114390897,-65.76425344,387.773929744316,-533.47080577501
4182403,2011-12-29 11:44:53,8.114679654,-65.7664096,387.698091790351,-533.702592242053
4182403,2011-12-29 12:14:53,8.114201302,-65.76848345,387.59244957202,-533.912802198101
4182403,2011-12-29 12:44:53,8.113562618,-65.77054012,387.480580683214,-534.118505964459
4182403,2011-12-29 13:14:53,8.112527779,-65.77239941,387.359671962146,-534.296770595923
4182403,2011-12-29 13:44:53,8.111423187,-65.77422403,387.237173344931,-534.470214857879
4182403,2011-12-29 14:14:53,8.125524061,-65.79451311,387.015171964226,-536.842686997092
4182403,2011-12-29 14:44:53,8.142096538,-65.8177665,386.777068190255,-539.568391147945
4182403,2011-12-29 15:14:53,8.143845642,-65.82243322,386.661068735306,-540.088842644902
4182403,2011-12-29 15:44:53,8.143234084,-65.82414379,386.5645010772,-540.258535981743
4182403,2011-12-29 16:14:53,8.180800929,-65.84572613,387.297943005471,-543.161339841175
4182403,2011-12-29 16:44:53,8.221942309,-65.86911846,388.107422281623,-546.314754962174
4182403,2011-12-29 17:14:53,8.235501165,-65.87959319,388.259393329205,-547.64481822389
4182403,2011-12-29 17:44:53,8.250363743,-65.8904933,388.449312332064,-549.041542615544
4182403,2011-12-29 18:14:53,8.379651616,-65.94096654,391.913399668884,-556.530719312963
4182403,2011-12-29 18:44:53,8.502351885,-65.988626,395.185644194935,-563.61672246249
4182403,2011-12-29 19:14:53,8.515525432,-65.99469987,395.495565550415,-564.478178760209
4182403,2011-12-29 19:44:53,8.527936407,-66.00035371,395.79010054732,-565.282608801755
4182403,2011-12-29 20:14:53,8.524434097,-65.99734087,395.76618033293,-564.906825222387
4182403,2011-12-29 20:44:53,8.52093269,-65.99432798,395.742258542108,-564.531046637651
4182403,2011-12-29 21:14:53,8.513764494,-65.99257524,395.508929198093,-564.225222990394
4182403,2011-12-29 21:44:53,8.506524638,-65.99084713,395.27145122885,-563.92078940872
4182403,2011-12-29 22:14:53,8.503557527,-65.98655594,395.32353666389,-563.419888627115
4182403,2011-12-29 22:44:53,8.500639492,-65.98223596,395.378870563876,-562.916787214117
4182403,2011-12-29 23:14:53,8.607418696,-66.03111574,397.897652719476,-569.863523170925
4182403,2011-12-29 23:44:53,8.715046908,-66.08025975,400.419793940031,-576.85417216062
4182403,2011-12-30 00:14:53,8.820145246,-66.14217885,402.272230098986,-585.141572262932
4182403,2011-12-30 00:44:53,8.921377412,-66.20173254,404.035213203429,-593.114483670674
4182403,2011-12-30 01:14:53,8.942523864,-66.21950206,404.17370664591,-595.33775679346
4182403,2011-12-30 01:44:53,8.970721942,-66.24079251,404.458450996029,-598.05046333365
4182403,2011-12-30 02:14:53,9.108307246,-66.31667696,407.012934435975,-608.35574161951
4182403,2011-12-30 02:44:53,9.236536087,-66.38944692,409.267081373508,-618.173811689242
4182403,2011-12-30 03:14:53,9.265521042,-66.43301251,408.601179687058,-623.225185840862
4182403,2011-12-30 03:44:53,9.294616334,-66.47657887,407.934741063076,-628.277215351043
4182403,2011-12-30 04:14:53,9.299823851,-66.48478178,407.79739791258,-629.223615340807
4182403,2011-12-30 04:44:53,9.301222365,-66.48736017,407.744252969359,-629.516968788518
4182403,2011-12-30 05:14:53,9.325682836,-66.4613034,409.891666025743,-627.219280795152
4182403,2011-12-30 05:44:53,9.350978886,-66.43408669,412.126164907756,-624.816026148132
4182403,2011-12-30 06:14:53,9.350347055,-66.43445988,412.083605423422,-624.844032253196
4182403,2011-12-30 06:44:53,9.349715205,-66.43483307,412.041045847905,-624.87203856289
4182403,2011-12-30 07:14:53,9.347715416,-66.43488492,411.955250142991,-624.842793297089
4182403,2011-12-30 07:44:53,9.345603822,-66.43491047,411.86592132903,-624.808868018623
4182403,2011-12-30 08:14:53,9.34390622,-66.43542891,411.77254905679,-624.833574003284
4182403,2011-12-30 08:44:53,9.344638593,-66.4359024,411.782647170092,-624.89569329026
4182403,2011-12-30 09:14:53,9.597740262,-66.42855784,422.670469273573,-628.538255601759
4182403,2011-12-30 09:44:53,9.841888931,-66.42156628,433.160502328978,-632.106630651872
4182403,2011-12-30 10:14:53,9.917074336,-66.42972321,435.93241439298,-634.287132415591
4182403,2011-12-30 10:44:53,9.996819982,-66.43886398,438.846813025018,-636.654268000061
4182403,2011-12-30 11:14:53,10.13984235,-66.46223511,443.751403171801,-641.633566231505
4182403,2011-12-30 11:44:53,10.27506146,-66.48399224,448.38800632414,-646.31532085128
4182403,2011-12-30 12:14:53,10.27566752,-66.48116346,448.540284662284,-646.03254007018
4182403,2011-12-30 12:44:53,10.27714147,-66.47884877,448.705455232924,-645.818714228792
4182403,2011-12-30 13:14:53,10.28642883,-66.48116041,448.986688381193,-646.225489564372
4182403,2011-12-30 13:44:53,10.2963764,-66.48419328,449.262752279622,-646.719023231807
4182403,2011-12-30 14:14:53,10.31075795,-66.4920796,449.504020182619,-647.796019019521
4182403,2011-12-30 14:44:53,10.32813101,-66.49998237,449.868004387789,-648.928496533431
4182403,2011-12-30 15:14:53,10.35841735,-66.50795739,450.762826896029,-650.300836551643
4182403,2011-12-30 15:44:53,10.38605094,-66.51536339,451.572469597769,-651.566692878266
4182403,2011-12-30 16:14:53,10.40363893,-66.52064834,452.061492048345,-652.431763459643
4182403,2011-12-30 16:44:53,10.41309571,-66.52247775,452.370013265852,-652.791952716972
4182403,2011-12-30 17:14:53,10.40801646,-66.5181372,452.356062370808,-652.250200170824
4182403,2011-12-30 17:44:53,10.40470932,-66.5159909,452.316212847042,-651.967971148511
4182403,2011-12-30 18:14:53,10.40375455,-66.51675997,452.241959353476,-652.030533103892
4182403,2011-12-30 18:44:53,10.40359681,-66.51823722,452.168688465797,-652.180915694997
4182403,2011-12-30 19:14:53,10.40443556,-66.52059973,452.096644349771,-652.441077569884
4182403,2011-12-30 19:44:53,10.4168497,-66.52645334,452.345568235592,-653.271950140314
4182403,2011-12-30 20:14:53,10.43924843,-66.53531179,452.87099956528,-654.594494796955
4182403,2011-12-30 20:44:53,10.54950852,-66.52765103,457.77512961475,-655.793590799749
4182403,2011-12-30 21:14:53,10.73635741,-66.50535278,466.511846165744,-656.88314492874
4182403,2011-12-30 21:44:53,10.89838117,-66.51580035,472.720886615326,-660.931950049937
4182403,2011-12-30 22:14:53,11.04230504,-66.55085884,477.031852299787,-667.205188015374
4182403,2011-12-30 22:44:53,11.09154523,-66.60176092,476.695782438159,-673.371071544289
4182403,2011-12-30 23:14:53,11.07300553,-66.66403348,473.046044084249,-679.459798114456
4182403,2011-12-30 23:44:53,11.06232121,-66.7166526,470.167987384414,-684.696691644374
4182403,2011-12-31 00:14:53,11.05706554,-66.76264039,467.820156244442,-689.348496334156
4182403,2011-12-31 00:44:53,11.05159103,-66.78540259,466.541149382999,-691.598302219222
4182403,2011-12-31 01:14:53,11.04599184,-66.79439102,465.896191561313,-692.423844597096
4182403,2011-12-31 01:44:53,11.04218785,-66.80085319,465.441614631247,-693.021454986893
4182403,2011-12-31 02:14:53,11.03904566,-66.80638363,465.057250651401,-693.534997677629
4182403,2011-12-31 02:44:53,11.0358655,-66.81030999,464.745763786942,-693.882252391731
4182403,2011-12-31 03:14:53,11.03267029,-66.81361937,464.462304552305,-694.165549594246
4182403,2011-12-31 03:44:53,10.95445077,-66.88302413,458.069946657344,-699.907350487217
4182403,2011-12-31 04:14:53,10.84478761,-66.97938288,449.179110867907,-707.876603832756
4182403,2011-12-31 04:44:53,10.67534794,-67.08861014,437.320978452165,-716.127947609972
4182403,2011-12-31 05:14:53,10.48330046,-67.20221832,424.410919719787,-724.474539153823
4182403,2011-12-31 05:44:53,10.2572091,-67.34046299,409.092265935845,-734.831213128631
4182403,2011-12-31 06:14:53,10.01908477,-67.48541946,393.087913755162,-745.748210148477
4182403,2011-12-31 06:44:53,9.819134634,-67.66507075,377.155989660783,-760.990663075342
4182403,2011-12-31 07:14:53,9.624515522,-67.85188642,361.226945548323,-777.131685594796
4182403,2011-12-31 07:44:53,9.458974787,-68.05018056,346.037836384981,-795.007108537922
4182403,2011-12-31 08:14:53,9.298041942,-68.25116473,331.010001040308,-813.288204504205
4182403,2011-12-31 08:44:53,9.150389622,-68.45385982,316.515546374188,-832.008638575223
4182403,2011-12-31 09:14:53,9.003654902,-68.65694929,302.130805386536,-850.828082566782
4182403,2011-12-31 09:44:53,8.789590685,-68.81939927,287.046618825809,-864.411361106416
4182403,2011-12-31 10:14:53,8.557155912,-68.97214806,271.793540468621,-876.769656384441
4182403,2011-12-31 10:44:53,8.278700719,-69.14242105,254.198267640689,-890.343033633787
4182403,2011-12-31 11:14:53,7.984314056,-69.31691,235.983710881465,-904.225526730876
4182403,2011-12-31 11:44:53,7.801047967,-69.50592723,221.409409419216,-921.34382443707
4182403,2011-12-31 12:14:53,7.637852767,-69.69786991,207.554462169767,-939.110982581637
4182403,2011-12-31 12:44:53,7.550053663,-69.86405184,197.570563040763,-955.284672537202
4182403,2011-12-31 13:14:53,7.472372101,-70.02650438,188.146071098969,-971.226071354521
4182444,2011-12-14 03:13:29,3.048437314,-69.95912459,29.9293553210864,-908.336835435176
4182444,2011-12-14 03:43:29,2.873000772,-69.7686545,29.6640540113672,-885.927507098317
4182444,2011-12-14 04:13:29,2.610136903,-69.56551561,26.3911896790385,-861.161773282024
4182444,2011-12-14 04:43:29,2.190194199,-69.35639446,17.128873200588,-834.006153416859
4182444,2011-12-14 05:13:29,1.714936937,-69.15841532,5.05106074575633,-807.484099709005
4182444,2011-12-14 05:43:29,1.330152411,-69.00054394,-5.07749792431673,-786.31587057251
4182444,2011-12-14 06:13:29,1.082293722,-68.94655083,-13.1202037960204,-777.864324616668
4182444,2011-12-14 06:43:29,0.612263384,-68.8455255,-28.569178622254,-762.063366153771
4182444,2011-12-14 07:13:29,0.170144856,-68.74955703,-43.2614720422418,-747.19392415682
4182444,2011-12-14 07:43:29,-0.196309213,-68.65563597,-55.1921554611838,-733.377111881524
4182444,2011-12-14 08:13:29,-0.405308601,-68.5677038,-61.1543751949753,-721.784601318052
4182444,2011-12-14 08:43:29,-0.525358918,-68.5330702,-65.0274339710124,-716.860717898609
4182444,2011-12-14 09:13:29,-0.594501785,-68.52306809,-67.5247246717697,-715.110684231572
4182444,2011-12-14 09:43:29,-0.675735471,-68.45917733,-69.1135171020921,-707.378514021844
4182444,2011-12-14 10:13:29,-0.974790771,-68.29783868,-77.005669795687,-686.971875042527
4182444,2011-12-14 10:43:29,-1.08805335,-68.26051256,-80.6409097567769,-681.843318275539
4182444,2011-12-14 11:13:29,-1.196731019,-68.26906289,-85.2498343830819,-681.769067065429
4182444,2011-12-14 11:43:29,-1.304501288,-68.28906769,-90.1033367078203,-682.962031727579
4182444,2011-12-14 12:13:29,-1.369238576,-68.26495601,-92.1271594069451,-679.738361616791
4182444,2011-12-14 12:43:29,-1.432364015,-68.23932725,-94.0547655498867,-676.365341974378
4182444,2011-12-14 13:13:29,-1.461126999,-68.22120115,-94.7777136635677,-674.12464102306
4182444,2011-12-14 13:43:29,-1.485326041,-68.20406502,-95.3415418470486,-672.033595026563
4182444,2011-12-14 14:13:29,-1.505779673,-68.20039879,-96.0826437513779,-671.447949513979
4182444,2011-12-14 14:43:29,-1.520182824,-68.19459676,-96.5264164859971,-670.683890043061
4182444,2011-12-14 15:13:29,-1.545190855,-68.19249757,-97.4912434009102,-670.228704422737
4182444,2011-12-14 15:43:29,-1.553153828,-68.19137187,-97.7874261180568,-670.03388649366
4182444,2011-12-14 16:13:29,-1.56113371,-68.18921249,-98.0592816813785,-669.726016980988
4182444,2011-12-14 16:43:29,-1.679149291,-68.14997419,-101.912612834245,-664.378294553424
4182444,2011-12-14 17:13:29,-1.938361303,-68.115088,-111.649230747148,-658.265369336238
4182444,2011-12-14 17:43:29,-2.204716093,-68.11309967,-122.477725579748,-655.731335306552
4182444,2011-12-14 18:13:29,-2.368392094,-68.13041839,-129.559306832279,-656.228189009478
4182444,2011-12-14 18:43:29,-2.441298115,-68.12855843,-132.494562633397,-655.407054632457
4182444,2011-12-14 19:13:29,-2.488794368,-68.12035784,-134.24972232262,-654.108282617354
4182444,2011-12-14 19:43:29,-2.512760005,-68.11729912,-135.160273139504,-653.571666840634
4182444,2011-12-14 20:13:29,-2.60069156,-68.11210907,-138.638857736893,-652.266834853131
4182444,2011-12-14 20:43:29,-2.767112486,-68.10005921,-145.180302279839,-649.56652282165
4182444,2011-12-14 21:13:29,-3.007298361,-68.0801229,-154.584439878555,-645.42065665688
4182444,2011-12-14 21:43:29,-3.159309913,-68.04558534,-160.080594229979,-640.409256759792
4182444,2011-12-14 22:13:29,-3.330742233,-68.00430345,-166.255785654772,-634.516428174452
4182444,2011-12-14 22:43:29,-3.656649559,-67.94787854,-178.525596340868,-625.78107652899
4182444,2011-12-14 23:13:29,-3.853360037,-67.90020584,-185.69565169667,-619.040947305782
4182444,2011-12-14 23:43:29,-4.222873379,-67.79578247,-198.978548438837,-604.799662656684
4182444,2011-12-15 00:13:29,-4.694984386,-67.72500941,-217.334363357509,-593.61233156382
4182444,2011-12-15 00:43:29,-5.084946538,-67.65929354,-232.473900437972,-583.672859671432
4182444,2011-12-15 01:13:29,-5.505838349,-67.58979013,-248.958095689475,-573.204912713433
4182444,2011-12-15 01:43:29,-6.050705686,-67.50800572,-270.609425570596,-560.719096480546
4182444,2011-12-15 02:13:29,-6.580704266,-67.42333601,-291.770396201903,-548.184997122165
4182444,2011-12-15 02:43:29,-6.900035751,-67.31935778,-303.838935147275,-534.854705188201
4182444,2011-12-15 03:13:29,-7.210569119,-67.2164595,-315.672665712208,-521.749153694745
4182444,2011-12-15 03:43:29,-7.451033249,-67.13319564,-324.871946219836,-511.241394567183
4182444,2011-12-15 04:13:29,-7.68970343,-67.04956582,-334.065274938437,-500.735250107073
4182444,2011-12-15 04:43:29,-7.932193428,-66.98314319,-343.718231279846,-492.151031502295
4182444,2011-12-15 05:13:29,-8.162988128,-66.92273631,-352.997541729237,-484.325981386206
4182444,2011-12-15 05:43:29,-8.391043158,-66.86254769,-362.213441411221,-476.57074797525
4182444,2011-12-15 06:13:29,-8.697523325,-66.67756039,-373.508898193019,-454.643429069323
4182444,2011-12-15 06:43:29,-8.991845072,-66.47344599,-384.271114857298,-430.69365601028
4182444,2011-12-15 07:13:29,-9.297387024,-66.22927879,-395.35129245674,-402.293260877386
4182444,2011-12-15 07:43:29,-9.73962984,-66.01190594,-413.147181909545,-376.391120171564
4182444,2011-12-15 08:13:29,-10.14876907,-65.77497425,-429.618470108651,-348.549233092939
4182444,2011-12-15 08:43:29,-10.46151156,-65.52947039,-441.931052322557,-320.172631502303
4182444,2011-12-15 09:13:29,-10.66575984,-65.33763379,-449.88199833692,-298.166309090703
4182444,2011-12-15 09:43:29,-10.92914056,-65.10149999,-460.425889277836,-271.074543973746
4182444,2011-12-15 10:13:29,-11.17457471,-64.84655215,-470.219077354962,-241.981209946544
4182444,2011-12-15 10:43:29,-11.34313554,-64.6194828,-476.741838535411,-216.235957718147
4182444,2011-12-15 11:13:29,-11.42402495,-64.33655404,-478.829659335055,-184.524351167151
4182444,2011-12-15 11:43:29,-11.45326126,-64.03292983,-478.355157825819,-150.650908563634
4182444,2011-12-15 12:13:29,-11.40221698,-63.73758287,-474.008597390724,-117.919672995939
4182444,2011-12-15 12:43:29,-11.2452509,-63.45787466,-464.439182649905,-87.2392137210736
4182444,2011-12-15 13:13:29,-11.20006173,-63.19819831,-460.474104829552,-58.4764075598951
4182444,2011-12-15 13:43:29,-11.2351179,-62.99242538,-460.891782312652,-35.4747921308108
4182444,2011-12-15 14:13:29,-11.12423717,-62.79716806,-453.97106514196,-14.083045025086
4182444,2011-12-15 14:43:29,-10.96841509,-62.53630685,-444.217516117811,14.4504538051406
4182444,2011-12-15 15:13:29,-10.67303063,-62.31461031,-427.388170882054,38.1249612855809
4182444,2011-12-15 15:43:29,-10.24965453,-62.11860402,-403.878847528191,58.3785289912366
4182444,2011-12-15 16:13:29,-9.863411921,-61.91547108,-381.977188193853,79.4193462430658
4182444,2011-12-15 16:43:29,-9.551796611,-61.69366945,-363.577643332572,102.73116333179
4182444,2011-12-15 17:13:29,-9.453446031,-61.41684954,-355.761667366028,133.048270837574
4182444,2011-12-15 17:43:29,-9.340480951,-61.14793261,-347.151259284275,162.405749547818
4182444,2011-12-15 18:13:29,-9.201950772,-60.94604651,-337.72102934522,184.177997506067
4182444,2011-12-15 18:43:29,-9.063297894,-60.80355276,-328.792381124786,199.33137745185
4182444,2011-12-15 19:13:29,-8.908765657,-60.6061096,-318.366571628922,220.486358892689
4182444,2011-12-15 19:43:29,-8.731400808,-60.39930221,-306.489106929916,242.535068520942
4182444,2011-12-15 20:13:29,-8.515679683,-60.22172178,-292.693418800644,261.096567118663
4182444,2011-12-15 20:43:29,-8.370067373,-60.00838416,-282.266490170985,283.973247798318
4182444,2011-12-15 21:13:29,-8.25347229,-59.81594739,-273.600984551547,304.671866248656
4182444,2011-12-15 21:43:29,-8.086794909,-59.58473357,-261.599716515735,329.363475902907
4182444,2011-12-15 22:13:29,-7.902492665,-59.36371516,-248.599389224432,352.784926579591
4182444,2011-12-15 22:43:29,-7.7169974,-59.14542268,-235.435412279289,375.858316345354
4182444,2011-12-15 23:13:29,-7.502378809,-58.93361867,-220.554893995134,397.985495359966
4182444,2011-12-15 23:43:29,-7.251568982,-58.74214832,-203.7060178097,417.565814700263
4182444,2011-12-16 00:13:29,-7.063538926,-58.54523655,-190.271428653315,438.117724231901
4182444,2011-12-16 00:43:29,-6.892960439,-58.35250773,-177.794119963672,458.290005496663
4182444,2011-12-16 01:13:29,-6.742902355,-58.16503793,-166.488319454365,477.99474755453
4182444,2011-12-16 01:43:29,-6.639042743,-58.05146285,-158.83588717432,489.824932827909
4182444,2011-12-16 02:13:29,-6.574577309,-58.00254869,-154.36800526302,494.770491061163
4182444,2011-12-16 02:43:29,-6.484358991,-58.00866231,-149.147471959078,493.422952464216
4182444,2011-12-16 03:13:29,-6.393378429,-58.04541795,-144.320361340861,488.668231063423
4182444,2011-12-16 03:43:29,-6.338625147,-58.06446119,-141.377014962743,486.144508673094
4182444,2011-12-16 04:13:29,-6.329892748,-58.05279771,-140.697223699069,487.370134461252
4182444,2011-12-16 04:43:29,-6.314153274,-58.03485411,-139.515363731474,489.237961909767
4182444,2011-12-16 05:13:29,-6.29907051,-58.01235065,-138.305672177573,491.615582416403
4182444,2011-12-16 05:43:29,-6.287439411,-58.00075301,-137.454964809993,492.81135401546
4182444,2011-12-16 06:13:29,-6.238024513,-58.02797994,-134.943425044363,489.417085161542
4182444,2011-12-16 06:43:29,-6.218892343,-58.03564477,-133.930545108957,488.421041034714
4182444,2011-12-16 07:13:29,-6.210163096,-58.03257467,-133.373167557332,488.693826197483
4182444,2011-12-16 07:43:29,-6.198598379,-58.02986429,-132.654353482451,488.904820550878
4182444,2011-12-16 08:13:29,-6.191756303,-58.02167398,-132.133146877619,489.759071848156
4182444,2011-12-16 08:43:29,-6.177066739,-58.02430153,-131.30825722458,489.354519642272
4182444,2011-12-16 09:13:29,-6.143035271,-58.0557747,-129.769469627775,485.605304381163
4182444,2011-12-16 09:43:29,-6.137914364,-58.05180939,-129.410757285832,486.004666534996
4182444,2011-12-16 10:13:29,-6.136920886,-58.03542939,-129.112435437627,487.810895748504
4182444,2011-12-16 10:43:29,-6.127402931,-58.02931813,-128.463757836574,488.413660550696
4182444,2011-12-16 11:13:29,-6.079468946,-58.03884226,-125.788336136636,486.9850895944
4182444,2011-12-16 11:43:29,-6.089828206,-58.03757496,-126.378042264475,487.206393679662
4182444,2011-12-16 12:13:29,-6.094368527,-58.03199415,-126.562540109813,487.859848842687
4182444,2011-12-16 12:43:29,-6.089600671,-58.02600585,-126.194283485715,488.485726333938
4182444,2011-12-16 13:13:29,-6.085922803,-58.01987769,-125.887925034817,489.13558589812
4182444,2011-12-16 13:43:29,-6.083017144,-58.01404055,-125.631169126711,489.759241934971
4182444,2011-12-16 14:13:29,-6.080300372,-58.0083985,-125.38834090061,490.362761408382
4182444,2011-12-16 14:43:29,-6.07939269,-58.00305346,-125.256196303783,490.947540442897
4182444,2011-12-16 15:13:29,-6.078944933,-57.99893363,-125.169142332419,491.400244582356
4182444,2011-12-16 15:43:29,-6.084338212,-57.9911092,-125.370966734997,492.308885591865
4182444,2011-12-16 16:13:29,-6.108179747,-57.95910564,-126.302937216683,496.039196582666
4182444,2011-12-16 16:43:29,-6.18980536,-57.85048717,-129.528233938729,508.70314698623
4182444,2011-12-16 17:13:29,-6.28266995,-57.70973191,-132.989486607046,525.009954285089
4182444,2011-12-16 17:43:29,-6.364432471,-57.62023884,-136.565008447092,535.549389853784
4182444,2011-12-16 18:13:29,-6.368221757,-57.58370751,-136.271517733895,539.625290795669
4182444,2011-12-16 18:43:29,-6.252604992,-57.59796616,-129.597734361716,537.158361434562
4182444,2011-12-16 19:13:29,-6.104597893,-57.62919714,-121.253617735834,532.546368611643
4182444,2011-12-16 19:43:29,-6.132436387,-57.57551966,-122.124341842648,538.709517540734
4182444,2011-12-16 20:13:29,-6.15211317,-57.58975302,-123.502258074778,537.287115989423
4182444,2011-12-16 20:43:29,-6.203553542,-57.63956937,-127.28290478287,532.170327671427
4182444,2011-12-16 21:13:29,-6.253351405,-57.63985483,-130.244996633307,532.524246772218
4182444,2011-12-16 21:43:29,-6.278611437,-57.65334247,-131.939103444029,531.224948865112
4182444,2011-12-16 22:13:29,-6.300633638,-57.66858171,-133.465043879114,529.706128571624
4182444,2011-12-16 22:43:29,-6.133732976,-57.74220831,-124.634560781468,520.258841425477
4182444,2011-12-16 23:13:29,-6.080259418,-57.75123768,-121.600511753847,518.839884810399
4182444,2011-12-16 23:43:29,-6.060172319,-57.74459865,-120.313472157071,519.417042144625
4182444,2011-12-17 00:13:29,-5.990170491,-57.76854695,-116.524191403633,516.211667732196
4182444,2011-12-17 00:43:29,-5.892191064,-57.80331866,-111.249339240527,511.580084175459
4182444,2011-12-17 01:13:29,-5.774372483,-57.84199975,-104.874911456093,506.347331729658
4182444,2011-12-17 01:43:29,-5.730219158,-57.8678238,-102.663573326011,503.129588484536
4182444,2011-12-17 02:13:29,-5.717054658,-57.85675824,-101.717540342982,504.247014389989
4182444,2011-12-17 02:43:29,-5.700622682,-57.84826809,-100.617729259687,505.052456451075
4182444,2011-12-17 03:13:29,-5.702646349,-57.82691878,-100.409660059159,507.432104540013
4182444,2011-12-17 03:43:29,-5.685235966,-57.81829867,-99.2491057558404,508.243620882276
4182444,2011-12-17 04:13:29,-5.661077362,-57.81280595,-97.7375994959937,508.653218572105
4182444,2011-12-17 04:43:29,-5.639724291,-57.80670691,-96.3820885259104,509.152494685614
4182444,2011-12-17 05:13:29,-5.587305809,-57.82046965,-93.499001875763,507.196130643524
4182444,2011-12-17 05:43:29,-5.527323757,-57.83081999,-90.1187646644257,505.552134795515
4182444,2011-12-17 06:13:29,-5.49778124,-57.82907895,-88.3475591397446,505.498095738475
4182444,2011-12-17 06:43:29,-5.479710669,-57.82509602,-87.2182607301813,505.787543081951
4182444,2011-12-17 07:13:29,-5.46006771,-57.81984051,-85.9758829533521,506.204291228593
4182444,2011-12-17 07:43:29,-5.476870189,-57.83076834,-87.1396964934968,505.136062345303
4182444,2011-12-17 08:13:29,-5.459132476,-57.85048914,-86.4031895585654,502.805087497963
4182444,2011-12-17 08:43:29,-5.433914395,-57.85387873,-84.9690231248589,502.21804401757
4182444,2011-12-17 09:13:29,-5.415348667,-57.84987114,-83.8105185557438,502.505046604729
4182444,2011-12-17 09:43:29,-5.397446877,-57.84586304,-82.6909581722314,502.797390069243
4182444,2011-12-17 10:13:29,-5.37866789,-57.84207247,-81.522884795407,503.057934247175
4182444,2011-12-17 10:43:29,-5.337316203,-57.9163046,-80.2674146559489,494.494469693222
4182444,2011-12-17 11:13:29,-5.290313505,-57.96566889,-78.2921397407463,488.633378844313
4182444,2011-12-17 11:43:29,-5.276828565,-57.96596344,-77.5041122477019,488.485719955364
4182444,2011-12-17 12:13:29,-5.269935331,-57.9625866,-77.0445774631582,488.800382630268
4182444,2011-12-17 12:43:29,-5.261339764,-57.95793518,-76.4643653135563,489.241429537812
4182444,2011-12-17 13:13:29,-5.253473586,-57.95253314,-75.9148335270381,489.77167786771
4182444,2011-12-17 13:43:29,-5.246178207,-57.9473215,-75.4018112810363,490.285689746129
4182444,2011-12-17 14:13:29,-5.238883452,-57.94215552,-74.8894445424078,490.79459873147
4182444,2011-12-17 14:43:29,-5.232523338,-57.93692565,-74.43091721208,491.318540004372
4182444,2011-12-17 15:13:29,-5.244659546,-57.93147038,-75.0570018767808,492.026091224665
4182444,2011-12-17 15:43:29,-5.244286444,-57.92502808,-74.9312192547225,492.735527775351
4182444,2011-12-17 16:13:29,-5.238540964,-57.92079247,-74.5247808728873,493.154781671884
4182444,2011-12-17 16:43:29,-5.23456614,-57.91190683,-74.1474922995533,494.103573953051
4182444,2011-12-17 17:13:29,-5.240372592,-57.89713771,-74.2512784103189,495.787142562361
4182444,2011-12-17 17:43:29,-5.247486429,-57.89477446,-74.6322172103785,496.109592941662
4182444,2011-12-17 18:13:29,-5.254323983,-57.89539833,-75.0450165286136,496.099198414373
4182444,2011-12-17 18:43:29,-5.299396087,-57.90198753,-77.8055433321108,495.755617335734
4182444,2011-12-17 19:13:29,-5.309682708,-57.89358274,-78.2768857517799,496.773117235266
4182444,2011-12-17 19:43:29,-5.324794169,-57.85998622,-78.6304459540543,500.618623340782
4182444,2011-12-17 20:13:29,-5.37932755,-57.8021673,-80.9283446497661,507.478683399194
4182444,2011-12-17 20:43:29,-5.278789394,-57.72008695,-73.6743690580563,515.702802481342
4182444,2011-12-17 21:13:29,-5.213251836,-57.63475582,-68.4189991287153,524.578467852268
4182444,2011-12-17 21:43:29,-5.226717116,-57.62103855,-68.9971696806613,526.212269355951
4182444,2011-12-17 22:13:29,-5.21089014,-57.64634562,-68.4657304924169,523.275953830107
4182444,2011-12-17 22:43:29,-5.179073366,-57.66606917,-66.8977026685391,520.818674990461
4182444,2011-12-17 23:13:29,-5.117989162,-57.72745293,-64.2766210802831,513.497904428731
4182444,2011-12-17 23:43:29,-4.958804716,-57.82909332,-56.5421570081517,500.859812889352
4182444,2011-12-18 00:13:29,-4.862111342,-57.90463934,-52.1033758361184,491.648185025454
4182444,2011-12-18 00:43:29,-4.96830912,-57.9127727,-58.4890216698211,491.690659595375
4182444,2011-12-18 01:13:29,-5.048221189,-57.89295495,-62.8664422588438,494.584331445256
4182444,2011-12-18 01:43:29,-5.036011356,-57.92817577,-62.7271354151494,490.582414476632
4182444,2011-12-18 02:13:29,-4.9551051,-57.97495225,-58.7441602965521,484.698677805425
4182444,2011-12-18 02:43:29,-4.861905336,-58.01712467,-53.9763392245072,479.210086095963
4182444,2011-12-18 03:13:29,-4.869983375,-58.02162955,-54.5257530332171,478.783888774886
4182444,2011-12-18 03:43:29,-4.868610868,-58.02537207,-54.5079578517953,478.357921025035
4182444,2011-12-18 04:13:29,-4.863015429,-58.02941884,-54.2476126564507,477.860759046824
4182444,2011-12-18 04:43:29,-4.849662997,-58.04483968,-53.7234728449725,476.037062955952
4182444,2011-12-18 05:13:29,-4.837230677,-58.04510952,-52.9992121794128,475.896453651482
4182444,2011-12-18 05:43:29,-4.822904742,-58.07244783,-52.6198311035314,472.74640382395
4182444,2011-12-18 06:13:29,-4.814023207,-58.07477369,-52.1388216005132,472.409989911334
4182444,2011-12-18 06:43:29,-4.807218602,-58.07377401,-51.7234208829218,472.459703100627
4182444,2011-12-18 07:13:29,-4.800337696,-58.07266465,-51.301680989108,472.520815455519
4182444,2011-12-18 07:43:29,-4.793871768,-58.07117134,-50.8977406649601,472.62804126942
4182444,2011-12-18 08:13:29,-4.789016869,-58.0694295,-50.5839384991002,472.777127959999
4182444,2011-12-18 08:43:29,-4.785020588,-58.06795231,-50.324881072381,472.904628346134
4182444,2011-12-18 09:13:29,-4.781209708,-58.06695901,-50.0848499068918,472.980284070088
4182444,2011-12-18 09:43:29,-4.776810955,-58.06627664,-49.8156302278235,473.0162843357
4182444,2011-12-18 10:13:29,-4.772818323,-58.06557634,-49.569889642961,473.057891406755
4182444,2011-12-18 10:43:29,-4.77038212,-58.06442526,-49.4076879692971,473.163278268923
4182444,2011-12-18 11:13:29,-4.768081291,-58.06227722,-49.2365270140569,473.380078387392
4182444,2011-12-18 11:43:29,-4.76736899,-58.06163497,-49.1839203968116,473.444680332635
4182444,2011-12-18 12:13:29,-4.75834594,-58.06638092,-48.7357319937323,472.839049909378
4182444,2011-12-18 12:43:29,-4.753149575,-58.07460476,-48.5708087995683,471.883317246398
4182444,2011-12-18 13:13:29,-4.751084953,-58.07394395,-48.4386867061846,471.937807791901
4182444,2011-12-18 13:43:29,-4.749345407,-58.07325427,-48.3251090853933,471.99840756138
4182444,2011-12-18 14:13:29,-4.747834571,-58.07268565,-48.2269768729714,472.047678953708
4182444,2011-12-18 14:43:29,-4.746110216,-58.0723019,-48.1194742050513,472.074593177701
4182444,2011-12-18 15:13:29,-4.744881994,-58.06999826,-48.0084406704234,472.318184517157
4182444,2011-12-18 15:43:29,-4.758404393,-58.05629707,-48.5682469520086,473.95423392119
4182444,2011-12-18 16:13:29,-4.762883284,-58.05008148,-48.7253973555389,474.681534134865
4182444,2011-12-18 16:43:29,-4.75981554,-58.04919978,-48.5306703384781,474.751441936899
4182444,2011-12-18 17:13:29,-4.7552546,-58.04528426,-48.1969941249297,475.143276643257
4182444,2011-12-18 17:43:29,-4.752533647,-58.04408559,-48.0171866350233,475.251316021042
4182444,2011-12-18 18:13:29,-4.752242357,-58.03890921,-47.9123444873526,475.820887891347
4182444,2011-12-18 18:43:29,-4.750302086,-58.03470811,-47.7273572359857,476.267823370886
4182444,2011-12-18 19:13:29,-4.771028434,-58.01393368,-48.5910411098066,478.750509682081
4182444,2011-12-18 19:43:29,-4.782932984,-58.00927292,-49.2106852280858,479.372564422078
4182444,2011-12-18 20:13:29,-4.78451489,-58.00535279,-49.2372712360925,479.820103718347
4182444,2011-12-18 20:43:29,-4.827730069,-57.98969602,-51.5099297203576,481.937755914068
4182444,2011-12-18 21:13:29,-4.83941558,-57.97991143,-52.031629247402,483.123813312078
4182444,2011-12-18 21:43:29,-4.649109397,-58.0262672,-41.6502693827103,476.286047590708
4182444,2011-12-18 22:13:29,-4.585091717,-58.04937506,-38.2949347526246,473.148921411652
4182444,2011-12-18 22:43:29,-4.585819679,-58.04505797,-38.2631871914471,473.632664045314
4182444,2011-12-18 23:13:29,-4.58008472,-58.038665,-37.8168936450559,474.286738996648
4182444,2011-12-18 23:43:29,-4.575963157,-58.03240307,-37.4673249173213,474.941055236763
4182444,2011-12-19 00:13:29,-4.58204717,-58.02422324,-37.6829744424454,475.900671976097
4182444,2011-12-19 00:43:29,-4.604010618,-58.01542972,-38.8195554186384,477.073134989606
4182444,2011-12-19 01:13:29,-4.595348811,-58.02065006,-38.4013985514464,476.417122820513
4182444,2011-12-19 01:43:29,-4.444012954,-58.07594215,-30.4939129345182,468.915582462746
4182444,2011-12-19 02:13:29,-4.22312171,-58.16002061,-19.0670034782925,457.562477218697
4182444,2011-12-19 02:43:29,-4.075199224,-58.21176308,-11.3700110798709,450.443002129911
4182444,2011-12-19 03:13:29,-4.03228177,-58.23024447,-9.20520319503225,447.991260237144
4182444,2011-12-19 03:43:29,-4.037993883,-58.24038538,-9.7222811352683,446.926370056488
4182444,2011-12-19 04:13:29,-3.883492125,-58.31391494,-2.08408100094857,437.317777043416
4182444,2011-12-19 04:43:29,-3.615663495,-58.41110405,11.6319300479618,423.96173555362
4182444,2011-12-19 05:13:29,-3.54882211,-58.43135345,15.1163381679596,421.062103114917
4182444,2011-12-19 05:43:29,-3.53395036,-58.42552725,16.0878760895812,421.556208952035
4182444,2011-12-19 06:13:29,-3.522786926,-58.41697837,16.8970028424224,422.38756784962
4182444,2011-12-19 06:43:29,-3.512459433,-58.4085915,17.6549329339725,423.209292829352
4182444,2011-12-19 07:13:29,-3.503092374,-58.40053518,18.3511960049436,424.004068422649
4182444,2011-12-19 07:43:29,-3.494470477,-58.39292266,18.9960443694608,424.757269856609
4182444,2011-12-19 08:13:29,-3.476784513,-58.39110347,20.055226057106,424.780215803544
4182444,2011-12-19 08:43:29,-3.447253113,-58.39372284,21.7153560530392,424.193921551562
4182444,2011-12-19 09:13:29,-3.427525774,-58.39219605,22.8871784899118,424.163252359171
4182444,2011-12-19 09:43:29,-3.415974769,-58.38698994,23.6563747803618,424.620735802322
4182444,2011-12-19 10:13:29,-3.404383632,-58.38182506,24.4272846394977,425.073127482534
4182444,2011-12-19 10:43:29,-3.39280701,-58.37709184,25.1892089879084,425.477918994006
4182444,2011-12-19 11:13:29,-3.380119504,-58.37236389,26.0155652792316,425.870722471568
4182444,2011-12-19 11:43:29,-3.36725322,-58.36768255,26.8515616161826,426.256406842191
4182444,2011-12-19 12:13:29,-3.354369429,-58.36301439,27.6884990211454,426.640292757062
4182444,2011-12-19 12:43:29,-3.34143296,-58.3582345,28.5308354722049,427.035796937696
4182444,2011-12-19 13:13:29,-3.328734349,-58.35338333,29.3609523183804,427.441417646408
4182444,2011-12-19 13:43:29,-3.317102456,-58.34865354,30.1270547726872,427.844375786919
4182444,2011-12-19 14:13:29,-3.30653613,-58.34386657,30.8326502359103,428.264386946065
4182444,2011-12-19 14:43:29,-3.297136512,-58.33886115,31.4749896553674,428.720301699293
4182444,2011-12-19 15:13:29,-3.288855562,-58.33389929,32.0517450440384,429.18276672676
4182444,2011-12-19 15:43:29,-3.254224432,-58.3325404,34.0867425242916,428.977703169252
4182444,2011-12-19 16:13:29,-3.185376981,-58.33537003,38.0239075919917,427.957004405118
4182444,2011-12-19 16:43:29,-3.19368469,-58.3283394,37.6800865037542,428.817915950073
4182444,2011-12-19 17:13:29,-3.186360049,-58.32410653,38.1879753463204,429.209015869177
4182444,2011-12-19 17:43:29,-3.216916454,-58.30313242,36.8260444498621,431.83675140881
4182444,2011-12-19 18:13:29,-3.325680522,-58.25128886,31.5174168256515,438.669557062576
4182444,2011-12-19 18:43:29,-3.334530449,-58.25057476,31.0167052633597,438.838686709427
4182444,2011-12-19 19:13:29,-3.364683215,-58.25407993,29.1958212335278,438.759490015414
4182444,2011-12-19 19:43:29,-3.360791953,-58.26350307,29.239992468491,437.680573188197
4182444,2011-12-19 20:13:29,-3.367962428,-58.28459041,28.4159854515217,435.427794255049
4182444,2011-12-19 20:43:29,-3.426838647,-58.25981746,25.4717549293105,438.757701807136
4182444,2011-12-19 21:13:29,-3.482156275,-58.25281733,22.3895116947017,440.088646057357
4182444,2011-12-19 21:43:29,-3.4754137,-58.25291109,22.7798139333208,440.010336109573
4182444,2011-12-19 22:13:29,-3.472657456,-58.25168276,22.9635946239757,440.118041010994
4182444,2011-12-19 22:43:29,-3.494089368,-58.24264858,21.8897421565291,441.330618315914
4182444,2011-12-19 23:13:29,-3.503917621,-58.23885809,21.390334786839,441.847694551494
4182444,2011-12-19 23:43:29,-3.513122385,-58.23596451,20.9099723567685,442.259484166842
4182444,2011-12-20 00:13:29,-3.530481211,-58.2444875,19.7377387491235,441.493573334713
4182444,2011-12-20 00:43:29,-3.552263829,-58.28560748,17.6892571878277,437.175366975765
4182444,2011-12-20 01:13:29,-3.572218047,-58.32295434,15.8211267983743,433.254527505312
4182444,2011-12-20 01:43:29,-3.565839234,-58.32961771,16.0648322758898,432.455676202674
4182444,2011-12-20 02:13:29,-3.557496524,-58.32630165,16.611994319217,432.738145804122
4182444,2011-12-20 02:43:29,-3.55620116,-58.32312389,16.747571226178,433.075777279514
4182444,2011-12-20 03:13:29,-3.555874666,-58.31874895,16.8496733676893,433.55517331393
4182444,2011-12-20 03:43:29,-3.555546004,-58.31399527,16.9591005894122,434.076332247828
4182444,2011-12-20 04:13:29,-3.555101705,-58.30909289,17.0780691726393,434.612740241501
4182444,2011-12-20 04:43:29,-3.554297542,-58.30457783,17.2105775337786,435.10281744563
4182444,2011-12-20 05:13:29,-3.5531305,-58.30060556,17.3538533079625,435.529379791761
4182444,2011-12-20 05:43:29,-3.551723175,-58.29589997,17.5250377405355,436.034438499235
4182444,2011-12-20 06:13:29,-3.550064778,-58.2911258,17.712129515987,436.544546938224
4182444,2011-12-20 06:43:29,-3.547925353,-58.28626237,17.9288891850729,437.059682275284
4182444,2011-12-20 07:13:29,-3.546085305,-58.28136913,18.1288484303545,437.581098320289
4182444,2011-12-20 07:43:29,-3.54452036,-58.2764727,18.3129047930802,438.105617310131
4182444,2011-12-20 08:13:29,-3.543828438,-58.27137482,18.4500666389918,438.661105034638
4182444,2011-12-20 08:43:29,-3.543623929,-58.26631035,18.5582636525057,439.217790749497
4182444,2011-12-20 09:13:29,-3.543054724,-58.2613244,18.6861709193422,439.762159734742
4182444,2011-12-20 09:43:29,-3.543333207,-58.25612689,18.7688104068375,440.338365480615
4182444,2011-12-20 10:13:29,-3.54493372,-58.25038688,18.7848617655172,440.98767519681
4182444,2011-12-20 10:43:29,-3.521707224,-58.26867496,19.7873329516126,438.737094636543
4182444,2011-12-20 11:13:29,-3.501380502,-58.28628219,20.6327944875579,436.590476140454
4182444,2011-12-20 11:43:29,-3.505579365,-58.28260722,20.4589777526703,437.038095647957
4182444,2011-12-20 12:13:29,-3.510336553,-58.27920758,20.2474081512412,437.460942099263
4182444,2011-12-20 12:43:29,-3.515224175,-58.27596371,20.0252296526608,437.867900748733
4182444,2011-12-20 13:13:29,-3.520219621,-58.27256552,19.7996674979465,438.29295176834
4182444,2011-12-20 13:43:29,-3.525672544,-58.26955669,19.5400349631675,438.679624171576
4182444,2011-12-20 14:13:29,-3.531528645,-58.26694377,19.2493676883516,439.026643471374
4182444,2011-12-20 14:43:29,-3.537514028,-58.26456629,18.9466488190933,439.348960057416
4182444,2011-12-20 15:13:29,-3.543448898,-58.2623095,18.644519750268,439.657429159031
4182444,2011-12-20 15:43:29,-3.549299656,-58.26022157,18.3440230750966,439.946400122817
4182444,2011-12-20 16:13:29,-3.55454708,-58.25868892,18.0680173103469,440.168042467978
4182444,2011-12-20 16:43:29,-3.558171362,-58.25755329,17.8788320125684,440.329615664487
4182444,2011-12-20 17:13:29,-3.581140397,-58.2574739,16.5446197780461,440.568047869583
4182444,2011-12-20 17:43:29,-3.631111541,-58.25792203,13.630016653939,441.016667544633
4182444,2011-12-20 18:13:29,-3.656569312,-58.25582887,12.1888142465161,441.50052876314
4182444,2011-12-20 18:43:29,-3.709970975,-58.2595931,9.01209761982022,441.613768906909
4182444,2011-12-20 19:13:29,-3.732546521,-58.26236097,7.6472619363999,441.531022025793
4182444,2011-12-20 19:43:29,-3.739205405,-58.27095321,7.09939792158048,440.648388487461
4182444,2011-12-20 20:13:29,-3.779126508,-58.265304,4.88325486127883,441.664285511021
4182444,2011-12-20 20:43:29,-3.816793706,-58.25638668,2.85796639479395,443.017528669239
4182444,2011-12-20 21:13:29,-3.832918721,-58.28220244,1.44139805909049,440.32570273233
4182444,2011-12-20 21:43:29,-3.872068275,-58.29818298,-1.12986380351163,438.943273815835
4182444,2011-12-20 22:13:29,-3.940160742,-58.2599923,-4.38615526747913,443.819489206517
4182444,2011-12-20 22:43:29,-3.916193902,-58.25839022,-2.9622455993233,443.764281618242
4182444,2011-12-20 23:13:29,-3.80187013,-58.28360724,3.22029369932011,439.867111297004
4182444,2011-12-20 23:43:29,-3.787134206,-58.26963703,4.33689421027316,441.2646101984
4182444,2011-12-21 00:13:29,-3.791222261,-58.27152632,4.06401444606558,441.096169325027
4182444,2011-12-21 00:43:29,-3.739172118,-58.2826018,6.88361024835035,439.362533861655
4182444,2011-12-21 01:13:29,-3.64600362,-58.29257518,12.1108176297359,437.340955691667
4182444,2011-12-21 01:43:29,-3.669690711,-58.27155313,11.129923032589,439.895525186219
4182444,2011-12-21 02:13:29,-3.671306823,-58.26833755,11.0964270383708,440.266367813647
4182444,2011-12-21 02:43:29,-3.674112443,-58.26282965,11.0368309408814,440.901947221701
4182444,2011-12-21 03:13:29,-3.688199319,-58.24652398,10.5237034021186,442.840754469874
4182444,2011-12-21 03:43:29,-3.69402227,-58.24194292,10.2708491463361,443.403899076331
4182444,2011-12-21 04:13:29,-3.696866247,-58.23800621,10.1791869836741,443.866458060666
4182444,2011-12-21 04:43:29,-3.700263385,-58.23389365,10.0585839257574,444.35389034838
4182444,2011-12-21 05:13:29,-3.704635245,-58.23055922,9.86660725227762,444.765083220227
4182444,2011-12-21 05:43:29,-3.707912838,-58.22760936,9.73107811274008,445.123011622843
4182444,2011-12-21 06:13:29,-3.705224001,-58.22776384,9.88471656687307,445.079388019645
4182444,2011-12-21 06:43:29,-3.67364808,-58.24235831,11.4486128050789,443.156330115624
4182444,2011-12-21 07:13:29,-3.673047015,-58.24084502,11.5120296000025,443.317363323668
4182444,2011-12-21 07:43:29,-3.670670447,-58.24032563,11.6600871393769,443.351120604378
4182444,2011-12-21 08:13:29,-3.670024744,-58.23777692,11.7455754559742,443.625966011281
4182444,2011-12-21 08:43:29,-3.667541882,-58.23498512,11.9425606702096,443.909417985847
4182444,2011-12-21 09:13:29,-3.653220956,-58.23720065,12.7343164771723,443.522833734162
4182444,2011-12-21 09:43:29,-3.651756312,-58.23584508,12.8450757349453,443.657871116848
4182444,2011-12-21 10:13:29,-3.649944073,-58.23438189,12.9780975045787,443.801328901788
4182444,2011-12-21 10:43:29,-3.648270408,-58.23289623,13.1034854081202,443.948639046792
4182444,2011-12-21 11:13:29,-3.646509217,-58.2317736,13.2271368197694,444.055017812225
4182444,2011-12-21 11:43:29,-3.644268963,-58.23094519,13.3731348368547,444.124166726895
4182444,2011-12-21 12:13:29,-3.641283512,-58.23013721,13.5621281132487,444.183648533486
4182444,2011-12-21 12:43:29,-3.637606823,-58.22896097,13.798305423639,444.27688298269
4182444,2011-12-21 13:13:29,-3.634329915,-58.22789515,14.0091426997478,444.361896871955
4182444,2011-12-21 13:43:29,-3.631116464,-58.2271107,14.2109893670988,444.416484521576
4182444,2011-12-21 14:13:29,-3.585161936,-58.30775159,15.3579950244941,435.061013580482
4182444,2011-12-21 14:43:29,-3.559389358,-58.28845212,17.221200030755,436.932829022615
4182444,2011-12-21 15:13:29,-3.548716254,-58.28771357,17.8553457668575,436.907498669105
4182444,2011-12-21 15:43:29,-3.539670457,-58.28672321,18.3997503366663,436.926152851172
4182444,2011-12-21 16:13:29,-3.534167426,-58.27838575,18.8781872374293,437.790802243948
4182444,2011-12-21 16:43:29,-3.540871362,-58.24719096,19.0819161729992,441.299543361726
4182444,2011-12-21 17:13:29,-3.537104374,-58.24892613,19.2680229114567,441.070335900352
4182444,2011-12-21 17:43:29,-3.547917907,-58.24886129,18.6402882639024,441.185892370525
4182444,2011-12-21 18:13:29,-3.58534876,-58.24520671,16.5322676673602,441.96355190684
4182444,2011-12-21 18:43:29,-3.592336245,-58.23671547,16.2865044045311,442.970196484908
4182444,2011-12-21 19:13:29,-3.619872338,-58.21204448,15.149942214711,445.966960789747
4182444,2011-12-21 19:43:29,-3.64531262,-58.19592314,13.9720534322419,447.999063381476
4182444,2011-12-21 20:13:29,-3.735379593,-58.17942532,9.03226475140241,450.711805976081
4182444,2011-12-21 20:43:29,-3.841721506,-58.19263107,2.58776073250328,450.298404212338
4182444,2011-12-21 21:13:29,-3.908478951,-58.15329438,-0.580215536182322,455.291222634861
4182444,2011-12-21 21:43:29,-3.919199317,-58.07252883,0.276881374226605,464.311742066795
4182444,2011-12-21 22:13:29,-3.856403551,-57.92938442,6.5897562809173,479.501558627198
4182444,2011-12-21 22:43:29,-3.829418518,-57.90193455,8.68150252301848,482.266952712813
4182444,2011-12-21 23:13:29,-3.815955467,-57.88783797,9.73336061760347,483.690642420847
4182444,2011-12-21 23:43:29,-3.799459435,-57.8308219,11.7585323052256,489.822100170851
4182444,2011-12-22 00:13:29,-3.773275862,-57.75936712,14.6251695639396,497.451142742409
4182444,2011-12-22 00:43:29,-3.691183393,-57.65231868,21.4660874115114,508.450829251491
4182444,2011-12-22 01:13:29,-3.498917101,-57.51696665,35.4072564881953,521.448546286742
4182444,2011-12-22 01:43:29,-3.310172031,-57.64041015,44.2350661679807,505.890605308597
4182444,2011-12-22 02:13:29,-3.076908801,-57.81479809,54.5987609969393,484.224792751618
4182444,2011-12-22 02:43:29,-2.769836095,-57.9893806,69.1310464535256,461.714156241148
4182444,2011-12-22 03:13:29,-2.528448548,-58.17532972,79.4097606799187,438.610431850725
4182444,2011-12-22 03:43:29,-2.345162106,-58.33520486,86.7119466221554,418.989564058214
4182444,2011-12-22 04:13:29,-2.187486936,-58.47762377,92.8036104119233,401.560004848725
4182444,2011-12-22 04:43:29,-2.134430475,-58.53915942,94.5430360880084,394.194666208708
4182444,2011-12-22 05:13:29,-2.083709894,-58.61939148,95.7335188660898,384.797770010521
4182444,2011-12-22 05:43:29,-2.059731333,-58.66633402,96.0964020595079,379.363840335178
4182444,2011-12-22 06:13:29,-2.037877919,-58.69546961,96.7186025781275,375.912774574261
4182444,2011-12-22 06:43:29,-2.026710037,-58.69737651,97.3167814335413,375.577194559134
4182444,2011-12-22 07:13:29,-2.001691641,-58.72677419,98.1113037007976,372.06136180418
4182444,2011-12-22 07:43:29,-1.990705855,-58.73709476,98.5155436815176,370.802151651692
4182444,2011-12-22 08:13:29,-1.983788383,-58.73449772,98.9675600844005,371.009652194439
4182444,2011-12-22 08:43:29,-1.974425468,-58.73202508,99.5567844446282,371.175767845881
4182444,2011-12-22 09:13:29,-1.96443799,-58.73041481,100.163027681295,371.239880208155
4182444,2011-12-22 09:43:29,-1.932025669,-58.73720423,101.868583209753,370.125881226752
4182444,2011-12-22 10:13:29,-1.919114412,-58.74283781,102.483755760727,369.359774691517
4182444,2011-12-22 10:43:29,-1.912411407,-58.74131949,102.900129590822,369.450614836263
4182444,2011-12-22 11:13:29,-1.89266459,-58.7476613,103.890194436553,368.528687873887
4182444,2011-12-22 11:43:29,-1.841161519,-58.76435723,106.466801636293,366.1057159215
4182444,2011-12-22 12:13:29,-1.829357221,-58.76460531,107.135623156415,365.943583816062
4182444,2011-12-22 12:43:29,-1.825133102,-58.76202639,107.433661762121,366.178856999869
4182444,2011-12-22 13:13:29,-1.821608324,-58.75975941,107.684914875409,366.387810479141
4182444,2011-12-22 13:43:29,-1.818384985,-58.75793531,107.909219598292,366.551503131176
4182444,2011-12-22 14:13:29,-1.813648182,-58.756128,108.219641333415,366.696017782424
4182444,2011-12-22 14:43:29,-1.80857053,-58.75424214,108.551294031039,366.845243261117
4182444,2011-12-22 15:13:29,-1.803965012,-58.75272146,108.847949511095,366.959699047417
4182444,2011-12-22 15:43:29,-1.79971621,-58.75147199,109.118263456393,367.048401671143
4182444,2011-12-22 16:13:29,-1.795872819,-58.75058129,109.357514984164,367.102287210017
4182444,2011-12-22 16:43:29,-1.792202883,-58.74987165,109.582870523417,367.138240100178
4182444,2011-12-22 17:13:29,-1.812078187,-58.69446475,109.667251149624,373.458100422022
4182444,2011-12-22 17:43:29,-1.817020384,-58.66624549,110.005289055165,376.61763721342
4182444,2011-12-22 18:13:29,-1.817299097,-58.65841612,110.161559840787,377.48173819497
4182444,2011-12-22 18:43:29,-1.81505201,-58.63120203,110.888989875481,380.44842278015
4182444,2011-12-22 19:13:29,-1.821548795,-58.56378806,111.998022707464,387.936052946588
4182444,2011-12-22 19:43:29,-1.825381061,-58.54534087,112.182955698122,390.008642944691
4182444,2011-12-22 20:13:29,-1.834828933,-58.48744159,112.909946059358,396.484422615499
4182444,2011-12-22 20:43:29,-1.811913354,-58.36153419,116.993951812447,410.067672680409
4182444,2011-12-22 21:13:29,-1.766182201,-58.30868932,120.800241935093,415.350863080661
4182444,2011-12-22 21:43:29,-1.729322484,-58.37626803,121.441765042221,407.492149140472
4182444,2011-12-22 22:13:29,-1.726976859,-58.41782825,120.659090804871,402.895024828643
4182444,2011-12-22 22:43:29,-1.728454886,-58.42040466,120.516893032202,402.628864759638
4182444,2011-12-22 23:13:29,-1.727502711,-58.42370181,120.498965772683,402.255281762977
4182444,2011-12-22 23:43:29,-1.728857744,-58.43637889,120.140682560969,400.877058909851
4182444,2011-12-23 00:13:29,-1.736010111,-58.45679673,119.277264095524,398.71483637071
4182444,2011-12-23 00:43:29,-1.742457858,-58.47034185,118.606594739719,397.300085876264
4182444,2011-12-23 01:13:29,-1.740131292,-58.47426021,118.654075490758,396.842319924355
4182444,2011-12-23 01:43:29,-1.737373258,-58.47816214,118.726734029927,396.381367954665
4182444,2011-12-23 02:13:29,-1.731129136,-58.48196198,119.002358118875,395.891288330108
4182444,2011-12-23 02:43:29,-1.723474706,-58.48635554,119.345966428565,395.319571087981
4182444,2011-12-23 03:13:29,-1.717442137,-58.49066221,119.598003827749,394.776165009749
4182444,2011-12-23 03:43:29,-1.715533111,-58.49614065,119.586650916096,394.151694029475
4182444,2011-12-23 04:13:29,-1.706534471,-58.50427565,119.924421905082,393.15297143003
4182444,2011-12-23 04:43:29,-1.699473878,-58.51006291,120.202460401632,392.434813828085
4182444,2011-12-23 05:13:29,-1.697605515,-58.51332944,120.237546169393,392.054006946676
4182444,2011-12-23 05:43:29,-1.701596879,-58.51640513,119.939763868101,391.762142325739
4182444,2011-12-23 06:13:29,-1.709164546,-58.51939569,119.438195757191,391.521066441091
4182444,2011-12-23 06:43:29,-1.703427769,-58.52185658,119.713643093096,391.184012994835
4182444,2011-12-23 07:13:29,-1.695491682,-58.52421536,120.117785625867,390.832655736493
4182444,2011-12-23 07:43:29,-1.687910837,-58.52660733,120.500691878249,390.481725236638
4182444,2011-12-23 08:13:29,-1.680786313,-58.52922479,120.852284626804,390.1112606112
4182444,2011-12-23 08:43:29,-1.67434945,-58.53168569,121.16774729414,389.765959687311
4182444,2011-12-23 09:13:29,-1.668699494,-58.53388884,121.443638051126,389.458110048269
4182444,2011-12-23 09:43:29,-1.663411164,-58.53570777,121.707234700947,389.19668099469
4182444,2011-12-23 10:13:29,-1.6712781,-58.53403843,121.29206679508,389.471626403932
4182444,2011-12-23 10:43:29,-1.668814071,-58.53615787,121.386630752653,389.209993532418
4182444,2011-12-23 11:13:29,-1.664670163,-58.53967804,121.546604251982,388.774844849531
4182444,2011-12-23 11:43:29,-1.6619749,-58.54409951,121.603223409298,388.257445509833
4182444,2011-12-23 12:13:29,-1.658577765,-58.54918978,121.685255720631,387.658363504379
4182444,2011-12-23 12:43:29,-1.655392857,-58.55503937,121.7381357567,386.978275305188
4182444,2011-12-23 13:13:29,-1.652723374,-58.56100852,121.758675504013,386.291039391007
4182444,2011-12-23 13:43:29,-1.650464782,-58.56782353,121.736725824641,385.515600295877
4182444,2011-12-23 14:13:29,-1.647050037,-58.57479026,121.777721713024,384.710042267903
4182444,2011-12-23 14:43:29,-1.647516301,-58.57408995,121.766541698254,384.792449075644
4182444,2011-12-23 15:13:29,-1.636369876,-58.58002568,122.274297740325,384.010267088198
4182444,2011-12-23 15:43:29,-1.62841388,-58.58678305,122.580358933693,383.174845781256
4182444,2011-12-23 16:13:29,-1.581217102,-58.59617005,125.079122292726,381.592533233677
4182444,2011-12-23 16:43:29,-1.482840208,-58.60920711,130.429100345745,379.006195541596
4182444,2011-12-23 17:13:29,-1.455800874,-58.6154927,131.83754054235,377.997000925226
4182444,2011-12-23 17:43:29,-1.444517287,-58.62011715,132.379820493006,377.355773402612
4182444,2011-12-23 18:13:29,-1.429960975,-58.62285093,133.15227949973,376.883550566448
4182444,2011-12-23 18:43:29,-1.352874651,-58.63265116,137.346865988026,374.893805858825
4182444,2011-12-23 19:13:29,-1.34397809,-58.63280572,137.853009675108,374.771128224679
4182444,2011-12-23 19:43:29,-1.33570175,-58.62518817,138.500842920026,375.509565187158
4182444,2011-12-23 20:13:29,-1.356384668,-58.61383945,137.574078133076,377.00215108663
4182444,2011-12-23 20:43:29,-1.463156014,-58.5998819,131.768424637824,379.799093816137
4182444,2011-12-23 21:13:29,-1.588249705,-58.59175502,124.774377729057,382.159953705471
4182444,2011-12-23 21:43:29,-1.572473518,-58.5371086,126.903202878331,387.98193656333
4182444,2011-12-23 22:13:29,-1.559201003,-58.52411926,127.957052783903,389.254199643061
4182444,2011-12-23 22:43:29,-1.554204081,-58.53971611,127.894772132079,387.481359764644
4182444,2011-12-23 23:13:29,-1.535778535,-58.53712238,129.011859733251,387.550328851799
4182444,2011-12-23 23:43:29,-1.515728165,-58.53075489,130.307279698102,388.014626105832
4182444,2011-12-24 00:13:29,-1.508287641,-58.51605751,131.06547989139,389.542400307001
4182444,2011-12-24 00:43:29,-1.499887152,-58.5007531,131.892874700591,391.1255036011
4182444,2011-12-24 01:13:29,-1.488216319,-58.50588261,132.448758331902,390.424273428666
4182444,2011-12-24 01:43:29,-1.475587529,-58.51190998,133.039269782209,389.612981164136
4182444,2011-12-24 02:13:29,-1.459438905,-58.51112492,133.985620769709,389.508656569682
4182444,2011-12-24 02:43:29,-1.443715786,-58.51074065,134.898459762504,389.36508541507
4182444,2011-12-24 03:13:29,-1.424427621,-58.51045782,136.013997107262,389.167938838489
4182444,2011-12-24 03:43:29,-1.392401789,-58.52151755,137.60465292321,387.573060706507
4182444,2011-12-24 04:13:29,-1.379001947,-58.51707882,138.475658262741,387.90166839938
4182444,2011-12-24 04:43:29,-1.367922711,-58.51295281,139.206315350359,388.223328974284
4182444,2011-12-24 05:13:29,-1.360786694,-58.51190702,139.640353501477,388.253358624207
4182444,2011-12-24 05:43:29,-1.358935493,-58.52446596,139.461200742327,386.851491400754
4182444,2011-12-24 06:13:29,-1.352247871,-58.56831856,138.847587048666,381.954025576743
4182444,2011-12-24 06:43:29,-1.350834622,-58.64668064,137.144135688608,373.328325767743
4182444,2011-12-24 07:13:29,-1.359525494,-58.7264062,134.830580562358,364.673160180434
4182444,2011-12-24 07:43:29,-1.352648733,-58.76244383,134.401753905239,360.632916001443
4182444,2011-12-24 08:13:29,-1.358561119,-58.80185651,133.165739667414,356.373532371274
4182444,2011-12-24 08:43:29,-1.356376451,-58.80839909,133.141046425854,355.629000679076
4182444,2011-12-24 09:13:29,-1.369952898,-58.84097958,131.624776362797,352.210700136692
4182444,2011-12-24 09:43:29,-1.385216902,-58.86201927,130.276573074737,350.079755978001
4182444,2011-12-24 10:13:29,-1.386520841,-58.86935828,130.035254768021,349.288961467986
4182444,2011-12-24 10:43:29,-1.378795357,-58.87325118,130.386072933616,348.770200987472
4182444,2011-12-24 11:13:29,-1.410106847,-58.91224095,127.718333678281,344.856170229002
4182444,2011-12-24 11:43:29,-1.423950711,-58.93466609,126.422157841234,342.555495028161
4182444,2011-12-24 12:13:29,-1.410925774,-58.93660268,127.117740976007,342.189691502781
4182444,2011-12-24 12:43:29,-1.390442381,-58.9363632,128.286255552282,341.974979162665
4182444,2011-12-24 13:13:29,-1.369436219,-58.94163943,129.358570441988,341.147895228142
4182444,2011-12-24 13:43:29,-1.357055085,-58.94348733,130.019215945344,340.798856863094
4182444,2011-12-24 14:13:29,-1.352854837,-58.94303324,130.268010906116,340.799148004231
4182444,2011-12-24 14:43:29,-1.344560722,-58.94401529,130.716365565992,340.593329639082
4182444,2011-12-24 15:13:29,-1.306079616,-58.94041663,132.983018662279,340.533289666631
4182444,2011-12-24 15:43:29,-1.254542729,-58.93245003,136.091563253108,340.796333112552
4182444,2011-12-24 16:13:29,-1.22960363,-58.92992928,137.565434862937,340.776200735304
4182444,2011-12-24 16:43:29,-1.222554539,-58.92804462,138.009085978067,340.899116830932
4182444,2011-12-24 17:13:29,-1.204410224,-58.92656398,139.073384750484,340.845192391515
4182444,2011-12-24 17:43:29,-1.175126453,-58.91838139,140.925258666285,341.393565391185
4182444,2011-12-24 18:13:29,-1.153783887,-58.91223841,142.279532825728,341.812382455043
4182444,2011-12-24 18:43:29,-1.120629839,-58.90795636,144.261846726195,341.884547891821
4182444,2011-12-24 19:13:29,-1.111128956,-58.86108229,145.890858933545,346.916328838128
4182444,2011-12-24 19:43:29,-1.114179771,-58.84430809,146.106989813995,348.794635441961
4182444,2011-12-24 20:13:29,-1.146194402,-58.80783196,145.130306540539,353.18454215516
4182444,2011-12-24 20:43:29,-1.273567949,-58.75726307,139.033314013185,360.262234501789
4182444,2011-12-24 21:13:29,-1.332725134,-58.70870876,136.765681488868,366.299282225787
4182444,2011-12-24 21:43:29,-1.32698832,-58.666642,138.054039381921,370.852108794807
4182444,2011-12-24 22:13:29,-1.312201171,-58.65664886,139.12861868954,371.773884682425
4182444,2011-12-24 22:43:29,-1.312822162,-58.66718936,138.85222268733,370.623430188199
4182444,2011-12-24 23:13:29,-1.301421256,-58.67696892,139.280966391574,369.413424262577
4182444,2011-12-24 23:43:29,-1.282494679,-58.66727252,140.585771113354,370.252861939323
4182444,2011-12-25 00:13:29,-1.262234086,-58.64742789,142.200215883029,372.190618198932
4182444,2011-12-25 00:43:29,-1.130509855,-58.59972052,150.84516812217,375.847165201203
4182444,2011-12-25 01:13:29,-0.980643866,-58.56330247,160.285742302596,378.024805131481
4182444,2011-12-25 01:43:29,-0.931141635,-58.5615896,163.165324552124,377.606802237776
4182444,2011-12-25 02:13:29,-0.912986505,-58.56551409,164.114421845149,376.95322150039
4182444,2011-12-25 02:43:29,-0.891670455,-58.56842188,165.268417256697,376.372109293379
4182444,2011-12-25 03:13:29,-0.872161553,-58.57060228,166.335680681815,375.89271537426
4182444,2011-12-25 03:43:29,-0.85398464,-58.57193301,167.346445645493,375.522681658235
4182444,2011-12-25 04:13:29,-0.835087527,-58.57200782,168.428060394039,375.281308183564
4182444,2011-12-25 04:43:29,-0.809097123,-58.56410199,170.105231884407,375.827697764102
4182444,2011-12-25 05:13:29,-0.778520261,-58.574095,171.621297929759,374.35243498852
4182444,2011-12-25 05:43:29,-0.758817546,-58.58699791,172.443955218452,372.692218880239
4182444,2011-12-25 06:13:29,-0.745634062,-58.58603577,173.222178445146,372.634096018796
4182444,2011-12-25 06:43:29,-0.697341682,-58.69744693,173.327905372181,359.810494534073
4182444,2011-12-25 07:13:29,-0.621913045,-58.82889534,174.474440206728,344.452615685817
4182444,2011-12-25 07:43:29,-0.590051625,-58.85480246,175.661593158291,341.213648205819
4182444,2011-12-25 08:13:29,-0.579022102,-58.89402742,175.341420372686,336.774415594591
4182444,2011-12-25 08:43:29,-0.554641082,-58.99825924,174.202914368143,325.040854491927
4182444,2011-12-25 09:13:29,-0.536485553,-59.02842553,174.498656915226,321.506604986882
4182444,2011-12-25 09:43:29,-0.561022741,-59.04476175,172.716309122388,320.021968727432
4182444,2011-12-25 10:13:29,-0.581579524,-59.05053721,171.415292948066,319.644987227043
4182444,2011-12-25 10:43:29,-0.582133331,-59.04565264,171.502093416097,320.18744831697
4182444,2011-12-25 11:13:29,-0.572834854,-59.0435461,172.078376646173,320.302550449185
4182444,2011-12-25 11:43:29,-0.564793581,-59.04474344,172.503716299707,320.071011354972
4182444,2011-12-25 12:13:29,-0.579801831,-59.06729173,171.110563863381,317.785838727547
4182444,2011-12-25 12:43:29,-0.608014212,-59.11330756,168.406795216002,313.091352553076
4182444,2011-12-25 13:13:29,-0.618518868,-59.15109201,166.902640492168,309.078858012951
4182444,2011-12-25 13:43:29,-0.622066949,-59.20754085,165.340261413033,302.93368468144
4182444,2011-12-25 14:13:29,-0.674081315,-59.34094305,159.204330672052,288.949488942844
4182444,2011-12-25 14:43:29,-0.738345918,-59.5145662,151.438343619638,270.700852516035
4182444,2011-12-25 15:13:29,-0.794213041,-59.68789958,144.175371309219,252.375802408975
4182444,2011-12-25 15:43:29,-0.873823913,-59.85461526,135.786802608867,235.056640393856
4182444,2011-12-25 16:13:29,-0.947322966,-59.99813457,128.323354843578,220.198549161892
4182444,2011-12-25 16:43:29,-1.005724736,-60.12850065,122.028004782495,206.596242876961
4182444,2011-12-25 17:13:29,-1.079548428,-60.28134818,114.38350385335,190.704166576226
4182444,2011-12-25 17:43:29,-1.098426438,-60.38856752,110.826708279634,179.167318332593
4182444,2011-12-25 18:13:29,-0.989409309,-60.34337831,117.817197185906,182.843321340078
4182444,2011-12-25 18:43:29,-0.818976698,-60.21323522,130.206182563895,195.086089966348
4182444,2011-12-25 19:13:29,-0.696166677,-60.19895346,137.249281249789,195.175663428722
4182444,2011-12-25 19:43:29,-0.788489779,-60.3328866,128.98499098914,181.608567548802
4182444,2011-12-25 20:13:29,-0.67762905,-60.26999465,136.535331113652,187.168248915064
4182444,2011-12-25 20:43:29,-0.603655396,-60.20871277,142.056755943255,192.986417530859
4182444,2011-12-25 21:13:29,-0.473187587,-60.07389541,152.486593007057,206.159669823198
4182444,2011-12-25 21:43:29,-0.258175123,-59.88785106,168.892012160509,223.864684946479
4182444,2011-12-25 22:13:29,-0.001904104,-59.69833009,187.789916858994,241.36561984574
4182444,2011-12-25 22:43:29,0.256329788,-59.5313632,206.365554292847,256.294987121865
4182444,2011-12-25 23:13:29,0.492925031,-59.3790701,223.482124743244,269.830268464769
4182444,2011-12-25 23:43:29,0.660393626,-59.26647488,235.790261516932,279.89568570811
4182444,2011-12-26 00:13:29,0.889019588,-59.16422583,251.311592910896,287.960337526641
4182444,2011-12-26 00:43:29,1.226378262,-59.0852115,272.383749039361,291.910194619427
4182444,2011-12-26 01:13:29,1.564246262,-59.03934637,292.635328508395,292.122895664386
4182444,2011-12-26 01:43:29,1.847234441,-58.99111725,309.902472074537,293.287033198717
4182444,2011-12-26 02:13:29,2.152405314,-58.93739924,328.610399320519,294.640990426386
4182444,2011-12-26 02:43:29,2.498548377,-58.90955124,348.907784249407,292.465959644693
4182444,2011-12-26 03:13:29,2.706409618,-58.92544501,360.133380433392,287.55892849414
4182444,2011-12-26 03:43:29,3.025126737,-58.994428,375.958744285244,275.117549811385
4182444,2011-12-26 04:13:29,3.320417628,-59.05301048,390.702299365783,264.10208647306
4182444,2011-12-26 04:43:29,3.588655993,-59.10583775,404.04267083084,254.081274416872
4182444,2011-12-26 05:13:29,3.726808632,-59.14532761,410.502047202152,247.567855560653
4182444,2011-12-26 05:43:29,3.882022407,-59.19649727,417.515886015921,239.497566696674
4182444,2011-12-26 06:13:29,4.037700532,-59.25100113,424.416279925606,231.043147686476
4182444,2011-12-26 06:43:29,4.262891866,-59.33721016,434.097682233108,217.989875428992
4182444,2011-12-26 07:13:29,4.41877435,-59.39444036,440.834043068037,209.201008880141
4182444,2011-12-26 07:43:29,4.513517831,-59.42308959,445.113072151084,204.515188343568
4182444,2011-12-26 08:13:29,4.582633235,-59.4477265,448.103848137881,200.689372739436
4182444,2011-12-26 08:43:29,4.636124161,-59.47099037,450.274448113319,197.273103264382
4182444,2011-12-26 09:13:29,4.644632908,-59.47745399,450.527477933749,196.431050366886
4182444,2011-12-26 09:43:29,4.847076649,-59.55388385,459.083659033859,184.741042024214
4182444,2011-12-26 10:13:29,4.936077096,-59.581774,463.01819125971,180.21048262612
4182444,2011-12-26 10:43:29,4.99666702,-59.59686483,465.822824883805,177.543639012304
4182444,2011-12-26 11:13:29,5.238321575,-59.65287242,477.11324620538,167.333008158759
4182444,2011-12-26 11:43:29,5.348406226,-59.67964409,482.193744016229,162.532712985781
4182444,2011-12-26 12:13:29,5.359193523,-59.68174126,482.709065079675,162.118572799501
4182444,2011-12-26 12:43:29,5.447383892,-59.69522571,487.04511977234,159.123912342604
4182444,2011-12-26 13:13:29,5.546440363,-59.7097724,491.929575147922,155.817796142948
4182444,2011-12-26 13:43:29,5.555059718,-59.70884777,492.430619883113,155.765562977444
4182444,2011-12-26 14:13:29,5.561253247,-59.70824111,492.788645548102,155.721770673099
4182444,2011-12-26 14:43:29,5.664631104,-59.74479412,497.129225580441,149.962497063894
4182444,2011-12-26 15:13:29,5.856759749,-59.80779888,505.329530106496,139.772454088651
4182444,2011-12-26 15:43:29,6.177489336,-59.88498072,519.91417791276,125.718729281878
4182444,2011-12-26 16:13:29,6.418841601,-59.92572601,531.449381249694,116.957331021262
4182444,2011-12-26 16:43:29,6.459942788,-59.94778296,532.857465824078,113.839655589448
4182444,2011-12-26 17:13:29,6.615673226,-60.01413977,538.792995793348,103.866229998949
4182444,2011-12-26 17:43:29,6.9795444,-60.11395694,554.565779074431,86.4267147904329
4182444,2011-12-26 18:13:29,7.244237182,-60.26249136,563.060559304803,65.5756645026177
4182444,2011-12-26 18:43:29,7.399811748,-60.42692242,565.028862830925,45.0759851492176
4182444,2011-12-26 19:13:29,7.414127881,-60.44934981,564.925408695934,42.4111652719203
4182444,2011-12-26 19:43:29,7.411367287,-60.44976931,564.76378097612,42.418616763759
4182444,2011-12-26 20:13:29,7.411702871,-60.44955772,564.789578851066,42.4348529762192
4182444,2011-12-26 20:43:29,7.416509094,-60.45326677,564.900926234716,41.9480285196696
4182444,2011-12-26 21:13:29,7.443020329,-60.50244235,564.412220012867,36.1981726620133
4182444,2011-12-26 21:43:29,7.539386764,-60.6918906,562.177397398563,14.1662782398871
4182444,2011-12-26 22:13:29,7.654264615,-60.87762399,560.971866933669,-7.80376439830434
4182444,2011-12-26 22:43:29,7.819507791,-61.03454694,563.405417917381,-27.6473175668962
4182444,2011-12-26 23:13:29,8.044556477,-61.17571802,569.42741482057,-46.952407855938
4182444,2011-12-26 23:43:29,8.315926987,-61.32210174,577.47541559037,-67.7117157982075
4182444,2011-12-27 00:13:29,8.535259084,-61.46345419,582.927510715452,-86.9459102400997
4182444,2011-12-27 00:43:29,8.731720339,-61.6024753,587.196675857517,-105.492496919382
4182444,2011-12-27 01:13:29,8.948204241,-61.75367087,591.855758562137,-125.719072887851
4182444,2011-12-27 01:43:29,9.173812623,-61.90912797,596.658638157726,-146.575743391893
4182444,2011-12-27 02:13:29,9.292473763,-62.03141338,597.424281639814,-161.819427611552
4182444,2011-12-27 02:43:29,9.371498044,-62.12801763,597.261528946094,-173.565801245775
4182444,2011-12-27 03:13:29,9.417725083,-62.19315364,596.787041729975,-181.343462620909
4182444,2011-12-27 03:43:29,9.437215115,-62.22489679,596.401997980014,-185.072850310179
4182444,2011-12-27 04:13:29,9.452993308,-62.27645807,594.991977300765,-190.815567725311
4182444,2011-12-27 04:43:29,9.491837936,-62.31689514,595.180373310888,-195.841220079974
4182444,2011-12-27 05:13:29,9.519233532,-62.32416712,596.2130436797,-197.148477779001
4182444,2011-12-27 05:43:29,9.525858752,-62.32421912,596.535242186422,-197.285023354439
4182444,2011-12-27 06:13:29,9.533835391,-62.35686787,595.536379139792,-200.879502521861
4182444,2011-12-27 06:43:29,9.532184308,-62.43519273,592.121348633688,-209.090326476254
4182444,2011-12-27 07:13:29,9.534516721,-62.51996928,588.623853204454,-218.056984592202
4182444,2011-12-27 07:43:29,9.535256503,-62.63957927,583.561150180998,-230.654385269948
4182444,2011-12-27 08:13:29,9.545068406,-62.74955488,579.342693562214,-242.412532639818
4182444,2011-12-27 08:43:29,9.558940333,-62.91593332,572.900450853068,-260.174227101387
4182444,2011-12-27 09:13:29,9.572463443,-63.1391407,563.991099569771,-283.889438853097
4182444,2011-12-27 09:43:29,9.577683699,-63.258496,559.121848642475,-296.525361352984
4182444,2011-12-27 10:13:29,9.586891858,-63.43619284,551.928662558139,-315.357616834631
4182444,2011-12-27 10:43:29,9.598736813,-63.67875898,542.052598979386,-341.035403307485
4182444,2011-12-27 11:13:29,9.609082149,-63.93490529,531.495628834764,-368.090637118048
4182444,2011-12-27 11:43:29,9.612273435,-64.15500528,522.142246351191,-391.215924999557
4182444,2011-12-27 12:13:29,9.599716622,-64.28161459,516.099930317336,-404.242449063831
4182444,2011-12-27 12:43:29,9.583968098,-64.42468286,509.203150628829,-418.930921088963
4182444,2011-12-27 13:13:29,9.546029768,-64.67957536,496.479126079596,-444.911906064581
4182444,2011-12-27 13:43:29,9.497417835,-64.89109937,485.17127086848,-466.155527366417
4182444,2011-12-27 14:13:29,9.401519428,-65.08050374,472.754441528349,-484.227897874821
4182444,2011-12-27 14:43:29,9.433483638,-65.10824199,472.96948792786,-487.711590381039
4182444,2011-12-27 15:13:29,9.477493843,-65.10041409,475.248137749051,-487.693212622404
4182444,2011-12-27 15:43:29,9.522041591,-65.08405317,477.920503590205,-486.793960449393
4182444,2011-12-27 16:13:29,9.443339407,-65.13170993,472.391519120263,-490.34625512937
4182444,2011-12-27 16:43:29,9.356463074,-65.18185197,466.407192571165,-494.019312352607
4182444,2011-12-27 17:13:29,9.344750122,-65.19414066,465.36367962962,-495.093966821497
4182444,2011-12-27 17:43:29,9.29535568,-65.23462424,461.454515522409,-498.441369219975
4182444,2011-12-27 18:13:29,9.384360348,-65.23449518,465.367095548145,-500.03274079241
4182444,2011-12-27 18:43:29,9.475099795,-65.21128238,470.351762521141,-499.24709267248
4182444,2011-12-27 19:13:29,9.620410577,-65.16207159,478.868501276417,-496.748316296756
4182444,2011-12-27 19:43:29,9.862944905,-65.06361686,493.842620498996,-490.926261051016
4182444,2011-12-27 20:13:29,9.949114037,-65.03542122,498.880254020366,-489.58244145337
4182444,2011-12-27 20:43:29,9.769925567,-65.1185786,487.339638401919,-494.947583454401
4182444,2011-12-27 21:13:29,9.7122093,-65.14083813,483.828944353286,-496.21137864558
4182444,2011-12-27 21:43:29,9.71675389,-65.13651973,484.217194330225,-495.843692883993
4182444,2011-12-27 22:13:29,9.723426184,-65.13485305,484.583358195913,-495.792150562607
4182444,2011-12-27 22:43:29,9.725491167,-65.13296308,484.756663847455,-495.632657019564
4182444,2011-12-27 23:13:29,9.640102262,-65.1715447,479.321895999822,-498.098451153456
4182444,2011-12-27 23:43:29,9.529490503,-65.22604184,472.099998163736,-501.778339086
4182444,2011-12-28 00:13:29,9.499271988,-65.2532222,469.598090139863,-504.071726403189
4182444,2011-12-28 00:43:29,9.63155192,-65.24306406,475.83513638182,-505.416054230527
4182444,2011-12-28 01:13:29,9.901261361,-65.18724093,490.09724826361,-504.538199468224
4182444,2011-12-28 01:43:29,9.956310377,-65.1830594,492.694607949643,-505.120091282009
4182444,2011-12-28 02:13:29,9.963526634,-65.18230884,493.044015868122,-505.175442127475
4182444,2011-12-28 02:43:29,9.966403201,-65.18130963,493.214158485042,-505.124498877403
4182444,2011-12-28 03:13:29,9.95808165,-65.1763004,493.070106874725,-504.447815293843
4182444,2011-12-28 03:43:29,9.977574448,-65.18333015,493.614740433441,-505.54224879423
4182444,2011-12-28 04:13:29,9.979923181,-65.18483494,493.651312756225,-505.742732709256
4182444,2011-12-28 04:43:29,9.981458771,-65.18715047,493.616473415478,-506.012706096932
4182444,2011-12-28 05:13:29,9.98307679,-65.19000704,493.561363887137,-506.340633483996
4182444,2011-12-28 05:43:29,9.985935141,-65.19269346,493.568083094582,-506.6737959991
4182444,2011-12-28 06:13:29,9.992645678,-65.17349265,494.709397569548,-504.795627847943
4182444,2011-12-28 06:43:29,9.994581614,-65.20136179,493.564300427136,-507.738098010497
4182444,2011-12-28 07:13:29,10.00093225,-65.2050678,493.678798910245,-508.24230206953
4182444,2011-12-28 07:43:29,10.00883826,-65.20842201,493.876828767085,-508.738655849194
4182444,2011-12-28 08:13:29,9.972030402,-65.20135195,492.577059911045,-507.319282884127
4182444,2011-12-28 08:43:29,9.954289139,-65.199907,491.86363074681,-506.840140035497
4182444,2011-12-28 09:13:29,9.916061544,-65.20144098,490.121327545952,-506.293303843378
4182444,2011-12-28 09:43:29,9.905901302,-65.20115713,489.688642087563,-506.075998851757
4182444,2011-12-28 10:13:29,9.914909062,-65.19834988,490.206831833822,-505.949493220211
4182444,2011-12-28 10:43:29,9.923086837,-65.19715915,490.617572980616,-505.976389998381
4182444,2011-12-28 11:13:29,9.93509517,-65.19502337,491.23779423223,-505.975589839395
4182444,2011-12-28 11:43:29,9.945511129,-65.19246234,491.807020855384,-505.901097977995
4182444,2011-12-28 12:13:29,9.951092639,-65.1893803,492.187399663332,-505.682874950726
4182444,2011-12-28 12:43:29,9.954160534,-65.18606276,492.468032729711,-505.393587869799
4182444,2011-12-28 13:13:29,9.951728575,-65.18313325,492.490504247935,-505.04296113382
4182444,2011-12-28 13:43:29,9.886221403,-65.20774671,488.536691089875,-506.400315509925
4182444,2011-12-28 14:13:29,9.788630137,-65.25720544,482.094595534945,-509.766913041777
4182444,2011-12-28 14:43:29,9.655882007,-65.34548966,472.438831395307,-516.560289624396
4182444,2011-12-28 15:13:29,9.609421385,-65.37075264,469.312831903118,-518.355004415183
4182444,2011-12-28 15:43:29,9.596667393,-65.36952111,468.810394416815,-517.994895787266
4182444,2011-12-28 16:13:29,9.592007543,-65.3711567,468.536136344058,-518.081264250065
4182444,2011-12-28 16:43:29,9.590669538,-65.37357786,468.372559005351,-518.309979011289
4182444,2011-12-28 17:13:29,9.572520226,-65.39221492,466.771772733129,-519.928462528555
4182444,2011-12-28 17:43:29,9.579112069,-65.41569025,466.03875390836,-522.500739786816
4182444,2011-12-28 18:13:29,9.525997828,-65.4679209,461.461488708564,-526.998925908058
4182444,2011-12-28 18:43:29,9.460789974,-65.51237337,456.704823173688,-530.471564802057
4182444,2011-12-28 19:13:29,9.460815753,-65.51979889,456.38458846742,-531.248224987979
4182444,2011-12-28 19:43:29,9.463806107,-65.52555135,456.265276764588,-531.903209243056
4182444,2011-12-28 20:13:29,9.455039545,-65.53602855,455.431847087733,-532.841044376816
4182444,2011-12-28 20:43:29,9.261342485,-65.61081911,443.821365062736,-537.205420182782
4182444,2011-12-28 21:13:29,9.265071371,-65.61338443,443.872454122371,-537.540026280401
4182444,2011-12-28 21:43:29,9.275648307,-65.61693229,444.177399373145,-538.099043382927
4182444,2011-12-28 22:13:29,9.279480314,-65.61863666,444.269831314851,-538.345414724517
4182444,2011-12-28 22:43:29,9.283190918,-65.62172187,444.297625347359,-538.734082847363
4182444,2011-12-28 23:13:29,9.28270722,-65.62241287,444.247010036559,-538.797776366666
4182444,2011-12-28 23:43:29,9.2831381,-65.62338394,444.223889309669,-538.907014984889
4182444,2011-12-29 00:13:29,9.264189202,-65.65727482,441.948770720644,-542.116129397863
4182444,2011-12-29 00:43:29,9.251393941,-65.66782271,440.943400907202,-542.992847840624
4182444,2011-12-29 01:13:29,9.224355575,-65.67677441,439.392450153983,-543.45078266847
4182444,2011-12-29 01:43:29,9.061581713,-65.73064416,430.070335307176,-546.222254096215
4182444,2011-12-29 02:13:29,9.061883627,-65.73112511,430.062843274942,-546.277912698994
4182444,2011-12-29 02:43:29,9.061745329,-65.73180408,430.027941751151,-546.346585414395
4182444,2011-12-29 03:13:29,9.060260593,-65.73267233,429.926958731622,-546.411463568425
4182444,2011-12-29 03:43:29,9.060549334,-65.73297068,429.926682390055,-546.447769577572
4182444,2011-12-29 04:13:29,9.051457516,-65.74987726,428.814531805154,-548.058783771586
4182444,2011-12-29 04:43:29,9.048743508,-65.76133726,428.209360281872,-549.21129374906
4182444,2011-12-29 05:13:29,9.051622346,-65.76437949,428.203611174152,-549.580279896012
4182444,2011-12-29 05:43:29,9.054335395,-65.76715994,428.201851336718,-549.918944796187
4182444,2011-12-29 06:13:29,9.057481428,-65.77028184,428.204133320334,-550.300941099389
4182444,2011-12-29 06:43:29,8.882114824,-65.86936829,416.461513286365,-557.624837804135
4182444,2011-12-29 07:13:29,8.83898981,-65.89393245,413.573401634249,-559.452731517731
4182444,2011-12-29 07:43:29,8.837379761,-65.89772262,413.344186802029,-559.822146788199
4182444,2011-12-29 08:13:29,8.837828788,-65.90112152,413.21974462197,-560.186139086889
4182444,2011-12-29 08:43:29,8.8380278,-65.90436434,413.091182722924,-560.52944913888
4182444,2011-12-29 09:13:29,8.688219132,-65.97438658,403.728981696037,-565.293387311651
4182444,2011-12-29 09:43:29,8.451231747,-66.08313576,389.065224053457,-572.672772992392
4182444,2011-12-29 10:13:29,8.409494648,-66.09679358,386.718875690048,-573.402364610243
4182444,2011-12-29 10:43:29,8.327458805,-66.20914616,378.56842649019,-583.823866392338
4182444,2011-12-29 11:13:29,8.25922152,-66.24862758,374.041611167982,-586.831670219235
4182444,2011-12-29 11:43:29,8.20682868,-66.26637128,371.089903615286,-587.824162610463
4182444,2011-12-29 12:13:29,8.078489179,-66.33280114,362.928058649088,-592.682660564459
4182444,2011-12-29 12:43:29,8.057458632,-66.34365069,361.594501095248,-593.47696001959
4182444,2011-12-29 13:13:29,8.014367525,-66.35393909,359.352980240141,-593.850082249204
4182444,2011-12-29 13:43:29,8.016302536,-66.35648564,359.330465224914,-594.149732993757
4182444,2011-12-29 14:13:29,7.99692766,-66.37047599,357.940052502478,-595.303123658541
4182444,2011-12-29 14:43:29,7.955859455,-66.39564148,355.178905485098,-597.277371702798
4182444,2011-12-29 15:13:29,7.929871392,-66.41813374,353.16534769307,-599.218851576592
4182444,2011-12-29 15:43:29,7.93452413,-66.42812123,352.953878453032,-600.345699325868
4182444,2011-12-29 16:13:29,7.939844518,-66.4304029,353.084844551082,-600.672674549005
4182444,2011-12-29 16:43:29,7.948647581,-66.43491542,353.271324339019,-601.291262307225
4182444,2011-12-29 17:13:29,7.955495482,-66.43939074,353.376858266402,-601.873986476566
4182444,2011-12-29 17:43:29,7.954681426,-66.44120954,353.268304231175,-602.052018524738
4182444,2011-12-29 18:13:29,7.94299127,-66.44928825,352.446418414866,-602.710942982578
4182444,2011-12-29 18:43:29,7.930053262,-66.45521933,351.659955359876,-603.123744566696
4182444,2011-12-29 19:13:29,7.908846522,-66.46148837,350.512103658185,-603.437509920003
4182444,2011-12-29 19:43:29,7.885316707,-66.4688617,349.221926733286,-603.830124101552
4182444,2011-12-29 20:13:29,7.866847405,-66.48099473,347.951318223338,-604.806507863389
4182444,2011-12-29 20:43:29,7.844848046,-66.49657612,346.392823674124,-606.088978728484
4182444,2011-12-29 21:13:29,7.817452935,-66.51003628,344.694929068051,-607.061389497505
4182444,2011-12-29 21:43:29,7.674099788,-66.59820633,335.111824350104,-614.032652259577
4182444,2011-12-29 22:13:29,7.641674348,-66.63739662,332.173212658605,-617.64068472775
4182444,2011-12-29 22:43:29,7.608874079,-66.74626036,326.415360889084,-628.584039876408
4182444,2011-12-29 23:13:29,7.601809061,-66.75049935,325.950445298903,-628.918047087811
4182444,2011-12-29 23:43:29,7.600470123,-66.77073759,325.079283446607,-631.028546709429
4182444,2011-12-30 00:13:29,7.600449351,-66.77045087,325.089972603544,-630.998014826263
4182444,2011-12-30 00:43:29,7.597259786,-66.77010686,324.971180009094,-630.911038436179
4182444,2011-12-30 01:13:29,7.595492781,-66.77108746,324.858185804307,-630.986224986556
4182444,2011-12-30 01:43:29,7.601977655,-66.77369162,325.022941110574,-631.363687812267
4182444,2011-12-30 02:13:29,7.600867336,-66.77675418,324.853362947619,-631.668613745871
4182444,2011-12-30 02:43:29,7.589122454,-66.81228886,322.933711429819,-635.224930277615
4182444,2011-12-30 03:13:29,7.584931388,-66.84492655,321.445072408535,-638.596182920724
4182444,2011-12-30 03:43:29,7.536716504,-66.91399947,316.668651032765,-645.10924732518
4182444,2011-12-30 04:13:29,7.525039026,-66.94385259,314.985790071199,-648.069896108745
4182444,2011-12-30 04:43:29,7.533762661,-66.95733324,314.803906708578,-649.627427847187
4182444,2011-12-30 05:13:29,7.540316785,-66.96823627,314.635767206256,-650.879161707884
4182444,2011-12-30 05:43:29,7.537493949,-66.98955985,313.661470468746,-653.080707220916
4182444,2011-12-30 06:13:29,7.530090025,-67.08646174,309.457918584682,-663.170223922105
4182444,2011-12-30 06:43:29,7.565302,-67.1841564,306.964543172224,-674.008767880689
4182444,2011-12-30 07:13:29,7.648625287,-67.28685628,306.210980552744,-686.121515646893
4182444,2011-12-30 07:43:29,7.762102713,-67.40133917,306.163473875673,-699.938289328504
4182444,2011-12-30 08:13:29,7.827057213,-67.50358012,304.613102269724,-711.70047006617
4182444,2011-12-30 08:43:29,7.916050444,-67.67483277,301.165717013673,-731.077594538609
4182444,2011-12-30 09:13:29,7.952671308,-67.86685201,294.727320249923,-751.801353600534
4182444,2011-12-30 09:43:29,7.920524813,-68.00574809,287.743524730143,-765.877577961433
4182444,2011-12-30 10:13:29,7.930866046,-68.08307633,284.967150832921,-774.149425890085
4182444,2011-12-30 10:43:29,7.952859256,-68.2772215,277.824102928468,-794.847895378029
4182444,2011-12-30 11:13:29,8.004020608,-68.45995601,272.252647975988,-814.782146559882
4182444,2011-12-30 11:43:29,7.964350274,-68.57002942,266.176184189272,-825.715299668605
4182444,2011-12-30 12:13:29,7.961859779,-68.57283001,265.964991167859,-825.971138379349
4182444,2011-12-30 12:43:29,7.95336809,-68.57683336,265.474198231513,-826.262370790402
4182444,2011-12-30 13:13:29,7.944735771,-68.57748057,265.116737286958,-826.199833705573
4182444,2011-12-30 13:43:29,7.935763352,-68.57834694,264.737201049963,-826.155188082019
4182444,2011-12-30 14:13:29,7.925929625,-68.57935263,264.318925179659,-826.112212674428
4182444,2011-12-30 14:43:29,7.912306812,-68.58222837,263.678355599549,-826.208202533221
4182444,2011-12-30 15:13:29,7.896776868,-68.58724992,262.876373342178,-826.500572962919
4182444,2011-12-30 15:43:29,7.87843874,-68.59631158,261.800649495609,-827.17449068769
4182444,2011-12-30 16:13:29,7.810096094,-68.65772353,256.660612903058,-832.588294926462
4182444,2011-12-30 16:43:29,7.734435739,-68.72018607,251.21178507579,-838.010736784727
4182444,2011-12-30 17:13:29,7.581288422,-68.85240579,239.992066410246,-849.620249362992
4182444,2011-12-30 17:43:29,7.330621879,-69.01731377,223.840735834559,-863.287363035078
4182444,2011-12-30 18:13:29,7.092841627,-69.16186704,209.112204383842,-875.079847987723
4182444,2011-12-30 18:43:29,7.032726245,-69.19685101,205.467559078495,-877.908320837094
4182444,2011-12-30 19:13:29,6.858265518,-69.2656603,196.220127905514,-882.69662101511
4182444,2011-12-30 19:43:29,6.810044806,-69.25990556,194.647233123593,-881.415944886685
4182444,2011-12-30 20:13:29,6.794740788,-69.26253436,193.972194858222,-881.479126378908
4182444,2011-12-30 20:43:29,6.557541585,-69.37769127,180.620139527952,-890.332210113717
4182444,2011-12-30 21:13:29,6.370453102,-69.53097521,167.731182805495,-903.953380403585
4182444,2011-12-30 21:43:29,6.328474146,-69.67957379,160.438636614157,-919.07313040758
4182444,2011-12-30 22:13:29,6.348547537,-69.8548215,154.392094821774,-937.83782244626
