"mu","sd","scale","shape"
0.188939532019002,0.291495792145687,0.449719526298476,0.176507100812147
